{"type": "FeatureCollection", "features": [{"type": "Feature", "properties": {}, "geometry": {"type": "Polygon", "coordinates": [[[-72.2084318787386, 43.77324845643981], [-72.20843455967777, 43.77332349528958], [-72.20844895008055, 43.77341191905421], [-72.20845021784149, 43.77342534870424], [-72.20844966290649, 43.77343880372955], [-72.20844729061865, 43.77345215455089], [-72.20844312382323, 43.77346527259247], [-72.20843720264766, 43.77347803152013], [-72.20842958411511, 43.77349030845821], [-72.20842034159541, 43.7735019851727], [-72.20840956409846, 43.77351294921012], [-72.20839735541708, 43.77352309498037], [-72.20838383312734, 43.77353232477368], [-72.20836912745641, 43.773540549701686], [-72.20835338002821, 43.77354769055342], [-72.20833674249964, 43.77355367855813], [-72.20831937509993, 43.77355845604777], [-72.20830144508757, 43.77356197701217], [-72.20828312513942, 43.77356420754236], [-72.20826459168772, 43.773565126156896], [-72.20824602322102, 43.77356472400903], [-72.20822759856499, 43.77356300497165], [-72.20820949516029, 43.77355998560015], [-72.20819188735375, 43.77355569497294], [-72.2081749447191, 43.77355017441137], [-72.20815883042403, 43.77354347708178], [-72.20814369965858, 43.773535667483515], [-72.2081296981407, 43.77352682082766], [-72.20811696071283, 43.77351702231282], [-72.20810561004328, 43.773506366304446], [-72.20809575544487, 43.77349495542617], [-72.20808749182228, 43.77348289957138], [-72.20808089875793, 43.77347031484489], [-72.20807603974572, 43.773457322444784], [-72.20807296157956, 43.7734440474952], [-72.20805755677485, 43.773349386946464], [-72.20805631757469, 43.77333687235818], [-72.20805305337426, 43.77324549202684], [-72.20805436588533, 43.773225434578464], [-72.2080696461091, 43.773134101618396], [-72.20807278647833, 43.773120825915036], [-72.20809916463718, 43.773034896439036], [-72.2081027598525, 43.773024957059235], [-72.20810737175684, 43.77301524058035], [-72.20815602919333, 43.77292399285123], [-72.20815747753329, 43.77292135810678], [-72.20825473843178, 43.77274961182544], [-72.20826315221294, 43.77273670971353], [-72.20838261333768, 43.772575770271274], [-72.20839378965665, 43.772562560793126], [-72.20855034779673, 43.7723990282527], [-72.20855925854099, 43.7723904569703], [-72.20856906669776, 43.77238241669052], [-72.2087555755323, 43.77224107478716], [-72.20912021777298, 43.772347789088364], [-72.20911459341066, 43.772357180854925], [-72.20910556369907, 43.772368944605965], [-72.2090949862427, 43.77238001036328], [-72.20908296290784, 43.772390271557185], [-72.20907692814862, 43.77239450059537], [-72.20885295310555, 43.77256423610123], [-72.2087109597973, 43.77271255575937], [-72.20860124239826, 43.77286036943741], [-72.20850846843628, 43.77302419421485], [-72.20846563845315, 43.77310451456365], [-72.20844436662489, 43.77317381104384], [-72.2084318787386, 43.77324845643981]]]}}, {"type": "Feature", "properties": {}, "geometry": {"type": "Polygon", "coordinates": [[[-72.20982808241722, 43.78119541029441], [-72.20982531262298, 43.78119833459371], [-72.20969147528862, 43.781335793721524], [-72.20953385877999, 43.78150330549134], [-72.20943431552209, 43.7816106686604], [-72.20943019439402, 43.78161493619482], [-72.20927577947822, 43.78176854301671], [-72.20927444513231, 43.78176985394805], [-72.20917779683259, 43.78186363527385], [-72.20911198546493, 43.78194383369374], [-72.20899286866396, 43.78209857125065], [-72.20898991221266, 43.782102274807656], [-72.20885245340347, 43.78226843499436], [-72.20884226522581, 43.782279496521376], [-72.20883064649198, 43.78228979128372], [-72.20881770640672, 43.7822992225201], [-72.20861991844734, 43.782430036517034], [-72.20860707644633, 43.782437804883784], [-72.20859333803297, 43.782444721562456], [-72.20857881048221, 43.78245073254476], [-72.20856360723099, 43.78245579089445], [-72.20837662421825, 43.78251089234177], [-72.20835584203175, 43.78251602091641], [-72.20833438009159, 43.78251937191136], [-72.20818967589864, 43.7825356724428], [-72.20816866971542, 43.782537175931125], [-72.20814756308364, 43.78253697588611], [-72.20797175572314, 43.78252819136186], [-72.20795391657705, 43.78252668129603], [-72.20779826323366, 43.78250804676403], [-72.20756215683245, 43.78249272444138], [-72.20742566506833, 43.78249997971202], [-72.20732577357391, 43.78252038107893], [-72.20724942240781, 43.78255003004042], [-72.20720179751878, 43.78258673774472], [-72.20715863077201, 43.782661702591845], [-72.20712441542861, 43.78277516191475], [-72.20711871436673, 43.78279001031661], [-72.20704398011917, 43.78294937251222], [-72.20703762030199, 43.78296112772141], [-72.20694319200732, 43.783114486391916], [-72.20694255957623, 43.78311550239035], [-72.20685210312587, 43.783259258691025], [-72.20673102639692, 43.783485945397786], [-72.20672351226428, 43.783498198010804], [-72.2067143829298, 43.78350986060261], [-72.20670372561686, 43.78352082174553], [-72.20669164214763, 43.78353097671369], [-72.20667824797044, 43.783540228483545], [-72.20666367105665, 43.783548488660955], [-72.20664805067798, 43.783555678325726], [-72.20663153607599, 43.78356172878559], [-72.20659202993525, 43.78357448645679], [-72.2065744643883, 43.78357941556713], [-72.20655630970911, 43.78358305566986], [-72.20653774561316, 43.783585370731146], [-72.2065189558688, 43.78358633783387], [-72.20650012647823, 43.783585947404575], [-72.20647383756412, 43.7835844514985], [-72.20645540844383, 43.783582740296595], [-72.20643729957557, 43.78357972862664], [-72.20641968535875, 43.78357544549285], [-72.20640273542884, 43.78356993214441], [-72.20638661302378, 43.78356324167822], [-72.20637147341175, 43.7835554385275], [-72.20635746239589, 43.78354659784126], [-72.20634471491006, 43.78353680476059], [-72.2063333537195, 43.78352615359865], [-72.20632348823835, 43.78351474693236], [-72.20631521347605, 43.78350269461457], [-72.20630860912233, 43.783490112715995], [-72.20630373877982, 43.783477122407525], [-72.20630064935155, 43.78346384879313], [-72.2062993705892, 43.783450419705105], [-72.20629991480678, 43.78343696447299], [-72.20630227676193, 43.783423612677986], [-72.20630643370657, 43.78341049290506], [-72.20631234560592, 43.78339773150461], [-72.20631995552424, 43.78338545137563], [-72.206329190173, 43.783373770782134], [-72.20633996061689, 43.783362802214256], [-72.20635216313026, 43.78335265130488], [-72.20636568019604, 43.78334341581238], [-72.2063803816376, 43.78333518467917], [-72.20639612587235, 43.783328037175096], [-72.20641250139685, 43.7833221357888], [-72.20650096525179, 43.783156510364954], [-72.20650526334198, 43.78314911381962], [-72.20659769981333, 43.783002212152276], [-72.2066882617375, 43.782855134144455], [-72.20675676348169, 43.78270906390601], [-72.20679235518206, 43.782591042903114], [-72.2067967397426, 43.78257910843711], [-72.20680258814268, 43.782567508065235], [-72.2068655745632, 43.78245812477486], [-72.20687281661827, 43.78244698379276], [-72.20688140864095, 43.78243635829475], [-72.20689128137779, 43.78242633392367], [-72.20690235525275, 43.7824169914771], [-72.20699473758232, 43.78234578645527], [-72.20700953322337, 43.78233555155644], [-72.20702576665084, 43.782326532963815], [-72.20704324834209, 43.78231883596769], [-72.20716509521738, 43.78227152000621], [-72.20718371303019, 43.782265207547695], [-72.20720316567957, 43.78226039465845], [-72.20734135343653, 43.78223217185155], [-72.2073599446678, 43.78222909775558], [-72.20737886841634, 43.78222739421637], [-72.20754983254385, 43.782218306554775], [-72.207565209623, 43.78221794330068], [-72.2075805766389, 43.782218485846265], [-72.20783906475155, 43.78223526065528], [-72.20785304017068, 43.78223654886707], [-72.20800677739504, 43.78225495401264], [-72.20815245786498, 43.78226223319995], [-72.20825440184652, 43.782250749489116], [-72.20838961343364, 43.78221090443642], [-72.20854193449466, 43.782110161835064], [-72.2086636152581, 43.7819630750585], [-72.20878256878589, 43.78180855068924], [-72.20878518047182, 43.78180526557253], [-72.20885741191665, 43.78171724414956], [-72.20886844487805, 43.78170527665526], [-72.20897037117777, 43.78160637438993], [-72.20912200816151, 43.78145553172504], [-72.2092199082607, 43.78134994138384], [-72.2092206342952, 43.781349164074776], [-72.20937946988471, 43.781180357615], [-72.20938119735715, 43.78117855290825], [-72.20951449775777, 43.7810416459694], [-72.20965187073223, 43.78089251382138], [-72.20980918965903, 43.7807115575605], [-72.20981137003807, 43.78070910768546], [-72.21000194281324, 43.78049989407639], [-72.21015552319868, 43.78028999441409], [-72.2103195572998, 43.78001364576695], [-72.2103277259962, 43.780001555688955], [-72.21033749092702, 43.7799901039449], [-72.21034875805012, 43.779979400820885], [-72.2103614188566, 43.779969549393435], [-72.21037535141593, 43.77996064453678], [-72.21039042155006, 43.77995277200908], [-72.21040648412577, 43.779946007626684], [-72.21042338445227, 43.779940416533925], [-72.210440959771, 43.779936052575735], [-72.210459040823, 43.77993295777915], [-72.21047745347893, 43.779931161948575], [-72.21049602041606, 43.77993068237872], [-72.21051456282581, 43.77993152368808], [-72.2105329021359, 43.77993367777443], [-72.21055086172987, 43.77993712389291], [-72.21056826864807, 43.7799418288557], [-72.21058495525331, 43.77994774735175], [-72.21060076084518, 43.77995482238305], [-72.21061553320776, 43.77996298581358], [-72.21062913007542, 43.77997215902545], [-72.21064142050297, 43.779982253676074], [-72.21065228612673, 43.77999317254885], [-72.2106616223044, 43.780004810489515], [-72.21066933912289, 43.78001705541868], [-72.21067536226421, 43.78002978941136], [-72.21067963372126, 43.78004288983246], [-72.21068211235645, 43.78005623051799], [-72.21068277429802, 43.78006968298995], [-72.21068161316987, 43.780083117693714], [-72.2106786401531, 43.78009640524571], [-72.21067388387833, 43.78010941767935], [-72.21066739015002, 43.780122029677614], [-72.21050031512405, 43.78040350409014], [-72.2104936662271, 43.78041355868548], [-72.21033222512122, 43.78063420333179], [-72.21032296641495, 43.780645511865394], [-72.21012849858693, 43.78085900277472], [-72.20997092046397, 43.781040258271084], [-72.20996820111799, 43.78104329652528], [-72.20982808241722, 43.78119541029441]]]}}, {"type": "Feature", "properties": {}, "geometry": {"type": "Polygon", "coordinates": [[[-72.21263571740785, 43.78391942170305], [-72.21263509850982, 43.783932875243735], [-72.21263266244608, 43.783946220052385], [-72.2126284326761, 43.7839593276111], [-72.21262244993378, 43.78397207168669], [-72.2126147718352, 43.78398432954652], [-72.21260547232389, 43.783995983140336], [-72.2125946409586, 43.78400692023729], [-72.21258238205091, 43.78401703550675], [-72.21256881366067, 43.784026231532685], [-72.21255406645896, 43.78403441975191], [-72.21253828246972, 43.78404152130699], [-72.21252161370194, 43.78404746780565], [-72.21250422068573, 43.78405220197955], [-72.21248627092623, 43.78405567823568], [-72.21246793729054, 43.78405786309561], [-72.21244939634273, 43.78405873551778], [-72.21243082664348, 43.78405828710026], [-72.21241240703036, 43.78405652216156], [-72.2123943148955, 43.78405345769915], [-72.21237672447714, 43.784049123225664], [-72.21235980518159, 43.78404356048472], [-72.2123437199517, 43.78403682304889], [-72.21232862369767, 43.784028975803736], [-72.21231466180504, 43.784020094322926], [-72.21230196873462, 43.78401026414045], [-72.21229066672753, 43.783999579926736], [-72.21228086462797, 43.783988144577044], [-72.21227265683495, 43.78397606822043], [-72.21226612239329, 43.783963467159154], [-72.21226132423227, 43.78395046274859], [-72.21225830855975, 43.783937180228584], [-72.21225710441718, 43.78392374751716], [-72.21225294263635, 43.78373252615138], [-72.21224200018597, 43.78357005366097], [-72.21223842579167, 43.78354790079997], [-72.21221577548478, 43.78340752104446], [-72.21216969057559, 43.78323218541826], [-72.2121671147315, 43.78321885439601], [-72.21216635483935, 43.783205404646985], [-72.21216741821611, 43.78319196569969], [-72.21217029461965, 43.783178666978465], [-72.21217495634747, 43.78316563655711], [-72.21218135850351, 43.7831529999255], [-72.21218943943062, 43.78314087878103], [-72.21219912130425, 43.7831293898566], [-72.21221031088211, 43.78311864379642], [-72.21222290040217, 43.78310874409053], [-72.21223676862033, 43.78309978607807], [-72.21225178197821, 43.78309185602914], [-72.21226779588936, 43.78308503031404], [-72.21228465613166, 43.783079374667764], [-72.21230220033254, 43.78307494355694], [-72.21232025953275, 43.783071779655344], [-72.21233865981337, 43.783069913432826], [-72.21235722397083, 43.78306936286206], [-72.21237577322336, 43.78307013324529], [-72.21239412893273, 43.783072217163344], [-72.21241211432461, 43.78307559454712], [-72.21242955619087, 43.78308023287077], [-72.21244628655776, 43.78308608746499], [-72.21246214430344, 43.78309310194716], [-72.21247697670974, 43.783101208764414], [-72.21249064093277, 43.78311032984404], [-72.2125030053787, 43.783120377345554], [-72.21251395097103, 43.783131254506415], [-72.21252337229731, 43.78314285657403], [-72.21253117862445, 43.783155071814555], [-72.21253729477245, 43.783167782588855], [-72.21254166183849, 43.7831808664855], [-72.21258901989684, 43.78336104169545], [-72.21259108157331, 43.783370774802954], [-72.21261452231074, 43.78351604777367], [-72.2126188403161, 43.7835428082369], [-72.21261989589094, 43.78355204941358], [-72.2126313036845, 43.78372141542648], [-72.21263150516593, 43.78372593790457], [-72.21263571740785, 43.78391942170305]]]}}, {"type": "Feature", "properties": {}, "geometry": {"type": "Polygon", "coordinates": [[[-72.22606594353627, 43.79232153840672], [-72.22624447857812, 43.792106673285936], [-72.22625044467311, 43.792099945118984], [-72.22643286509062, 43.791906842715534], [-72.2266281552655, 43.791649308795584], [-72.22662880966588, 43.79164845306309], [-72.22670280250851, 43.79155250425261], [-72.22670479232187, 43.79154998688975], [-72.22683211820427, 43.79139278182778], [-72.22684418388062, 43.79137967282178], [-72.22698420395525, 43.791244999281105], [-72.22699154723561, 43.791238373798166], [-72.22715481753109, 43.791100065362556], [-72.22715887079057, 43.79109674207911], [-72.2272903652219, 43.79099237864877], [-72.22746495646477, 43.7908456731209], [-72.227580303227, 43.790741685569124], [-72.22758408829584, 43.79073838055973], [-72.22780453335949, 43.79055191246572], [-72.22795006964208, 43.79042333656471], [-72.22811775249917, 43.79027262596355], [-72.22827080925016, 43.79012198799472], [-72.22842682471601, 43.78996562836179], [-72.22855284487368, 43.78980694965807], [-72.22876831022609, 43.78953187411795], [-72.22877826256783, 43.78952050666469], [-72.22878970504321, 43.789509900621496], [-72.22880252745469, 43.78950015812996], [-72.22881660631535, 43.789491373015146], [-72.22883180603826, 43.78948362988209], [-72.2288479802422, 43.78947700330098], [-72.22886497316136, 43.78947155708905], [-72.22888262114549, 43.78946734369597], [-72.22890075423582, 43.78946440369875], [-72.22891919780191, 43.78946276541099], [-72.2289377742233, 43.789462444610216], [-72.22895630460012, 43.78946344438586], [-72.22897461047594, 43.78946575510964], [-72.2289925155563, 43.789469354528165], [-72.22900984740654, 43.78947420797727], [-72.22902643911237, 43.78948026871592], [-72.2290421308873, 43.7894874783762], [-72.2290567716115, 43.789495767525594], [-72.22907022028707, 43.78950505633545], [-72.22908234739596, 43.7895152553499], [-72.22909303614732, 43.78952626634727], [-72.2291021836022, 43.78953798328608], [-72.22910970166497, 43.789550293326165], [-72.22911551793176, 43.789563077915425], [-72.22911957638776, 43.789576213931554], [-72.22912183794668, 43.7895895748677], [-72.22912228082731, 43.789603032050834], [-72.22912090076326, 43.789616455880996], [-72.22911771104408, 43.789629717079244], [-72.22911274238734, 43.789642687932854], [-72.22910604264291, 43.78965524352518], [-72.22909767633207, 43.78966726293874], [-72.22888193430916, 43.78994269360977], [-72.22888137602837, 43.7899434014358], [-72.22875017076454, 43.79010861009586], [-72.22873950357084, 43.790120561243185], [-72.2285772477495, 43.79028317584206], [-72.22857628479092, 43.79028413220731], [-72.22842028152637, 43.79043767088001], [-72.22841521209843, 43.79044243755389], [-72.22824442280762, 43.790595940843545], [-72.22824341802078, 43.790596836196265], [-72.2280960921991, 43.79072699364132], [-72.22809348946744, 43.79072924352347], [-72.2278736548986, 43.79091519597384], [-72.22775811421987, 43.791019358794145], [-72.22775392537419, 43.791023004214836], [-72.2275754454053, 43.7911729779572], [-72.22757188665142, 43.79117588405911], [-72.2274406482261, 43.79128004469214], [-72.22728318098942, 43.7914134378195], [-72.22715324447101, 43.79153841344296], [-72.2270324447236, 43.79168756188169], [-72.22695975807552, 43.791781817577515], [-72.22676033213256, 43.79204480731204], [-72.22675063658008, 43.79205623150072], [-72.22656610145448, 43.79225157354735], [-72.2263953449478, 43.79245707861881], [-72.2262782605076, 43.792636802349726], [-72.2262213562373, 43.79275813962345], [-72.22617518694607, 43.79288497477351], [-72.22613078214178, 43.793042044033605], [-72.22612971396701, 43.79304558384358], [-72.22605761511441, 43.79327024450368], [-72.22605252428373, 43.79328319052496], [-72.22604570620605, 43.79329571275166], [-72.22603722654233, 43.79330769058759], [-72.22602716695562, 43.79331900867929], [-72.22601562432477, 43.79332955802692], [-72.22600270981134, 43.793339237034104], [-72.22598854778911, 43.79334795248627], [-72.2259732746463, 43.793355620448395], [-72.22595703747206, 43.79336216707341], [-72.22593999263991, 43.79336752931338], [-72.22592230430172, 43.79337165552667], [-72.22590414280687, 43.79337450597534], [-72.22588568306158, 43.79337605320784], [-72.2258671028445, 43.79337628232338], [-72.2258485810945, 43.79337519111542], [-72.22583029618734, 43.793372790092995], [-72.22581242421782, 43.793369102379394], [-72.22579513730383, 43.79336416348958], [-72.22577860192868, 43.793358020988016], [-72.2257629773378, 43.793350734030746], [-72.22574841400501, 43.79334237279552], [-72.22573505218347, 43.79333301780606], [-72.22572302055485, 43.79332275915646], [-72.22571243499011, 43.793311695643546], [-72.22570339743359, 43.79329993381542], [-72.22569599492125, 43.79328758694526], [-72.2256902987425, 43.793274773940524], [-72.22568636375367, 43.793261618197704], [-72.22568422784971, 43.79324824641394], [-72.22568391159938, 43.79323478736694], [-72.2256854180471, 43.793221370674694], [-72.22568873268375, 43.79320812554721], [-72.22576026646936, 43.7929852299136], [-72.22580523096148, 43.792826184379315], [-72.22580763940012, 43.79281873021796], [-72.22585683987266, 43.79268357014181], [-72.2258606452266, 43.792674421516075], [-72.22592313150246, 43.792541183390185], [-72.22593117895494, 43.79252676489848], [-72.22605693317561, 43.79233373480754], [-72.22606594353627, 43.79232153840672]]]}}, {"type": "Feature", "properties": {}, "geometry": {"type": "Polygon", "coordinates": [[[-72.21268815924397, 43.79258753007429], [-72.21268789164533, 43.792595780839115], [-72.2126731583325, 43.79279478623815], [-72.21267069633986, 43.79281066407426], [-72.21262236715852, 43.793014454280126], [-72.2126202041219, 43.79302222292674], [-72.21255905230403, 43.79321320548834], [-72.21255857059792, 43.79321467317769], [-72.21245489408466, 43.79352301384349], [-72.21237692702768, 43.79375489159864], [-72.21232524438486, 43.793921492678784], [-72.21227039503489, 43.79418286743797], [-72.21226979328169, 43.79418555514668], [-72.21225686508069, 43.794239880644994], [-72.21225194650913, 43.79427596486164], [-72.21225918769376, 43.794317300894036], [-72.21227468479036, 43.79437213702114], [-72.21229320236628, 43.79443766292748], [-72.21240174738745, 43.79473802476501], [-72.21240556560392, 43.79475119855347], [-72.21240758281387, 43.79476457999806], [-72.21240777958924, 43.79477804022825], [-72.2124061540338, 43.794791449614664], [-72.21240272180133, 43.794804679017496], [-72.21239751594493, 43.7948176010302], [-72.21239058659881, 43.79483009120652], [-72.21238200049555, 43.79484202925889], [-72.21237184032326, 43.79485330021701], [-72.21236020392949, 43.794863795534944], [-72.21234720337881, 43.79487341413666], [-72.21233296387359, 43.79488206338931], [-72.2123176225483, 43.79488965999541], [-72.21230132714871, 43.794896130795124], [-72.21228423460911, 43.79490141347073], [-72.21226650954084, 43.79490545714686], [-72.21224832264699, 43.79490822288042], [-72.21222984907841, 43.79490968403577], [-72.21221126674689, 43.79490982654107], [-72.21219275461164, 43.794908649023895], [-72.21217449095585, 43.79490616282447], [-72.21215665166963, 43.79490239188642], [-72.21213940855611, 43.794897372526165], [-72.21212292767676, 43.79489115308321], [-72.2121073677522, 43.79488379345454], [-72.21209287863343, 43.79487536451783], [-72.21207959985887, 43.794865947448734], [-72.21206765931042, 43.79485563293924], [-72.21205717198184, 43.79484452032414], [-72.21204823887143, 43.79483271662439], [-72.21204094600922, 43.79482033551648], [-72.21203536362863, 43.7948074962375], [-72.21192552264574, 43.79450354310249], [-72.21192319730874, 43.79449631560491], [-72.2119036527807, 43.79442715423686], [-72.21188671802217, 43.794367229657816], [-72.21188437721597, 43.79435698766606], [-72.21187354498676, 43.794295150066766], [-72.21187205700285, 43.794279789538045], [-72.21187295515531, 43.79426440498996], [-72.21188064556262, 43.79420798830823], [-72.21188248159322, 43.794198164702685], [-72.21189625402674, 43.794140293179346], [-72.21195182162798, 43.79387550356616], [-72.21195427837272, 43.793866043939154], [-72.21200779062262, 43.79369354847864], [-72.21200856210807, 43.793691161524386], [-72.21208693100536, 43.79345809292803], [-72.2121903629045, 43.79315048536864], [-72.2122500440329, 43.79296409948663], [-72.21229557744229, 43.79277210329093], [-72.21230941511593, 43.79258521134669], [-72.21230777114604, 43.7924046141766], [-72.21229199438682, 43.79228169121846], [-72.21228640925668, 43.79223818010679], [-72.21225886166964, 43.792023815101075], [-72.21225853295236, 43.792020926839605], [-72.21223690582666, 43.79180278117275], [-72.21223645881207, 43.79179575419631], [-72.21223057858677, 43.79158702492925], [-72.212226378945, 43.79147424378245], [-72.21222678994252, 43.791460786082816], [-72.21222901989914, 43.79144742236788], [-72.21223304733795, 43.79143428133739], [-72.21223883347142, 43.79142148954648], [-72.21224632257496, 43.79140917018683], [-72.21225544252354, 43.79139744190028], [-72.21226610548649, 43.79138641763626], [-72.21227820877321, 43.79137620356404], [-72.21229163582225, 43.791366898050306], [-72.21230625732386, 43.79135859071179], [-72.21232193246527, 43.79135136155229], [-72.21233851028683, 43.79134528019215], [-72.21235583113577, 43.79134040519785], [-72.21237372820374, 43.79133678351796], [-72.21239202913328, 43.791334450031016], [-72.21241055767757, 43.79133342720961], [-72.21242913539778, 43.791333724904035], [-72.21244758338158, 43.79133534024733], [-72.21246572396595, 43.791338257682966], [-72.21248338244826, 43.79134244911464], [-72.21250038876863, 43.791347874176836], [-72.21251657914777, 43.79135448062356], [-72.21253179766408, 43.79136220483149], [-72.21254589775536, 43.79137097241272], [-72.21255874363017, 43.79138069893106], [-72.21257021157568, 43.791391290715254], [-72.21258019114902, 43.79140264576107], [-72.21258858624088, 43.7914146547136], [-72.21259531600126, 43.791427201920406], [-72.21260031561793, 43.79144016654534], [-72.21260353694085, 43.79145342373219], [-72.21260494894574, 43.79146684580715], [-72.21260916605803, 43.79158007692715], [-72.21260919549859, 43.79158097696714], [-72.21261499060296, 43.79178663863263], [-72.21263612785091, 43.79199982951023], [-72.21266349227517, 43.79221275878587], [-72.21266908055601, 43.79225629230189], [-72.21268561361119, 43.792385101535764], [-72.2126864226971, 43.79239689516639], [-72.21268815924397, 43.79258753007429]]]}}, {"type": "Feature", "properties": {}, "geometry": {"type": "Polygon", "coordinates": [[[-72.22256123529242, 43.79474121124366], [-72.22254309418241, 43.79474413035172], [-72.22252464542417, 43.794745747390046], [-72.22250606669051, 43.79474604678561], [-72.22248753690603, 43.79474502565506], [-72.22246923452387, 43.79474269383247], [-72.22245133580715, 43.79473907377473], [-72.2224340131313, 43.79473420034523], [-72.2224174333241, 43.79472812047805], [-72.22240175605886, 43.79472089272597], [-72.22238713231671, 43.794712586696605], [-72.22237370293259, 43.794703282381995], [-72.22236159723887, 43.7946930693882], [-72.22235093181976, 43.79468204607237], [-72.22234180938872, 43.79467031859545], [-72.22233431779907, 43.79465799989986], [-72.22232852919808, 43.794645208621695], [-72.22232449933219, 43.7946320679482], [-72.22232226701007, 43.79461870443141], [-72.22232185372901, 43.794605246769436], [-72.22232326346796, 43.7945918245669], [-72.22232648264908, 43.794578567086916], [-72.2223314802688, 43.79456560200608], [-72.22233820819626, 43.79455305418497], [-72.22234660163694, 43.7945410444657], [-72.22235657975669, 43.79452968850807], [-72.22236804646026, 43.794519095675724], [-72.22238089131672, 43.79450936798305], [-72.22239499062304, 43.79450059911259], [-72.22241020859539, 43.79449287351292], [-72.22261317633178, 43.79440024587729], [-72.22262711169823, 43.79439446899093], [-72.22264167257102, 43.79438956798904], [-72.22282831332755, 43.794333587433506], [-72.22284703713756, 43.79432878805804], [-72.22286635193538, 43.79432543567336], [-72.2230248744075, 43.79430421868579], [-72.22303794737059, 43.794302808737704], [-72.22327213147096, 43.7942835748527], [-72.22329163209703, 43.79428270795892], [-72.22346398965863, 43.79428149875163], [-72.2234825584234, 43.79428202899401], [-72.22350096602584, 43.794283875064124], [-72.22351903519183, 43.79428701918345], [-72.22353659190652, 43.79429143107258], [-72.2235534670901, 43.7942970682429], [-72.22356949822613, 43.7943038764057], [-72.22358453092659, 43.79431178999506], [-72.22359842041872, 43.79432073279918], [-72.22361103293927, 43.79433061869441], [-72.22362224702269, 43.79434135247462], [-72.22363195467086, 43.794352830768034], [-72.22364006239326, 43.79436494303285], [-72.22364649210735, 43.79437757262163], [-72.22365118189053, 43.79439059790483], [-72.22365408657656, 43.794403893442066], [-72.22365517819055, 43.79441733119019], [-72.22365444621845, 43.79443078173636], [-72.22365189770834, 43.79444411554445], [-72.22364755720257, 43.79445720420247], [-72.22364146650152, 43.79446992165929], [-72.223633684261, 43.794482145438565], [-72.22362428542746, 43.79449375781828], [-72.22361336051618, 43.794504646964505], [-72.22360101473971, 43.79451470800839], [-72.22358736699444, 43.79452384405612], [-72.22357254871575, 43.794531967122154], [-72.22355670261207, 43.7945389989765], [-72.22353998129061, 43.794544871898154], [-72.22352254578763, 43.794549529327334], [-72.22350456401745, 43.79455292641018], [-72.22348620915541, 43.7945550304307], [-72.22346765797006, 43.7945558211259], [-72.22330508088766, 43.794556961721305], [-72.22308718567886, 43.79457485777014], [-72.22295477705282, 43.794592579632926], [-72.22280143719439, 43.79463857202753], [-72.22261209049924, 43.794724983585105], [-72.22259590037359, 43.79473159153856], [-72.22257889404429, 43.794737018178694], [-72.22256123529242, 43.79474121124366]]]}}, {"type": "Feature", "properties": {}, "geometry": {"type": "Polygon", "coordinates": [[[-72.22697397496029, 43.79480384471912], [-72.22695561912353, 43.79480594463852], [-72.22693706752192, 43.794806731188665], [-72.22691849881869, 43.79480619679459], [-72.22690009184183, 43.79480434660283], [-72.22688202386178, 43.794801198431884], [-72.22686446888414, 43.79479678260056], [-72.2268475959739, 43.79479114163597], [-72.22683156762719, 43.79478432986407], [-72.22681653820635, 43.79477641288628], [-72.2268026524533, 43.79476746694789], [-72.22679004409557, 43.79475757820359], [-72.22677883455842, 43.79474684188782], [-72.2267691317955, 43.794735361397606], [-72.22676102924915, 43.79472324729673], [-72.22675460495057, 43.79471061625094], [-72.22674992076833, 43.794697589904416], [-72.22674702181257, 43.79468429370819], [-72.22674593600071, 43.794670855712006], [-72.22674667378844, 43.79465740533122], [-72.22674922806928, 43.79464407210027], [-72.22675357424292, 43.794630984425346], [-72.22675967045225, 43.794618268347726], [-72.22676745798648, 43.79460604632988], [-72.2267768618466, 43.79459443607622], [-72.22678779146773, 43.794583549399434], [-72.22680014159124, 43.794573491143765], [-72.22681379327857, 43.79456435817526], [-72.2268286150566, 43.794556238448976], [-72.22684446418387, 43.79454921016189], [-72.22686118802514, 43.79454334099987], [-72.22687862552145, 43.79453868748578], [-72.22689660874113, 43.79453529443528], [-72.22705915905232, 43.79451072337792], [-72.22706898365863, 43.79450943307329], [-72.22734034624425, 43.794479122571026], [-72.22734694069626, 43.794478471698675], [-72.2275345934461, 43.79446237779764], [-72.2276647009241, 43.79444973512316], [-72.22766799372428, 43.79444943640809], [-72.22784035872519, 43.79443490972463], [-72.22785805443083, 43.794434024173576], [-72.22815628733859, 43.794429243635626], [-72.22816972905167, 43.794429373871644], [-72.22846353299204, 43.794439783904004], [-72.22848202713824, 43.794441100450754], [-72.22850025408282, 43.79444372373759], [-72.22851803829145, 43.794447628501], [-72.22853520849353, 43.79445277713621], [-72.22855159933142, 43.794459120059386], [-72.22856705295314, 43.794466596185046], [-72.2285814205323, 43.79447513351445], [-72.22859456370146, 43.794484649828846], [-72.22860635588476, 43.7944950534814], [-72.22861668351678, 43.794506244279646], [-72.2286254471363, 43.7945181144505], [-72.22863256234417, 43.79453054967808], [-72.2286379606162, 43.79454343020467], [-72.22864158996308, 43.79455663198398], [-72.22864341543104, 43.79457002787585], [-72.22864341943867, 43.79458348887057], [-72.22864160194611, 43.794596885331416], [-72.22863798045564, 43.794610088243054], [-72.22863258984306, 43.79462297045407], [-72.2286254820219, 43.79463540790146], [-72.22861672544349, 43.79464728080551], [-72.22860640443778, 43.79465847482331], [-72.22859461840129, 43.794668882149914], [-72.2285814808397, 43.79467840255666], [-72.22856711827492, 43.79468694435641], [-72.22855166902659, 43.794694425286494], [-72.22853528187983, 43.79470077330109], [-72.22851811465253, 43.794705927264964], [-72.22850033267535, 43.79470983754235], [-72.22848210719945, 43.79471246647487], [-72.22846361374728, 43.79471378874431], [-72.22844503042207, 43.79471379161642], [-72.22815794283724, 43.79470361956277], [-72.22787530919975, 43.79470815005061], [-72.22771341087218, 43.79472179461037], [-72.22758349303918, 43.794734418853885], [-72.22758058143877, 43.7947346851552], [-72.2273947757601, 43.794750620645544], [-72.22713163713382, 43.794780012553275], [-72.22697397496029, 43.79480384471912]]]}}, {"type": "Feature", "properties": {}, "geometry": {"type": "Polygon", "coordinates": [[[-72.21489033469867, 43.797291714487876], [-72.21458194652918, 43.79711133695437], [-72.2142131483503, 43.7969095887038], [-72.21386053974034, 43.796723523247586], [-72.21385918325174, 43.796722800739566], [-72.2135882941089, 43.79657716767984], [-72.21357393286966, 43.796568624328486], [-72.213560796874, 43.79655910250419], [-72.21354901262873, 43.796548693907795], [-72.21353869362234, 43.79653749878016], [-72.213529939232, 43.796525624936926], [-72.21352283376663, 43.79651318673003], [-72.21351744565486, 43.79650030394652], [-72.21351382678611, 43.79648710065489], [-72.21351201201098, 43.79647370401022], [-72.2135120188055, 43.7964602430296], [-72.21351384710304, 43.79644684734961], [-72.2135174792949, 43.79643364597792], [-72.21352288039994, 43.79642076605075], [-72.21352999840154, 43.79640833160861], [-72.21353876474863, 43.796396462401674], [-72.21354909501581, 43.796385272736494], [-72.21356088971648, 43.79637487037529], [-72.21357403526102, 43.79636535549803], [-72.21358840505061, 43.79635681973776], [-72.21360386069662, 43.79634934529808], [-72.21362025335316, 43.79634300416154], [-72.2136374251507, 43.79633785739639], [-72.21365521071627, 43.79633395456846], [-72.21367343876622, 43.796331333263886], [-72.21369193375558, 43.79633001872712], [-72.21371051756867, 43.79633002361777], [-72.21372901123446, 43.79633134788874], [-72.21374723665004, 43.79633397878667], [-72.21376501829579, 43.79633789097474], [-72.21378218492579, 43.7963430467767], [-72.21379857121684, 43.796349396539654], [-72.21381401936068, 43.79635687911229], [-72.2140842320362, 43.79650214820465], [-72.21443747943722, 43.79668855036944], [-72.21444010237215, 43.796689959671525], [-72.21481265617702, 43.79689376198244], [-72.21481750098685, 43.7968965028456], [-72.21512781489062, 43.79707800633863], [-72.21545785302524, 43.797268561079434], [-72.21588412803659, 43.79750552499344], [-72.21628901844399, 43.79770747035266], [-72.21672611798135, 43.79790585488731], [-72.21674136291163, 43.797913553440175], [-72.216755492646, 43.79792229724584], [-72.21676837110759, 43.79793200209711], [-72.21677987426973, 43.7979425745314], [-72.21678989135037, 43.79795391273082], [-72.21679832587904, 43.79796590750271], [-72.2168050966259, 43.7979784433312], [-72.21681013838406, 43.79799139948972], [-72.21681340259757, 43.79800465120359], [-72.21681485782914, 43.79801807085171], [-72.21681449006284, 43.798031529195626], [-72.21681230283932, 43.79804489662407], [-72.21680831722148, 43.79805804440131], [-72.21680257159191, 43.798070845906885], [-72.21679512128318, 43.79808317785503], [-72.21678603804503, 43.798094921482026], [-72.21677540935335, 43.79810596368993], [-72.21676333756783, 43.79811619813585], [-72.21674993894618, 43.798125526256044], [-72.21673534252452, 43.798133858215174], [-72.21671968887465, 43.79814111377149], [-72.21670312875028, 43.79814722304961], [-72.21668582163521, 43.798152127213534], [-72.2166679342073, 43.79815577903313], [-72.2166496387333, 43.7981581433392], [-72.21663111140978, 43.79815919736201], [-72.21661253066621, 43.798158930950706], [-72.21659407544652, 43.79815734667096], [-72.21657592348578, 43.79815445978039], [-72.21655824959835, 43.79815029808149], [-72.21654122399447, 43.79814490165398], [-72.21652501064081, 43.79813832246871], [-72.21608443770543, 43.79793836116282], [-72.21607759032258, 43.79793510182761], [-72.21566530310584, 43.79772946682747], [-72.21565740910114, 43.79772530830385], [-72.2152258791717, 43.79748542270984], [-72.21522313630771, 43.797483868719404], [-72.21489126823121, 43.797292256990936], [-72.21489033469867, 43.797291714487876]]]}}, {"type": "Feature", "properties": {}, "geometry": {"type": "Polygon", "coordinates": [[[-72.22042049133722, 43.797734382779126], [-72.22032890626551, 43.79774795685745], [-72.22014654036869, 43.797792598914334], [-72.2199398446848, 43.797860354381626], [-72.21963812229485, 43.797959420704494], [-72.21953385693361, 43.797994205807406], [-72.21951661591937, 43.79799923056243], [-72.21949877795686, 43.79800300708222], [-72.21948051483643, 43.79800549899655], [-72.21946200244311, 43.7980066823068], [-72.21944341906251, 43.798006545616964], [-72.21942494366401, 43.79800509024343], [-72.21940675417694, 43.79800233020237], [-72.21938902577719, 43.79799829207464], [-72.21937192919988, 43.79799301474989], [-72.21935562909528, 43.797986549051956], [-72.21934028244293, 43.79797895724942], [-72.21932603703995, 43.79797031245588], [-72.21931303007754, 43.79796069792587], [-72.21930138681986, 43.79795020625301], [-72.21929121939758, 43.79793893847826], [-72.219282625728, 43.79792700311687], [-72.21927568857218, 43.797914515113234], [-72.21927047473784, 43.79790159473396], [-72.219267034436, 43.7978883664096], [-72.21926540079754, 43.79787495753631], [-72.21926558955407, 43.797861497248924], [-72.21926759888653, 43.79784811517738], [-72.21927140944277, 43.79783494019823], [-72.21927698452392, 43.797822099193546], [-72.21928427043791, 43.79780971582898], [-72.21929319701655, 43.79779790936278], [-72.2193036782914, 43.797786793497295], [-72.21931561332154, 43.79777647528397], [-72.21932888716593, 43.79776705409242], [-72.21934337199025, 43.79775862065342], [-72.21935892829792, 43.79775125618517], [-72.21937540627377, 43.79774503161115], [-72.21948019065339, 43.79771007338041], [-72.2194812308109, 43.79770972911538], [-72.21978352596167, 43.79761047481197], [-72.21999893360966, 43.797539863551336], [-72.22001638200706, 43.79753488225442], [-72.2202187861084, 43.79748533498474], [-72.22024145500436, 43.79748089883799], [-72.22035137773045, 43.79746460688827], [-72.22036508839794, 43.797462951927635], [-72.22048418233268, 43.79745181259369], [-72.22049552429203, 43.797451002199885], [-72.22064280745975, 43.79744371186309], [-72.2206608348638, 43.797443442746], [-72.22080794635376, 43.797446322378185], [-72.22081331043118, 43.7974464825143], [-72.22096848329922, 43.797452711829806], [-72.22098816221643, 43.7974542522193], [-72.22115495395867, 43.79747374042954], [-72.22116935394808, 43.79747584091285], [-72.22133436223243, 43.79750477506865], [-72.22135754608726, 43.79751000033555], [-72.22156045131668, 43.79756629816929], [-72.22157981854564, 43.79757259466607], [-72.22208393872202, 43.797761752803645], [-72.22208781963904, 43.797763250654334], [-72.22230429653578, 43.79784915231375], [-72.22232013743597, 43.7978561913462], [-72.2223349495196, 43.79786432111948], [-72.22234859013852, 43.79787346333982], [-72.2223609279262, 43.797883529963094], [-72.22237184406285, 43.79789442404268], [-72.22238123341974, 43.797906040663], [-72.22238900557161, 43.79791826795006], [-72.2223950856676, 43.79793098814875], [-72.2223994151521, 43.79794407875684], [-72.22240195232871, 43.79795741370482], [-72.22240267276185, 43.79797086456997], [-72.22240156951213, 43.79798430181315], [-72.22239865320327, 43.79799759602629], [-72.22239395191971, 43.79801061917871], [-72.22238751093634, 43.79802324585012], [-72.22237939228243, 43.7980353544385], [-72.22236967414429, 43.798046828331145], [-72.22235845011237, 43.798057557027846], [-72.22234582827988, 43.798067437204935], [-72.22233193020189, 43.79807637371047], [-72.22231688972465, 43.79808428048059], [-72.22230085169653, 43.798091081368376], [-72.22228397057316, 43.798096710877175], [-72.22226640892974, 43.798101114791365], [-72.22224833589547, 43.79810425069864], [-72.22222992552466, 43.79810608839826], [-72.22221135512041, 43.79810661019207], [-72.22219280352707, 43.79810581105489], [-72.22217444940787, 43.798103698682894], [-72.22215646952414, 43.798100293419516], [-72.22213903703307, 43.79809562805952], [-72.22212231982003, 43.79808974753317], [-72.22190777077702, 43.79800461077941], [-72.22141504122187, 43.797819726504066], [-72.22123342316664, 43.797769334953095], [-72.22108738162683, 43.79774372659991], [-72.22093762931067, 43.797726229301766], [-72.22079503136972, 43.7977205047926], [-72.22065962542307, 43.797717854292664], [-72.22052703432142, 43.79772441738641], [-72.22042049133722, 43.797734382779126]]]}}, {"type": "Feature", "properties": {}, "geometry": {"type": "Polygon", "coordinates": [[[-72.22280176407962, 43.79824126210799], [-72.2228052421273, 43.798228038958996], [-72.22281049283147, 43.798215126408074], [-72.22281746562398, 43.79820264880994], [-72.22282609335213, 43.79819072633037], [-72.2228362929255, 43.798179473788984], [-72.22284796611615, 43.798168999553525], [-72.22286100050461, 43.79815940449615], [-72.22287527056255, 43.79815078102208], [-72.22289063886178, 43.79814321217967], [-72.22290695739763, 43.79813677086058], [-72.2229240690143, 43.798131519097886], [-72.22294180891846, 43.79812750746861], [-72.22296000626613, 43.79812477460669], [-72.22297848580803, 43.79812334683091], [-72.22299706957727, 43.798123237891446], [-72.22301557860321, 43.79812444883744], [-72.22303383463502, 43.79812696800688], [-72.22305166185828, 43.798130771138986], [-72.22306888858807, 43.79813582160774], [-72.2230853489225, 43.798142070774674], [-72.22310088434018, 43.79814945845725], [-72.22311534522707, 43.79815791350846], [-72.22312859231717, 43.79816735450198], [-72.22314049803377, 43.79817769051629], [-72.22315094771808, 43.798188822010374], [-72.2231598407335, 43.79820064178225], [-72.22316709143473, 43.798213036001435], [-72.22317262999272, 43.798225885305136], [-72.22317640306711, 43.79823906594776], [-72.22317837432003, 43.79825245099271], [-72.22317852476603, 43.79826591153476], [-72.22317685295498, 43.798279317941535], [-72.22315814620919, 43.798376050573054], [-72.22312920674185, 43.79890157088158], [-72.22314969229018, 43.79916358922402], [-72.22314995533817, 43.79916852971441], [-72.22316053306479, 43.79954180728356], [-72.22316049488312, 43.79954855996313], [-72.22313939687632, 43.80008062009656], [-72.22313926579689, 43.80008312675611], [-72.22306950782456, 43.80115729936998], [-72.22306773932176, 43.801170625795045], [-72.22306418554506, 43.801183763876175], [-72.22305888034727, 43.8011965884575], [-72.22305187426565, 43.80120897736942], [-72.22304323404062, 43.80122081259262], [-72.22303304197982, 43.801231981382244], [-72.22302139517423, 43.801242377341936], [-72.22300840457324, 43.801251901437475], [-72.22299419392762, 43.80126046294015], [-72.22297889861086, 43.8012679802911], [-72.22296266432936, 43.80127438187826], [-72.22294564573454, 43.80127960671857], [-72.22292800494945, 43.80128360503897], [-72.22290991002448, 43.801286338750444], [-72.22289153333625, 43.80128778181101], [-72.22287304994566, 43.80128792047371], [-72.22285463593006, 43.80128675341763], [-72.22283646670593, 43.801284291760425], [-72.22281871535775, 43.80128055895245], [-72.22280155098909, 43.80127559055336], [-72.22278513711177, 43.8012694338933], [-72.22276963008807, 43.80126214762213], [-72.2227551776412, 43.801253801150594], [-72.2227419174481, 43.801244473989115], [-72.22272997582785, 43.801234254990376], [-72.22271946653824, 43.80122324150286], [-72.2227104896923, 43.801211538443454], [-72.22270313080449, 43.801199257298016], [-72.22269745997605, 43.8011865150593], [-72.22269353122735, 43.801173433112446], [-72.22269138198331, 43.80116013607864], [-72.22269103271682, 43.80114675062799], [-72.22272201618082, 43.80039704320809], [-72.22272348308007, 43.80038362422514], [-72.22272675888784, 43.800370373997424], [-72.22273181205519, 43.8003574201317], [-72.22273859391629, 43.80034488738056], [-72.22274354040059, 43.80033786413642], [-72.222760840487, 43.80007148978443], [-72.22278175823568, 43.79954405949149], [-72.22277134856468, 43.79917663053695], [-72.22275054102752, 43.79891047231576], [-72.22275038865538, 43.79889725030084], [-72.22278007077315, 43.79835830574534], [-72.22278175130302, 43.79834474487112], [-72.22280176407962, 43.79824126210799]]]}}, {"type": "Feature", "properties": {}, "geometry": {"type": "Polygon", "coordinates": [[[-72.25302270993993, 43.79165567216426], [-72.25299809178671, 43.79172813219144], [-72.25299283578768, 43.7917408962907], [-72.2529695326247, 43.791788851961776], [-72.25293120900416, 43.79187201182311], [-72.25292376299265, 43.791885682805265], [-72.25287280370004, 43.79196630200912], [-72.25286442858436, 43.79197802593918], [-72.25285453650011, 43.791989112394575], [-72.25276870458225, 43.79207584756068], [-72.25275544078922, 43.792087782170256], [-72.2527404223133, 43.79209857076973], [-72.25272383653751, 43.792108078750914], [-72.25255417570865, 43.792194632241355], [-72.25253749332667, 43.792202234099406], [-72.25251981052818, 43.79220853869972], [-72.25228774544749, 43.792280668207816], [-72.25228469750077, 43.79228159282648], [-72.25195761641075, 43.79237839367673], [-72.25169800552004, 43.79245628825936], [-72.25168488384787, 43.79245981964199], [-72.25144301433451, 43.792517637758905], [-72.25141809599076, 43.792522261637274], [-72.25119935698338, 43.79255155286257], [-72.25117748261096, 43.79255353670291], [-72.25114382990493, 43.79255515548892], [-72.25112524998572, 43.7925553872737], [-72.25110672817138, 43.792554298725044], [-72.25108844283835, 43.79255190032634], [-72.25107057008549, 43.79254821517564], [-72.25105328203823, 43.792543278763176], [-72.25103674519082, 43.79253713862963], [-72.25102111880281, 43.792529853908185], [-72.25100655336543, 43.792521494755086], [-72.25099318915201, 43.79251214167399], [-72.2509811548673, 43.79250188474059], [-72.25097056640786, 43.79249082273523], [-72.25096152574588, 43.79247906219146], [-72.25095411994724, 43.792466716370114], [-72.25094842033299, 43.792453904168525], [-72.25094448179253, 43.792440748975444], [-72.25094234225507, 43.79242737748276], [-72.2509420223243, 43.792413918465336], [-72.25094352508012, 43.79240050154092], [-72.25094683604897, 43.79238725592171], [-72.25095192334327, 43.79237430917013], [-72.25095873796853, 43.79236178597022], [-72.25096721429531, 43.79234980692697], [-72.25097727069127, 43.792338487404734], [-72.25098881030726, 43.7923279364163], [-72.25100172201023, 43.79231825557303], [-72.25101588145338, 43.79230953810632], [-72.25103115227373, 43.792301867969684], [-72.25104738740536, 43.79229531903032], [-72.25106443049573, 43.792289954357734], [-72.2510821174114, 43.79228582561634], [-72.25110027781868, 43.79228297256791], [-72.25111873682408, 43.79228142268869], [-72.25114137239619, 43.79228033385737], [-72.25133657676088, 43.79225419414599], [-72.25155955252549, 43.792200892531554], [-72.25181311458869, 43.792124812899345], [-72.25181396091186, 43.792124560698255], [-72.25213993488974, 43.79202808756569], [-72.25235229510277, 43.79196208270994], [-72.25247957743582, 43.791897148990905], [-72.2525360861573, 43.791840045886225], [-72.25257520338509, 43.79177816175509], [-72.25261079819846, 43.79170092422522], [-72.25261179699706, 43.79169881419684], [-72.25263255535133, 43.79165609602554], [-72.25265575505692, 43.791587812217024], [-72.25265742587506, 43.791583236215985], [-72.25285607307357, 43.79107483342619], [-72.25289205893438, 43.79097570583641], [-72.25293811895322, 43.790813412820846], [-72.25296124932184, 43.790648237623095], [-72.25295533989086, 43.79052538754593], [-72.25295560477659, 43.79051192789553], [-72.25295768955989, 43.79049855186507], [-72.25296157416196, 43.790485388272934], [-72.25296722117085, 43.79047256389154], [-72.25297457620178, 43.79046020222643], [-72.25298356842094, 43.79044842232686], [-72.25299411122772, 43.79043733763937], [-72.25300610308867, 43.79042705491511], [-72.2530194285154, 43.79041767318191], [-72.25303395917686, 43.79040928279056], [-72.25304955513508, 43.7904019645447], [-72.25306606619294, 43.79039578892264], [-72.25308333334068, 43.79039081539861], [-72.25310119028708, 43.79038709187007], [-72.25311946506105, 43.79038465419644], [-72.25313798166766, 43.79038352585368], [-72.25315656178309, 43.790383717708266], [-72.25317502647185, 43.790385227912566], [-72.25319319791014, 43.79038804192256], [-72.25321090109813, 43.790392132638], [-72.25322796554548, 43.79039746066331], [-72.25324422691305, 43.79040397468702], [-72.25325952859563, 43.790411611975884], [-72.25327372323011, 43.790420298979036], [-72.25328667411456, 43.79042995203634], [-72.25329825652487, 43.79044047818402], [-72.25330835891582, 43.79045177604992], [-72.25331688399534, 43.79046373682983], [-72.25332374966155, 43.79047624533524], [-72.25332888979345, 43.79048918110273], [-72.25333225488774, 43.79050241955401], [-72.25333381253553, 43.790515833195705], [-72.25334017165954, 43.79064801449722], [-72.2533393198191, 43.79066663497683], [-72.25331391745566, 43.790848042752785], [-72.25331100515363, 43.79086182194021], [-72.25326196886832, 43.79103460563613], [-72.2532596217803, 43.79104186859944], [-72.25322187695797, 43.791145843220946], [-72.25322094586913, 43.79114831404034], [-72.25302270993993, 43.79165567216426]]]}}, {"type": "Feature", "properties": {}, "geometry": {"type": "Polygon", "coordinates": [[[-72.26517857987669, 43.792889723824786], [-72.26517653565682, 43.79290310314754], [-72.26517269090141, 43.79291627290188], [-72.26516708263644, 43.7929291062557], [-72.26515976487156, 43.79294147961652], [-72.26515080808002, 43.7929532738218], [-72.26514029851997, 43.792964375286516], [-72.26512833740375, 43.79297467709709], [-72.26511503992329, 43.792984080041045], [-72.2651005341406, 43.79299249356241], [-72.26508495975457, 43.79299983663397], [-72.26506846675555, 43.793006038537534], [-72.26505121398085, 43.79301103954503], [-72.265033367585, 43.793014791493704], [-72.2650150994396, 43.79301725825001], [-72.26499658547802, 43.7930184160576], [-72.264978004001, 43.79301825376607], [-72.26495953395955, 43.79301677293837], [-72.2649413532315, 43.7930139878358], [-72.26492363690828, 43.79300992528062], [-72.26490655560877, 43.79300462439766], [-72.26489027383609, 43.792998136237685], [-72.26487494839323, 43.79299052328557], [-72.26486072687301, 43.79298185885862], [-72.26484774623668, 43.79297222640044], [-72.26483955452791, 43.792965518533364], [-72.26482698343382, 43.792954043992715], [-72.26481617330533, 43.792941663770364], [-72.26471215834518, 43.79280713898497], [-72.26470652291587, 43.7927992635874], [-72.26461877185183, 43.79266627643649], [-72.26454149274245, 43.792559215083635], [-72.2645347004855, 43.79254875378387], [-72.2645291484217, 43.79253791532841], [-72.26447388540375, 43.79241429349999], [-72.26440948832561, 43.79230884321046], [-72.26431786464312, 43.79219422812077], [-72.26420821684934, 43.792107083318754], [-72.26402410412969, 43.7920228820034], [-72.26382781337287, 43.79194030709515], [-72.26371310451489, 43.79189921288621], [-72.26369687195401, 43.7918926607315], [-72.26368160412872, 43.79188498756546], [-72.26366744807699, 43.7918762672853], [-72.26365454012951, 43.79186658387254], [-72.26364300459682, 43.791856030584135], [-72.26363295257211, 43.791844709054466], [-72.26362448086138, 43.79183272831644], [-72.26361767105114, 43.791820203751485], [-72.26361258872264, 43.7918072559783], [-72.26360928282047, 43.791794009691245], [-72.26360778518111, 43.79178059245946], [-72.26360811022646, 43.79176713349828], [-72.26361025482493, 43.79175376242484], [-72.26361419832165, 43.79174060800979], [-72.26361990273752, 43.79172779693716], [-72.26362731313488, 43.7917154525843], [-72.26363635814673, 43.79170369383378], [-72.26364695066401, 43.79169263392842], [-72.26365898867459, 43.791682379380724], [-72.26367235624564, 43.791673028947166], [-72.26368692464017, 43.79166467267711], [-72.26370255355688, 43.79165739104556], [-72.26371909248128, 43.791651254178234], [-72.26373638213519, 43.79164632117612], [-72.26375425601069, 43.79164263954648], [-72.26377254197362, 43.79164024474516], [-72.26379106392132, 43.79163915983528], [-72.26380964347854, 43.79163939526504], [-72.26382810171515, 43.79164094876711], [-72.26384626086947, 43.79164380538055], [-72.26386394606003, 43.79164793759479], [-72.26388098696974, 43.791653305614595], [-72.2640013712971, 43.79169643300137], [-72.26401252274749, 43.79170076981943], [-72.26421731960508, 43.79178692293426], [-72.26422331436, 43.7917895534323], [-72.2644320202154, 43.79188500188957], [-72.2644459294309, 43.79189201254672], [-72.26445891777087, 43.791899895878316], [-72.26447088122542, 43.791908588755305], [-72.26461147462145, 43.79202032779508], [-72.26462430841761, 43.79203169447366], [-72.2646353912679, 43.79204398983642], [-72.26474236591864, 43.79217780706194], [-72.26475167030559, 43.79219105276019], [-72.26482418529886, 43.79230979502339], [-72.26483116309706, 43.792323029356915], [-72.26488451351072, 43.7924423711763], [-72.26495595371335, 43.79254134260271], [-72.26495899508375, 43.792545746806766], [-72.26504557097093, 43.79267695185454], [-72.26513783096155, 43.79279627285278], [-72.26514301804447, 43.792800965525494], [-72.26515315507044, 43.79281224729029], [-72.26516171673607, 43.792824194477255], [-72.26516862058716, 43.792836692028786], [-72.26517380013495, 43.79284961958693], [-72.26517720549653, 43.79286285265246], [-72.26517880387527, 43.79287626378391], [-72.26517857987669, 43.792889723824786]]]}}, {"type": "Feature", "properties": {}, "geometry": {"type": "Polygon", "coordinates": [[[-72.24333879604607, 43.79381402229627], [-72.24304546535079, 43.79386555319647], [-72.24304454359034, 43.79386571335711], [-72.24278463596735, 43.79391037528292], [-72.24276187719659, 43.79391323720484], [-72.24248891548847, 43.79393524622342], [-72.24247348302119, 43.79393602994379], [-72.24221867528306, 43.79394140842866], [-72.2422087383157, 43.79394142922307], [-72.2418036062521, 43.79393457417671], [-72.2413655906948, 43.793930018365074], [-72.2413645757138, 43.793930005835094], [-72.24096844975227, 43.7939243455864], [-72.24094111437859, 43.793922513240666], [-72.240709463614, 43.79389460196067], [-72.24069397948772, 43.79389225098178], [-72.24067882032328, 43.793888971942124], [-72.24066409193391, 43.793884787729915], [-72.24048024365068, 43.79382602620186], [-72.24046333269686, 43.793819872360636], [-72.24044735418155, 43.79381252652724], [-72.24043246770107, 43.793804062073384], [-72.24025214499873, 43.7936905363131], [-72.24024070564583, 43.79368270674407], [-72.24023020336489, 43.7936742161188], [-72.24022071070088, 43.79366512308704], [-72.24009246696392, 43.793531039535594], [-72.23990491189359, 43.79338406702866], [-72.23989715832379, 43.79337759693109], [-72.23971966068193, 43.79321978240173], [-72.23971491810569, 43.793215386073356], [-72.23961233432058, 43.79311619787972], [-72.23959234768292, 43.793105965703404], [-72.2395676711344, 43.793099262393504], [-72.23954671885004, 43.79309745779184], [-72.2395417735361, 43.79309840527178], [-72.23951736907412, 43.79311113715338], [-72.23939818407348, 43.793182623905054], [-72.23922914922463, 43.79329119135415], [-72.23921620052607, 43.79329879754369], [-72.2392023784608, 43.79330554927007], [-72.2391877901628, 43.79331139420093], [-72.23903632768639, 43.793365915720294], [-72.23902082091669, 43.79337088359055], [-72.23888191594823, 43.79341009756364], [-72.23886609801905, 43.7934139901693], [-72.23884986802192, 43.793416857746735], [-72.2387057842617, 43.79343748436061], [-72.23868350219985, 43.793439688134875], [-72.2385513126952, 43.79344700655308], [-72.23854908601689, 43.793447120269306], [-72.23842547413112, 43.79345290287211], [-72.23842210318713, 43.79345303871699], [-72.2382237890194, 43.79345974635968], [-72.2382052061295, 43.79345971365721], [-72.23818671714703, 43.79345836170406], [-72.23816850013215, 43.793455703520394], [-72.23815073052583, 43.79345176470613], [-72.23813357946008, 43.793446583194445], [-72.23811721210993, 43.79344020888647], [-72.23810178610255, 43.79343270317063], [-72.23808744999928, 43.79342413833146], [-72.23807434186487, 43.79341459685349], [-72.23806258793782, 43.793404170626786], [-72.23805230141461, 43.79339296006208], [-72.2380435813596, 43.793381073123605], [-72.238036511751, 43.79336862428946], [-72.23803116067218, 43.79335573344901], [-72.23802757965586, 43.79334252474836], [-72.23802580318811, 43.793329125394656], [-72.23802584837604, 43.79331566443109], [-72.23802771478326, 43.7933022714941], [-72.23803138443407, 43.79328907556487], [-72.23803682198658, 43.79327620372729], [-72.23804397507317, 43.7932637799439], [-72.23805277480487, 43.793251923862236], [-72.23806313643476, 43.79324074966247], [-72.23807496017425, 43.793230364957864], [-72.23808813215402, 43.793220869758336], [-72.2381025255207, 43.793212355507436], [-72.23811800165856, 43.79320490420163], [-72.23813441152443, 43.793198587600635], [-72.23815159708299, 43.793193466536444], [-72.23816939282881, 43.793189590327366], [-72.23818762738013, 43.7931869963032], [-72.23820612512941, 43.793185709445645], [-72.2384027520924, 43.79317905886876], [-72.23852356499089, 43.79317340720161], [-72.23864340955645, 43.79316677224113], [-72.23876000543402, 43.79315008071669], [-72.23887539183256, 43.79311750623533], [-72.2389967217373, 43.793073831505254], [-72.23914932514762, 43.792975817837075], [-72.23915418605677, 43.79297280053185], [-72.23928075600591, 43.79289688448903], [-72.23929085813317, 43.792891230010866], [-72.23934884990831, 43.79286097557064], [-72.23936333603847, 43.79285412365837], [-72.23937862502747, 43.792848258086934], [-72.23939458924804, 43.79284342782006], [-72.23941109543632, 43.792839673179124], [-72.23948479564187, 43.7928255528513], [-72.23950223477313, 43.79282284108995], [-72.23951994876765, 43.79282132994882], [-72.23953778045912, 43.79282103283539], [-72.23955557163697, 43.79282195238583], [-72.23963510001617, 43.792828802098235], [-72.23965748893598, 43.79283172737313], [-72.23967923197223, 43.7928365765167], [-72.23974818717971, 43.79285530797876], [-72.23976308296207, 43.792859889338246], [-72.23977738434277, 43.792865375270424], [-72.2397909868702, 43.79287172570828], [-72.23985527955396, 43.79290464033948], [-72.23987077014446, 43.792913481682355], [-72.2398849072883, 43.79292344214009], [-72.23989753764296, 43.79293441367434], [-72.2400157027856, 43.79304866696266], [-72.24018703042613, 43.79320099503841], [-72.24037959699356, 43.7933518940874], [-72.24039619874978, 43.79336688727884], [-72.24051849860827, 43.793494755651814], [-72.24065930809904, 43.79358340485584], [-72.2407951448642, 43.79362682091948], [-72.24098967948076, 43.79365026011318], [-72.24137153662099, 43.79365571644832], [-72.24180989490384, 43.79366027581732], [-72.24181159923882, 43.79366029909925], [-72.24221261270833, 43.79366708446285], [-72.24245471288322, 43.79366197420936], [-72.24270847923559, 43.79364151292209], [-72.2429566659852, 43.793598865076866], [-72.2432506604923, 43.793547217566875], [-72.24325291503338, 43.79354683205824], [-72.24349307665668, 43.79350688783128], [-72.24350812773679, 43.793504844660475], [-72.24352335751102, 43.793503689112434], [-72.24375940486026, 43.79349274459154], [-72.2439433581272, 43.793471475775746], [-72.24428379953528, 43.793377327759735], [-72.24429435253985, 43.79337466500681], [-72.24467607633568, 43.793287406799635], [-72.24469405083346, 43.793283990580974], [-72.24471240103466, 43.79328186702183], [-72.24473095021797, 43.79328105657307], [-72.24474951974587, 43.79328156703973], [-72.24476793078483, 43.79328339350578], [-72.24478600602768, 43.793286518381436], [-72.24480357140104, 43.793290911572655], [-72.2448204577417, 43.79329653077091], [-72.24483650242578, 43.79330332186053], [-72.2448515509348, 43.793311219440035], [-72.24486545834377, 43.79332014745182], [-72.24487809071687, 43.793330019914684], [-72.24488932639734, 43.79334074175184], [-72.24489905717913, 43.79335220970658], [-72.24490718934891, 43.793364313336596], [-72.24491364458869, 43.793376936077685], [-72.24491836073005, 43.793389956366205], [-72.24492129235291, 43.7934032488099], [-72.24492241122297, 43.793416685395364], [-72.24492170656372, 43.79343013672102], [-72.24491918516011, 43.7934434732432], [-72.24491487129356, 43.793456566523794], [-72.2449088065078, 43.79346929046714], [-72.24490104920909, 43.79348152253443], [-72.2448916741037, 43.79349314492385], [-72.24488077147836, 43.79350404570504], [-72.244868446331, 43.79351411989712], [-72.24485481735934, 43.793523270479646], [-72.24484001581794, 43.79353140932711], [-72.24482418425407, 43.793538458057505], [-72.24480747513489, 43.79354434878734], [-72.24479004937913, 43.79354902478531], [-72.24441365485974, 43.79363506481324], [-72.24406011137634, 43.793732836172694], [-72.24404152640169, 43.79373719449156], [-72.24402242045657, 43.79374014267387], [-72.24381026996811, 43.79376467168328], [-72.24379251929915, 43.79376610613218], [-72.24356286827833, 43.793776754103945], [-72.24333879604607, 43.79381402229627]]]}}, {"type": "Feature", "properties": {}, "geometry": {"type": "Polygon", "coordinates": [[[-72.23206158426035, 43.793966358357984], [-72.232044049597, 43.79397081584583], [-72.23202599620504, 43.7939740068976], [-72.23200759794965, 43.79397590078148], [-72.23198903201722, 43.79397647925825], [-72.23197047720906, 43.793975736756806], [-72.23195211221935, 43.79397368042791], [-72.2319341139141, 43.793970330075254], [-72.23191665562793, 43.793965717964774], [-72.2318999054946, 43.79395988851391], [-72.23188402482783, 43.79395289786381], [-72.23186916656766, 43.793944813338655], [-72.23185547380761, 43.79393571279723], [-72.23184307841655, 43.793925683883195], [-72.2318320997687, 43.79391482318089], [-72.2318226435941, 43.793903235285235], [-72.23181480096027, 43.793891031794395], [-72.23180864739527, 43.793878330234975], [-72.23180424216035, 43.7938652529302], [-72.23180162767923, 43.79385192582188], [-72.23180082912963, 43.79383847725747], [-72.2318018542008, 43.79382503675404], [-72.23180469301951, 43.793811733750914], [-72.23180931824524, 43.79379869636316], [-72.23181568533347, 43.79378605014773], [-72.23182373296471, 43.793773916894324], [-72.23183338363513, 43.79376241345243], [-72.23184454440292, 43.79375165060611], [-72.23185710778347, 43.79374173200703], [-72.23187095278443, 43.793732753176315], [-72.23188594607103, 43.79372480058453], [-72.2319019432501, 43.79371795081909], [-72.2319609125492, 43.793695452787645], [-72.23196234448064, 43.793694912111874], [-72.23285733959565, 43.793360477589395], [-72.23286284645492, 43.793358501087106], [-72.23306817795712, 43.79328778660603], [-72.23306921057069, 43.793287433741874], [-72.23322476071343, 43.79323469377633], [-72.23323401639863, 43.79323177088767], [-72.23353261073328, 43.79314426221368], [-72.23354670855109, 43.79314059356318], [-72.23356116258981, 43.79313774362551], [-72.23391206143697, 43.79307924761892], [-72.23393248237022, 43.79307668636025], [-72.23426959901332, 43.79304805875791], [-72.23428813936866, 43.79304714932348], [-72.23430671350451, 43.79304756065948], [-72.23432514254303, 43.79304928880458], [-72.23434324900366, 43.79305231711588], [-72.2343608585124, 43.79305661642932], [-72.23437780148105, 43.79306214534037], [-72.23439391474032, 43.79306885060298], [-72.23440904311137, 43.793076667642154], [-72.23442304090007, 43.793085521175975], [-72.23443577330025, 43.79309532594047], [-72.23444711769186, 43.79310598751088], [-72.23445696482187, 43.793117403210815], [-72.23446521985652, 43.793129463101295], [-72.23447180329455, 43.79314205103931], [-72.23447665173295, 43.793155045796404], [-72.23447971847753, 43.793168322226215], [-72.23448097399273, 43.793181752469565], [-72.23448040618602, 43.79319520718597], [-72.23447802052448, 43.79320855679909], [-72.23447383998216, 43.79322167274475], [-72.23446790481884, 43.79323442870904], [-72.23446027219245, 43.79324670184476], [-72.23445101560854, 43.79325837395459], [-72.23444022421245, 43.79326933262936], [-72.23442800193084, 43.793279472330596], [-72.2344144664708, 43.793288695407036], [-72.23439974818629, 43.79329691303494], [-72.23438398882274, 43.793304046073665], [-72.23436734015199, 43.793310025827736], [-72.23434996251058, 43.7933147947085], [-72.23433202325562, 43.79331830678876], [-72.23431369515298, 43.793320528245054], [-72.2339868844012, 43.79334828069332], [-72.23366073045915, 43.793402651655335], [-72.2333807359278, 43.79348470934259], [-72.23323027637218, 43.79353572336031], [-72.23302823536534, 43.79360530468409], [-72.2321366864217, 43.79393845179154], [-72.23207843132579, 43.793960677362335], [-72.23206158426035, 43.793966358357984]]]}}, {"type": "Feature", "properties": {}, "geometry": {"type": "Polygon", "coordinates": [[[-72.26676312806691, 43.793641350177374], [-72.26675058030686, 43.793631421198064], [-72.26673943649455, 43.79362064912654], [-72.2667298039506, 43.79360913770417], [-72.26672177544114, 43.79359699779263], [-72.26671542828433, 43.79358434630625], [-72.2667108236058, 43.79357130508602], [-72.26670800575009, 43.793557999726254], [-72.26670700185348, 43.79354455836496], [-72.26670782158284, 43.79353111044982], [-72.26671045704252, 43.7935177854916], [-72.26671488285042, 43.793504711816766], [-72.26672105638251, 43.7934920153318], [-72.26672891818336, 43.79347981831047], [-72.26673839253873, 43.793468238216434], [-72.26674938820483, 43.79345738657195], [-72.26676179928702, 43.79344736788387], [-72.26677550625966, 43.79343827863718], [-72.26679037711723, 43.79343020636589], [-72.2668062686456, 43.79342322880995], [-72.2668230278012, 43.793417413166644], [-72.26684049318499, 43.79341281544347], [-72.26685849659671, 43.7934094799187], [-72.26687686465473, 43.793407438715114], [-72.26689542046581, 43.79340671149045], [-72.26691398532853, 43.79340730524823], [-72.26693238045435, 43.793409214270305], [-72.26695042868931, 43.793412420171855], [-72.26709990639516, 43.793444679690026], [-72.26710990588158, 43.79344705880508], [-72.26738085402128, 43.7935176243559], [-72.26738913950567, 43.79351994255895], [-72.26762674260395, 43.793591103850495], [-72.26764354659018, 43.793596851289344], [-72.26765949195992, 43.79360376414878], [-72.26767442515114, 43.79361177585459], [-72.26768820234939, 43.79362080925009], [-72.26770069087286, 43.793630777339146], [-72.26771177045009, 43.793641584124096], [-72.26772133437835, 43.793653125530085], [-72.2677292905512, 43.79366529040745], [-72.26773556234559, 43.79367796160212], [-72.26774008935972, 43.79369101708382], [-72.26774282799494, 43.793704331121354], [-72.2677437518755, 43.79371777549337], [-72.26774285210271, 43.79373122072327], [-72.26774013734067, 43.793744537326084], [-72.26773563373281, 43.79375759705551], [-72.26772938465032, 43.79377027413903], [-72.2677214502743, 43.79378244648909], [-72.26771190701636, 43.793793996878996], [-72.26770084678272, 43.79380481407178], [-72.26768837608911, 43.793814793891535], [-72.26767461503503, 43.79382384022671], [-72.26765969614708, 43.79383186595572], [-72.26764376310264, 43.79383879378598], [-72.26762696934621, 43.793844556998316], [-72.26760947661165, 43.79384910008951], [-72.26759145336449, 43.79385237930683], [-72.26757307317953, 43.79385436306942], [-72.26755451306917, 43.79385503227242], [-72.26753595177864, 43.793854380471025], [-72.26751756806452, 43.79385241394247], [-72.26749953897321, 43.79384915162562], [-72.2674820381358, 43.79384462493859], [-72.26724853942596, 43.79377469285258], [-72.26698672467526, 43.793706505958866], [-72.26684229179223, 43.793675335172715], [-72.2668247641954, 43.79367086324684], [-72.26680792611316, 43.793665168378254], [-72.26679193970622, 43.79365830541199], [-72.26677695893301, 43.793650340442554], [-72.26676312806691, 43.793641350177374]]]}}, {"type": "Feature", "properties": {}, "geometry": {"type": "Polygon", "coordinates": [[[-72.24307451192318, 43.80073454405876], [-72.24305651598264, 43.800737906795725], [-72.2430381516186, 43.80073997576283], [-72.2430195956911, 43.80074073103467], [-72.24300102690506, 43.800740165337515], [-72.2429826240893, 43.800738284119376], [-72.24296456447412, 43.80073510549753], [-72.2429470219846, 43.800730660084064], [-72.24293016556545, 43.800724990690995], [-72.242914157554, 43.800718151918026], [-72.24289915211672, 43.800710209626665], [-72.24288529376454, 43.800701240305926], [-72.24287271596113, 43.80069133033573], [-72.24286153983748, 43.80068057515492], [-72.24285187302544, 43.800669078342196], [-72.24284380862112, 43.80065695061855], [-72.24283742428837, 43.8006443087809], [-72.24283278151088, 43.80063127457736], [-72.24282992500005, 43.800617973534656], [-72.2428288822645, 43.80060453374919], [-72.2428296633451, 43.80059108465352], [-72.24283226071843, 43.80057775576973], [-72.24283664936915, 43.800564675462155], [-72.2428427870311, 43.80055196970109], [-72.24285061459427, 43.80053976084969], [-72.24403584467471, 43.798906075166194], [-72.24404528626714, 43.79889448069959], [-72.24405625141631, 43.79888361236427], [-72.2440686345215, 43.79887357482777], [-72.24408231632648, 43.79886446475667], [-72.24409716506811, 43.79885636988546], [-72.24411303774527, 43.79884936817178], [-72.24412978149589, 43.79884352704558], [-72.2441472350693, 43.79883890275973], [-72.244165230379, 43.798835539848355], [-72.2441835941214, 43.798833470697936], [-72.24420214944473, 43.79883271523538], [-72.24422071765235, 43.79883328073616], [-72.24423911992349, 43.79883516175424], [-72.24425717903537, 43.798838340174505], [-72.24427472106997, 43.79884278538725], [-72.24429157708884, 43.798848454582895], [-72.24430758476011, 43.79885529316435], [-72.24432258992174, 43.7988632352727], [-72.24433644806618, 43.798872204421535], [-72.24434902573206, 43.79888211423348], [-72.2443602017895, 43.79889286927205], [-72.24436986860658, 43.798904365960794], [-72.24437793308601, 43.79891649358067], [-72.24438431756168, 43.79892913533644], [-72.24438896054669, 43.798942169481336], [-72.24439181732542, 43.79895547048965], [-72.24439286038444, 43.79896891026552], [-72.24439207967724, 43.798982359376616], [-72.24438948272129, 43.7989956883006], [-72.2443850945255, 43.799008768672515], [-72.24437895734948, 43.799021474521034], [-72.2443711302967, 43.7990336834816], [-72.24318590679704, 43.80066737262175], [-72.24317646475798, 43.80067896701267], [-72.24316549911984, 43.80068983525898], [-72.24315311548737, 43.80069987269312], [-72.2431394331216, 43.800708982648686], [-72.24312458379124, 43.800717077391376], [-72.24310871050385, 43.80072407896399], [-72.24309196612842, 43.800729919937154], [-72.24307451192318, 43.80073454405876]]]}}, {"type": "Feature", "properties": {}, "geometry": {"type": "Polygon", "coordinates": [[[-72.23049737471433, 43.80204202526103], [-72.2304797790256, 43.8020376907533], [-72.23046285466746, 43.80203212798271], [-72.23044676463155, 43.8020253905221], [-72.2304316638743, 43.80201754325727], [-72.23041769782466, 43.8020086617621], [-72.23040500098347, 43.80199883157067], [-72.23039369562815, 43.80198814735354], [-72.23038389063515, 43.80197671200599], [-72.23037568043138, 43.80196463565705], [-72.2303691440848, 43.80195203460891], [-72.23036434454313, 43.801939030216836], [-72.23036132802746, 43.80192574772044], [-72.23036012358737, 43.80191231503757], [-72.23036074282103, 43.801898861532386], [-72.23036317976369, 43.80188551676941], [-72.23036741094506, 43.801872409265926], [-72.23037339561547, 43.801859665254156], [-72.2303810761383, 43.801847407465615], [-72.2303903785451, 43.801835753949184], [-72.23040121324803, 43.801824816934236], [-72.23041347590257, 43.80181470174975], [-72.23042704841251, 43.80180550581008], [-72.23044180006723, 43.80179731767668], [-72.23045758880055, 43.80179021620536], [-72.23047426255891, 43.80178426978678], [-72.23049166076565, 43.80177953568782], [-72.23068068207294, 43.80173563807704], [-72.23104668882982, 43.80162546765478], [-72.23106418044739, 43.80162091779418], [-72.23108220357535, 43.80161763159238], [-72.23110058464219, 43.8016156406971], [-72.2311191466294, 43.80161496428162], [-72.23113771077605, 43.80161560886016], [-72.23115609830053, 43.80161756822509], [-72.23117413212206, 43.80162082350682], [-72.23119163856622, 43.8016253433554], [-72.23120844903724, 43.80163108424249], [-72.23122440164194, 43.80163799088056], [-72.23123934274855, 43.80164599675528], [-72.23125312846642, 43.80165502476617], [-72.23126562603169, 43.80166498796891], [-72.2312767150858, 43.801675790412915], [-72.23128628883477, 43.80168732806512], [-72.23129425507759, 43.80169948981204], [-72.2313005370942, 43.801712158529725], [-72.2313050743844, 43.80172521221177], [-72.23130782325053, 43.8017385251443], [-72.23130875721834, 43.801751969116616], [-72.231307867292, 43.80176541465597], [-72.23130516204074, 43.801778732274414], [-72.23130066751645, 43.80179179371585], [-72.2312944270028, 43.801804473191275], [-72.23128650059839, 43.80181664859012], [-72.23127696463803, 43.8018282026563], [-72.23126591095767, 43.80183902411746], [-72.23125344600997, 43.80184900875659], [-72.23123968983904, 43.80185806041571], [-72.23122477492446, 43.80186609192197], [-72.23120884490535, 43.80187302592716], [-72.23119205319709, 43.80187879565262], [-72.2308187318834, 43.80199116786038], [-72.23080387711455, 43.80199512060618], [-72.23060731357049, 43.80204076982194], [-72.23058935839495, 43.80204424602458], [-72.23057101923395, 43.802046430833045], [-72.23055247270477, 43.80204730320636], [-72.23053389742188, 43.80204685474298], [-72.2305154722766, 43.802045089761926], [-72.23049737471433, 43.80204202526103]]]}}, {"type": "Feature", "properties": {}, "geometry": {"type": "Polygon", "coordinates": [[[-72.24160714769842, 43.802963646137826], [-72.24160227602326, 43.802971643563865], [-72.24146115465845, 43.80318465940188], [-72.24140286339012, 43.80329377798579], [-72.24139564358808, 43.80330560404283], [-72.241386918309, 43.80331688517713], [-72.24121904348829, 43.80351177960499], [-72.24120978571482, 43.8035215591207], [-72.24101167452275, 43.80371257394381], [-72.2410081361574, 43.80371587937916], [-72.24080347311778, 43.803901164555896], [-72.24079957721152, 43.803904577164325], [-72.24058440427297, 43.80408697954007], [-72.24058370912145, 43.804087565469494], [-72.24037514322112, 43.80426236260173], [-72.24037127300885, 43.804265507246875], [-72.24014922982718, 43.804440438596004], [-72.23998958444996, 43.804570201554675], [-72.23991018914575, 43.804634735531046], [-72.23990376810657, 43.80463970106333], [-72.23970036549579, 43.80478937744611], [-72.23969669085139, 43.80479200868593], [-72.23948956855116, 43.80493632540831], [-72.23948841643326, 43.804937121440204], [-72.23932469105556, 43.80504929543316], [-72.23914905476786, 43.805173810570494], [-72.23913786704067, 43.80518113352475], [-72.23899016797141, 43.805270336165826], [-72.23898165386709, 43.80527518612656], [-72.23881026728118, 43.80536719299561], [-72.23880154963604, 43.805371603803195], [-72.23860648495841, 43.80546450850131], [-72.23859564062278, 43.80546930395267], [-72.23838745516942, 43.805554557524005], [-72.23838588933984, 43.80555519167195], [-72.23811140409529, 43.805665122721265], [-72.23809401146518, 43.805672533213404], [-72.237868860415, 43.80576846576503], [-72.23780657749052, 43.80579833152604], [-72.23779059503784, 43.805805203227955], [-72.2377737595185, 43.805810907303034], [-72.23775623306855, 43.805815388817564], [-72.23773818447825, 43.805818604611865], [-72.23771978756646, 43.80582052371585], [-72.23770121950668, 43.8058211276474], [-72.23768265912068, 43.8058204105903], [-72.23766428515636, 43.805818379450216], [-72.23764627456619, 43.80581505378829], [-72.2376288008031, 43.805810465632675], [-72.23761203214988, 43.80580465917012], [-72.23759613009861, 43.80579769032033], [-72.23758124779529, 43.805789626197566], [-72.23756752856501, 43.80578054446415], [-72.23755510453152, 43.805770532582585], [-72.23754409534496, 43.80575968697319], [-72.23753460702942, 43.80574811208552], [-72.23752673096196, 43.80573591939246], [-72.23752054299267, 43.80572322631665], [-72.2375161027141, 43.805710155099625], [-72.23751345288746, 43.805696831624545], [-72.23751261903087, 43.805683384203874], [-72.23751360917362, 43.80566994234368], [-72.23751641377885, 43.80565663549635], [-72.23752100583555, 43.80564359181398], [-72.23752734111858, 43.80563093691413], [-72.2375353586148, 43.80561879267015], [-72.23754498111057, 43.80560727603739], [-72.23755611593543, 43.80559649792692], [-72.23756865585459, 43.805586562137414], [-72.23758248010165, 43.80557756435556], [-72.23759745554172, 43.80556959123443], [-72.23766392836434, 43.80553771639217], [-72.2376724496466, 43.805533861745765], [-72.23790193234551, 43.80543608369533], [-72.23792150224665, 43.805427745542005], [-72.23792588421534, 43.805425934972575], [-72.23820179134016, 43.805315434594625], [-72.2384036621185, 43.805232767038184], [-72.23858897099136, 43.80514450893797], [-72.23875173116417, 43.80505713322806], [-72.23888947352921, 43.804973944124804], [-72.23906087223541, 43.80485243352705], [-72.23906320111897, 43.80485081044303], [-72.23922752207022, 43.80473822873374], [-72.23943220846097, 43.804595609711846], [-72.23963050299123, 43.80444969265408], [-72.23970677287987, 43.804387699304215], [-72.23986739784264, 43.8042571406101], [-72.23986937305301, 43.80425556002261], [-72.24009044399278, 43.804081395269336], [-72.24029675961714, 43.803908484750956], [-72.24050960036226, 43.8037280601097], [-72.24071054982205, 43.80354613770751], [-72.24090200605563, 43.803361540363824], [-72.2410560632776, 43.80318268861667], [-72.24111056508706, 43.803080664816484], [-72.24111644436483, 43.803070821193266], [-72.24125816031328, 43.802856909726565], [-72.24138835057735, 43.80262330242567], [-72.24155129541813, 43.80232855585062], [-72.24155460668176, 43.802322932653155], [-72.24173074310524, 43.80204137411266], [-72.24173422182565, 43.80203611373912], [-72.24196051705498, 43.80171180227092], [-72.24196189005626, 43.80170987264665], [-72.2421550539497, 43.80144359335675], [-72.24216089884965, 43.80143611480842], [-72.2422152418528, 43.801371399414336], [-72.24222506720808, 43.80136083660595], [-72.24223620289739, 43.8013509793824], [-72.24236895093819, 43.801244015849036], [-72.24238203851515, 43.80123445835854], [-72.24239635648884, 43.80122587599844], [-72.2424117669696, 43.80121835142113], [-72.24242812154651, 43.80121195709198], [-72.24244526271677, 43.801206754591504], [-72.24246302540236, 43.80120279402233], [-72.24248123853994, 43.80120011352667], [-72.24249972672817, 43.80119873891896], [-72.24251831191688, 43.80119868343739], [-72.24253681512177, 43.80119994761623], [-72.24255505814807, 43.80120251928086], [-72.24257286530658, 43.80120637366489], [-72.24259006510566, 43.801211473648756], [-72.24260649190272, 43.80121777011712], [-72.24262198749939, 43.801225202431915], [-72.24263640266508, 43.80123369901631], [-72.24264959857412, 43.801243178043975], [-72.2426614481427, 43.80125354822711], [-72.24267183725274, 43.80126470969563], [-72.242680665851, 43.80127655495888], [-72.24268784891257, 43.801288969940906], [-72.24269331725975, 43.8013018350789], [-72.2426970182284, 43.80131502647484], [-72.242698916175, 43.80132841708851], [-72.24269899282012, 43.80134187796109], [-72.24269724742439, 43.801355279457], [-72.24269369679571, 43.801368492512424], [-72.24268837512746, 43.801381389878266], [-72.2426813336692, 43.80139384734558], [-72.24267264023312, 43.801405744941846], [-72.24266237854113, 43.80141696808635], [-72.24265064741842, 43.80142740869365], [-72.24252969315366, 43.80152486961772], [-72.2424876019265, 43.80157499506523], [-72.24229789677509, 43.801836508419505], [-72.24207409543234, 43.80215724840246], [-72.2419013645596, 43.80243336561427], [-72.24173989219534, 43.80272545173868], [-72.2417396953913, 43.802725806302], [-72.24160714769842, 43.802963646137826]]]}}, {"type": "Feature", "properties": {}, "geometry": {"type": "Polygon", "coordinates": [[[-72.23334974076658, 43.80977111060562], [-72.23338721588543, 43.80962640948983], [-72.23338970101355, 43.809618207946315], [-72.233439000079, 43.80947639205538], [-72.2334437179546, 43.80946494963399], [-72.23344979222098, 43.80945384773611], [-72.2335332606246, 43.80931877906931], [-72.23353700817601, 43.80931307121846], [-72.2336535044729, 43.809145692914555], [-72.23366071434046, 43.809136273335724], [-72.23379295037381, 43.80897845680825], [-72.23379761027196, 43.8089731717436], [-72.23399271648104, 43.80876265758726], [-72.23399748644795, 43.80875774669805], [-72.234156522297, 43.80860139889421], [-72.23416038853782, 43.80859772894775], [-72.23437698512703, 43.80839914838828], [-72.2343787848645, 43.80839752385176], [-72.23453507527329, 43.80825862134671], [-72.23469455731188, 43.80811267677557], [-72.23486724929411, 43.80792524978025], [-72.23487595419175, 43.807916559112584], [-72.23499881238452, 43.80780349109719], [-72.23503970429579, 43.807759930575415], [-72.2351331520719, 43.80766038416658], [-72.23527942789354, 43.807490978635336], [-72.23540080570025, 43.8073426327988], [-72.23548947994334, 43.80723425533562], [-72.23563193790233, 43.80705693064502], [-72.23564206218988, 43.80704564179493], [-72.23565366559902, 43.80703512597325], [-72.23566663638225, 43.807025484452645], [-72.23568084962382, 43.80701681008582], [-72.23569616844266, 43.80700918641123], [-72.23571244531063, 43.8070026868486], [-72.23572952347322, 43.80699737399193], [-72.23574723845925, 43.80699329900659], [-72.23576541966472, 43.806990501136696], [-72.23578389199581, 43.80698900732707], [-72.23580247755505, 43.80698883196382], [-72.2358209973546, 43.80698997673579], [-72.23583927303983, 43.80699243061829], [-72.23585712860705, 43.80699616997923], [-72.23587439209845, 43.80700115880675], [-72.23589089725803, 43.80700734905603], [-72.23590648513279, 43.80701468111194], [-72.23592100560346, 43.80702308436319], [-72.23593431883025, 43.807032477882316], [-72.23594629659952, 43.80704277120497], [-72.23595682355861, 43.80705386520133], [-72.23596579832667, 43.80706565303052], [-72.23597313447118, 43.807078021169666], [-72.23597876134018, 43.80709085050716], [-72.23598262474282, 43.807104017489706], [-72.23598468747134, 43.80711739531224], [-72.23598492965934, 43.80713085513913], [-72.23598334897316, 43.807144267344874], [-72.23597996063451, 43.80715750276252], [-72.23597479727377, 43.80717043392762], [-72.2359679086159, 43.80718293630573], [-72.23595936100158, 43.80719488949183], [-72.23581652358244, 43.807372687715535], [-72.23581575818645, 43.8073736317589], [-72.23572669884612, 43.80748248060668], [-72.23560416691167, 43.80763223798247], [-72.23560181227883, 43.807635038894055], [-72.23545241682922, 43.80780805840429], [-72.2354484614086, 43.80781245025823], [-72.23535297826969, 43.807914165428805], [-72.23530837710778, 43.80796167752575], [-72.23530058759926, 43.80796938402516], [-72.23517823696093, 43.8080819854603], [-72.23500540085011, 43.80826956990865], [-72.23499637355714, 43.80827855642126], [-72.23483128787656, 43.808429629664566], [-72.23482959539876, 43.808431155971256], [-72.23467335983925, 43.80857001033163], [-72.23445963072464, 43.80876596281216], [-72.23430494491336, 43.80891803485835], [-72.23411456342664, 43.80912345232518], [-72.23398843487414, 43.809273980875695], [-72.23387725325637, 43.80943372449477], [-72.2338023234105, 43.809554977203085], [-72.23375847813325, 43.80968110668727], [-72.2337225562359, 43.80981981373176], [-72.23369746002102, 43.809934091378395], [-72.2336967355174, 43.80993716483521], [-72.23366493608874, 43.81006339617839], [-72.23363839482877, 43.810182014551096], [-72.23363531433603, 43.81019294545999], [-72.23358600242814, 43.81033761905059], [-72.23358458797051, 43.81034152126035], [-72.2335366797589, 43.81046619446157], [-72.23353449560004, 43.81047146643691], [-72.23346806139443, 43.81062086221694], [-72.2334592324113, 43.81063709636045], [-72.23345817162784, 43.810638733057644], [-72.23336122136631, 43.81078832322476], [-72.23335289957481, 43.81079973456006], [-72.23334313372203, 43.81081052905608], [-72.23321761276362, 43.810935973251375], [-72.23320694112928, 43.8109456817615], [-72.23319510158424, 43.81095465215384], [-72.2331258605122, 43.81100257301447], [-72.23311180832748, 43.81101138470375], [-72.23309663111611, 43.81101915653518], [-72.23308047504337, 43.81102581366142], [-72.23306349570167, 43.811031291970295], [-72.23304585661221, 43.8110355387024], [-72.23302772765001, 43.811038512959115], [-72.23300928340804, 43.81104018609651], [-72.23299070151558, 43.81104054200129], [-72.23297216092763, 43.81103957724586], [-72.23295384020143, 43.811037301121395], [-72.23293591577672, 43.81103373554839], [-72.23291856027656, 43.81102891486548], [-72.23290194084481, 43.811022885498765], [-72.23288621753642, 43.81101570551471], [-72.23287154177596, 43.81100744406088], [-72.23285805489934, 43.8109981807], [-72.23284588679259, 43.81098800464374], [-72.23283515464107, 43.81097701389355], [-72.23282596180084, 43.81096531429673], [-72.23281839680335, 43.81095301852721], [-72.23281253250286, 43.81094024500026], [-72.23280842537478, 43.810927116732216], [-72.23280611497191, 43.81091376015565], [-72.23280562354348, 43.810900303901796], [-72.23280695582105, 43.810886877561764], [-72.23281009897278, 43.81087361043847], [-72.23281502272728, 43.81086063030143], [-72.23282167966507, 43.8108480621562], [-72.23283000567525, 43.810836027040644], [-72.23283992057311, 43.810824640859124], [-72.2328513288722, 43.8108140132664], [-72.23286412070408, 43.810804246611546], [-72.23292093585711, 43.81076492569594], [-72.23302588069458, 43.81066004557045], [-72.23311116861683, 43.810528451044675], [-72.23317273856755, 43.81038999574891], [-72.2332188815642, 43.810269918125556], [-72.2332656792408, 43.81013262338094], [-72.23329128815146, 43.810018175044945], [-72.23329192483945, 43.81001549781426], [-72.23332367529511, 43.80988946398873], [-72.23334884580075, 43.80977485130134], [-72.23334974076658, 43.80977111060562]]]}}, {"type": "Feature", "properties": {}, "geometry": {"type": "Polygon", "coordinates": [[[-72.23588008042857, 43.824885407066596], [-72.23589861356973, 43.824886483540034], [-72.23591691173212, 43.82488887000294], [-72.23593479869555, 43.824892543472515], [-72.23595210219985, 43.82489746857147], [-72.2359686556037, 43.82490359786871], [-72.23598429948949, 43.824910872336126], [-72.23599888319853, 43.824919221917014], [-72.23601226628205, 43.824928566200775], [-72.23602431985366, 43.824938815197264], [-72.23603492783064, 43.8249498702035], [-72.23604398805202, 43.82496162475413], [-72.2360514132622, 43.824973965646784], [-72.23605713195154, 43.82498677403222], [-72.23606108904492, 43.824999926558974], [-72.23606324643228, 43.825013296561174], [-72.2360635833356, 43.825026755278486], [-72.23606209650907, 43.825040173096134], [-72.23605880027047, 43.82505342079312], [-72.2360537263632, 43.82506637078673], [-72.23604692365073, 43.8250788983612], [-72.23603845764602, 43.82509088286884], [-72.2360284098806, 43.825102208891956], [-72.23601687711945, 43.82511276735433], [-72.23600397042905, 43.82512245657176], [-72.2359898141079, 43.82513118323138], [-72.23597454448925, 43.825138863290235], [-72.23595830862837, 43.82514542278474], [-72.2358190205888, 43.825195373315495], [-72.23569053091153, 43.82526060819281], [-72.23567480265551, 43.82526778677348], [-72.23565817825649, 43.82527381466052], [-72.23564081781723, 43.82527863380174], [-72.23562288852918, 43.82528219778586], [-72.23560456306222, 43.825284472289596], [-72.23558601790181, 43.825285435408055], [-72.23556743164916, 43.825285077865814], [-72.23554898330129, 43.82528340310625], [-72.23553085052701, 43.82528042725831], [-72.23551320795603, 43.82527617898123], [-72.23549622549686, 43.825270699188515], [-72.23548006670073, 43.82526404065388], [-72.23546488718628, 43.82525626750303], [-72.23545083314094, 43.825247454596095], [-72.235438039913, 43.82523768680659], [-72.23542663070822, 43.825227058204135], [-72.23541671540312, 43.82521567114838], [-72.23540838948699, 43.8252036353033], [-72.23540173314225, 43.82519106658101], [-72.23539681047217, 43.82517808602549], [-72.23539366888376, 43.82516481864677], [-72.23539233863102, 43.82515139221714], [-72.23539283252383, 43.82513793604049], [-72.2353951458045, 43.82512457970713], [-72.23539925619369, 43.82511145184576], [-72.23540512410501, 43.82509867888465], [-72.23541269302628, 43.82508638383415], [-72.23542189006382, 43.825074685101974], [-72.23543262664454, 43.825063695352945], [-72.23544479936886, 43.82505352042392], [-72.23545829100667, 43.82504425830462], [-72.23547297162614, 43.825035998193854], [-72.23561324713177, 43.82496477970231], [-72.2356253119718, 43.824959135817394], [-72.235637932741, 43.824954169920765], [-72.23579011988129, 43.8248995936656], [-72.23580716556546, 43.82489421792947], [-72.2358248569594, 43.82489007769687], [-72.23584302368626, 43.82488721284026], [-72.2358614907917, 43.824885650949575], [-72.23588008042857, 43.824885407066596]]]}}, {"type": "Feature", "properties": {}, "geometry": {"type": "Polygon", "coordinates": [[[-72.28080893329997, 43.795291471397704], [-72.28079223917348, 43.795297385152736], [-72.28077482519893, 43.795302085164565], [-72.28075685908335, 43.79530552616917], [-72.28073851385135, 43.795307675027644], [-72.28071996617864, 43.79530851104513], [-72.2807013946907, 43.79530802617029], [-72.28068297824234, 43.79530622507275], [-72.28066489419517, 43.795303125098194], [-72.28064731670956, 43.79529875610127], [-72.28063041506728, 43.79529316015807], [-72.28061435204116, 43.79528639116093], [-72.28059928232753, 43.79527851429937], [-72.28058535105636, 43.79526960543229], [-72.28057269239355, 43.79525975035739], [-72.28056142824884, 43.79524904398485], [-72.2805516671018, 43.79523758942332], [-72.28054350295704, 43.7952254969869], [-72.280537014439, 43.79521288313267], [-72.28053226403472, 43.795199869339264], [-72.2805292974921, 43.79518658093681], [-72.28052814337944, 43.795173145900044], [-72.28052881281026, 43.795159693615744], [-72.28053129933633, 43.79514635363676], [-72.28053557900991, 43.79513325443425], [-72.28054161061426, 43.79512052216045], [-72.2805493360608, 43.795108279433926], [-72.28055868094847, 43.795096644158455], [-72.28056955528028, 43.79508572838771], [-72.28058185433007, 43.795075637246114], [-72.28059545965114, 43.79506646791648], [-72.28061024021689, 43.79505830870396], [-72.28062605368274, 43.795051238185856], [-72.28078804115037, 43.79498653653002], [-72.28079930442638, 43.794982386465115], [-72.28098396896567, 43.79491987198032], [-72.2809876956521, 43.79491864575097], [-72.28115654684596, 43.79486467367391], [-72.28117752461327, 43.79485901577531], [-72.28134314748435, 43.794822259133845], [-72.28152130314191, 43.79473749580797], [-72.2815373174515, 43.79473066669578], [-72.28155417873117, 43.794725007473964], [-72.28157172459841, 43.794720572643584], [-72.28158978607787, 43.79471740491421], [-72.28160818922872, 43.79471553479262], [-72.28162675681973, 43.79471498028896], [-72.28164531003607, 43.79471574674339], [-72.28166367020134, 43.79471782677457], [-72.28168166049826, 43.794721200350835], [-72.28169910767153, 43.794725834983], [-72.28171584369626, 43.79473168603729], [-72.28173170739612, 43.79473869716522], [-72.28174654599559, 43.79474680084617], [-72.28176021659115, 43.794755919037684], [-72.28177258752761, 43.79476596392707], [-72.28178353966594, 43.794776838776926], [-72.28179296753068, 43.794788438856955], [-72.28180078032575, 43.79480065245242], [-72.28180690280888, 43.794813361940065], [-72.28181127601624, 43.79482644492083], [-72.28181385783034, 43.794839775398664], [-72.28181462338576, 43.794853224993886], [-72.28181356530854, 43.794866664179594], [-72.28181069378735, 43.79487996352901], [-72.28180603647533, 43.79489299496201], [-72.28179963822386, 43.794905632978555], [-72.28179156065069, 43.79491775586734], [-72.28178188154651, 43.79492924687798], [-72.2817706941258, 43.794939995345366], [-72.28175810612925, 43.794949897755465], [-72.281744238786, 43.79495885874223], [-72.28172922564632, 43.79496679200599], [-72.28152845332036, 43.79506231605886], [-72.28151303447615, 43.79506891796081], [-72.28149682349954, 43.79507443511961], [-72.28147996541963, 43.79507881817676], [-72.28129919043235, 43.79511893757077], [-72.28114246884971, 43.79516903253329], [-72.2809653852025, 43.795228980712864], [-72.28080893329997, 43.795291471397704]]]}}, {"type": "Feature", "properties": {}, "geometry": {"type": "Polygon", "coordinates": [[[-72.27894614049497, 43.79633791238916], [-72.27877377370775, 43.796407465101645], [-72.27874981192046, 43.79641560085321], [-72.27849606826966, 43.796486550763504], [-72.27848276323553, 43.79648986516909], [-72.27846915518576, 43.79649245488194], [-72.2782204551692, 43.79653269423428], [-72.27820179016378, 43.79653501143354], [-72.27795315987075, 43.79655667593421], [-72.27794724025998, 43.796557123499575], [-72.27766607473012, 43.7965751509016], [-72.27766002395174, 43.79657546818786], [-72.27734238330021, 43.796588423081594], [-72.27732446955305, 43.796588538921455], [-72.27710355763975, 43.79658239265543], [-72.27708417779188, 43.79658112879979], [-72.27690386924195, 43.796562565047225], [-72.27688538849947, 43.79655997794282], [-72.27665167077775, 43.79651843638214], [-72.27664616173213, 43.79651739333579], [-72.27646722276685, 43.7964814238179], [-72.27634940604075, 43.79646876557777], [-72.27621076589776, 43.79648215574372], [-72.27603975789093, 43.79650092328023], [-72.27601850988236, 43.79650237409602], [-72.27599717143805, 43.796502083901835], [-72.27587489406811, 43.796495414929524], [-72.27585775504721, 43.79649390848966], [-72.27584087666821, 43.79649127767019], [-72.27572358999237, 43.79646889979606], [-72.27570985106308, 43.79646587054656], [-72.27569646857526, 43.79646209584423], [-72.27555460589628, 43.796417523710595], [-72.27553617949661, 43.79641084945829], [-72.27551886309514, 43.796402764817365], [-72.27540270793196, 43.79634181074231], [-72.27539218338251, 43.79633586722299], [-72.27529956172538, 43.79627965022019], [-72.27520754272395, 43.796234953259464], [-72.27519762939039, 43.79622979490553], [-72.2750089531911, 43.7961247784409], [-72.274805434243, 43.79602133201481], [-72.2746239914979, 43.79594070210806], [-72.2744226177638, 43.79588586974896], [-72.27419749524462, 43.79583750724714], [-72.27419552650571, 43.79583707586612], [-72.27392452205923, 43.79577652867365], [-72.27391583619494, 43.7957744201279], [-72.27367443239123, 43.79571107326293], [-72.27365707728053, 43.795705798514014], [-72.27341082603063, 43.795620294764994], [-72.27340571733681, 43.79561845182488], [-72.27315516145944, 43.795524624971264], [-72.2728460742318, 43.79542376397366], [-72.27255156235906, 43.79533775167039], [-72.27219245113939, 43.795241252352376], [-72.27219029959515, 43.79524066339961], [-72.27187797615547, 43.79515359525055], [-72.27186934590041, 43.79515101060111], [-72.27156889537697, 43.795054678566814], [-72.27156585673147, 43.79505368101557], [-72.2712664101378, 43.79495306323699], [-72.2712660742807, 43.794952950094945], [-72.27098731495266, 43.794858802096314], [-72.27098413278942, 43.79485770110454], [-72.27074282053334, 43.79477220150194], [-72.27072654794185, 43.794765700633], [-72.27071123338187, 43.79475807571942], [-72.2706970243414, 43.7947494001937], [-72.27068405766147, 43.794739757606315], [-72.27067245821829, 43.794729240821106], [-72.27066233772051, 43.79471795112088], [-72.2706537936336, 43.79470599723203], [-72.27064690824108, 43.79469349427738], [-72.27064174785211, 43.79468056266753], [-72.27063836216308, 43.7946673269412], [-72.27063678377884, 43.79465391456578], [-72.2706370278989, 43.79464045470989], [-72.27063909217104, 43.79462707699927], [-72.27064295671398, 43.79461391026849], [-72.27064858430896, 43.79460108132017], [-72.27065592075816, 43.79458871370387], [-72.27066489540671, 43.79457692652614], [-72.27067542182321, 43.79456583330361], [-72.27068739863209, 43.79455554086964], [-72.2707007104899, 43.79454614834557], [-72.27071522919624, 43.7945377461861], [-72.27073081492827, 43.794530415308216], [-72.2707473175874, 43.79452422631184], [-72.2707645782447, 43.79451923880006], [-72.27078243067146, 43.794515500805055], [-72.27080070294015, 43.794513048325506], [-72.27081921907994, 43.79451190497996], [-72.2708378007715, 43.79451208177944], [-72.2708562690642, 43.794513577021235], [-72.27087444609947, 43.79451637630548], [-72.27089215682365, 43.794520452673694], [-72.27090923067377, 43.794525766868496], [-72.27114895817857, 43.79461070489613], [-72.27142595060047, 43.794704256055226], [-72.27172371496582, 43.79480430849842], [-72.27201836799179, 43.79489878163689], [-72.27232525788126, 43.794984334985564], [-72.27268577694628, 43.79508121255187], [-72.2726907249339, 43.79508259957245], [-72.27299121113192, 43.795170356618], [-72.27299818119738, 43.79517251063433], [-72.27331537468847, 43.79527601676987], [-72.27332455910958, 43.79527923207782], [-72.27357711148748, 43.795373806480995], [-72.273812292082, 43.79545546619198], [-72.274040528599, 43.79551535778493], [-72.27430617109741, 43.795574706993854], [-72.27453677786364, 43.795624247634564], [-72.27454956705942, 43.79562735816493], [-72.27477421230267, 43.79568852710847], [-72.27479078674482, 43.79569370589817], [-72.27480660515849, 43.795700004248616], [-72.27500845928633, 43.79578970449425], [-72.27501820832143, 43.79579434199671], [-72.27522985962145, 43.7959019218131], [-72.27523646819235, 43.795905437951575], [-72.27542355399657, 43.796009569001356], [-72.27551890308688, 43.79605588341772], [-72.27553505855363, 43.796064670576804], [-72.27563031621415, 43.79612248738154], [-72.27572430618913, 43.79617180987309], [-72.27583398003927, 43.79620626850016], [-72.27592060118165, 43.79622279549728], [-72.27600422433666, 43.79622735628072], [-72.27615569694976, 43.796210732669586], [-72.27615903672488, 43.79621038815145], [-72.27632578256515, 43.79619428345644], [-72.27634337372065, 43.79619318593862], [-72.27636102953348, 43.79619327992629], [-72.27637859651917, 43.79619456460241], [-72.27653436950186, 43.79621130087447], [-72.27655722420099, 43.796214811692586], [-72.27674469632511, 43.79625249650857], [-72.27696649626564, 43.79629191976962], [-72.27712782982296, 43.79630852994073], [-72.27733004534825, 43.79631415602878], [-72.27763570262273, 43.796301689862666], [-72.27791088036618, 43.79628404637471], [-72.2781471420706, 43.796263459620924], [-72.27837282872643, 43.796226943810694], [-72.27860104417736, 43.79616313193991], [-72.27875911081385, 43.796099349628086], [-72.27889065248708, 43.79604209920022], [-72.27900314700146, 43.79598758063511], [-72.27917517226145, 43.79588102806403], [-72.27932123198278, 43.79577446466058], [-72.27933495648571, 43.7957653888771], [-72.27934984301557, 43.79575733121063], [-72.27936574820728, 43.79575036926048], [-72.27938251888574, 43.79574457007366], [-72.27939999354089, 43.79573998949915], [-72.27941800388324, 43.79573667165011], [-72.27943637646437, 43.79573464847907], [-72.27945493434747, 43.7957339394701], [-72.27947349881123, 43.79573455145131], [-72.27949189107088, 43.795736478529044], [-72.2795099340001, 43.7957397021446], [-72.27952745383669, 43.795744191253036], [-72.27954428185602, 43.795749902622035], [-72.27956025599582, 43.79575678124831], [-72.27957522241698, 43.79576476088735], [-72.27958903698506, 43.79577376469129], [-72.2796015666583, 43.795783705948985], [-72.27961269076903, 43.795794488921146], [-72.2796223021856, 43.79580600976226], [-72.27963030834425, 43.795818157520735], [-72.27963663214054, 43.795830815207346], [-72.2796412126719, 43.79584386092192], [-72.27964400582422, 43.79585716902732], [-72.27964498469677, 43.79587061135934], [-72.27964413986125, 43.79588405846099], [-72.27964147945266, 43.79589738082933], [-72.27963702909105, 43.795910450162516], [-72.2796308316347, 43.795923140595534], [-72.2796229467676, 43.79593532991228], [-72.27961345042453, 43.79594690072265], [-72.27960243405988, 43.79595774159303], [-72.27959000376694, 43.79596774811947], [-72.27943850128018, 43.796078282843276], [-72.27942718728391, 43.79608589048628], [-72.27924080406136, 43.796201336671444], [-72.27922303685091, 43.79621109097824], [-72.2790974353049, 43.796271961750115], [-72.27908966312145, 43.79627553345351], [-72.27895151388627, 43.79633565975018], [-72.27894614049497, 43.79633791238916]]]}}, {"type": "Feature", "properties": {}, "geometry": {"type": "Polygon", "coordinates": [[[-72.29810438254245, 43.801972038967946], [-72.29808589650312, 43.80197064735771], [-72.29806768781037, 43.80196795010516], [-72.29804993182503, 43.80196397318647], [-72.2980327995479, 43.801958754901804], [-72.29801645597306, 43.8019523455064], [-72.29800105849871, 43.801944806726624], [-72.29798675541143, 43.80193621116543], [-72.29797368445796, 43.80192664160323], [-72.29796197151873, 43.80191619020055], [-72.29795172939549, 43.80190495761056], [-72.297943056725, 43.80189305200964], [-72.29793603702913, 43.80188058805559], [-72.2979307379105, 43.8018676857834], [-72.29792721040153, 43.80185446944926], [-72.29792548847286, 43.80184106633384], [-72.29792558870645, 43.80182760551656], [-72.29792751013576, 43.801814216632415], [-72.29793123425517, 43.80180102862363], [-72.29793672519826, 43.80178816849772], [-72.29794393008325, 43.8017757601045], [-72.29795277952229, 43.80176392294325], [-72.29796318828977, 43.80175277101196], [-72.29797505614313, 43.80174241170941], [-72.29798826878823, 43.801732944800904], [-72.2980026989801, 43.80172446145751], [-72.29801820774836, 43.80171704337802], [-72.29858187385707, 43.801475328865656], [-72.29858515456156, 43.801473953927264], [-72.29878689437166, 43.80139134538177], [-72.29880350246444, 43.8013853034172], [-72.29882084824665, 43.80138046957863], [-72.29883876466985, 43.80137689041826], [-72.29885707919013, 43.801374600405154], [-72.2988756154298, 43.80137362159326], [-72.29889419487594, 43.80137396340898], [-72.29891263859957, 43.801375622560485], [-72.29893076897874, 43.801378583069344], [-72.29894841140906, 43.801382816424415], [-72.29896539598526, 43.801388281856475], [-72.29898155913745, 43.801394926730715], [-72.29899674520622, 43.801402687053745], [-72.29901080794184, 43.80141148808986], [-72.29902361191266, 43.80142124508066], [-72.29903503380939, 43.80143186406145], [-72.2990449636326, 43.80144324276607], [-72.29905330575212, 43.80145527161177], [-72.29905997982809, 43.801467834754504], [-72.29906492158457, 43.801480811204684], [-72.2990680834287, 43.801494075992196], [-72.29906943490904, 43.801507501370025], [-72.29906896300886, 43.80152095804451], [-72.29906667227165, 43.80153431642051], [-72.29906258475722, 43.80154744784943], [-72.2990567398295, 43.80156022586826], [-72.29904919377734, 43.80157252741741], [-72.29904001927255, 43.80158423402593], [-72.29902930466999, 43.801595232952394], [-72.29901715315673, 43.80160541827072], [-72.29900368175832, 43.80161469189027], [-72.29898902021174, 43.80162296450061], [-72.29897330971602, 43.801630156431514], [-72.29877321921234, 43.80171208971921], [-72.29821118251289, 43.80195310580911], [-72.29819474447756, 43.80195938720994], [-72.29817753551664, 43.80196447141049], [-72.29815972136275, 43.80196830944686], [-72.29814147357696, 43.80197086435641], [-72.2981229678965, 43.8019721115338], [-72.29810438254245, 43.801972038967946]]]}}, {"type": "Feature", "properties": {}, "geometry": {"type": "Polygon", "coordinates": [[[-72.32710904364843, 43.81131984683778], [-72.32711003478565, 43.811322794164994], [-72.32719094919577, 43.811575531443815], [-72.32719255347233, 43.81158105695287], [-72.32725495198048, 43.811820329280195], [-72.3272577770303, 43.81183617902754], [-72.32727940036881, 43.81205926611053], [-72.32727971332318, 43.812074363100855], [-72.32726677774649, 43.81230809680453], [-72.3272661831533, 43.812314770001095], [-72.32724180935024, 43.81251298454679], [-72.32726366960165, 43.81292137140711], [-72.32732030330475, 43.8131870836953], [-72.32732223394363, 43.813200471897275], [-72.32732234308735, 43.813213932663224], [-72.32732062968354, 43.813227336358594], [-72.32731711023202, 43.81324055389841], [-72.32731181862589, 43.81325345799037], [-72.3273048058252, 43.813265924360756], [-72.32729613936615, 43.81327783295129], [-72.32728590271083, 43.813289069075424], [-72.32727419444332, 43.81329952452267], [-72.3272611273204, 43.81330909860097], [-72.32724682718558, 43.81331769910627], [-72.32723143175721, 43.81332524321056], [-72.32721508930216, 43.81333165825959], [-72.32719795720784, 43.813336882472576], [-72.32718020046659, 43.813340865537164], [-72.32716199008648, 43.81334356909403], [-72.3271435014446, 43.81334496710627], [-72.32712491259785, 43.81334504611016], [-72.32710640256823, 43.81334380534487], [-72.32708814961865, 43.813341256759706], [-72.32707032953611, 43.81333742489911], [-72.32705311393877, 43.81333234666626], [-72.32703666862312, 43.81332607096758], [-72.32702115196726, 43.813318658241876], [-72.32700671340548, 43.81331017987812], [-72.32699349198934, 43.81330071752806], [-72.32698161504828, 43.81329036231971], [-72.32697119696353, 43.81327921397981], [-72.32696233806645, 43.813267379873395], [-72.32695512367242, 43.81325497396975], [-72.32694962325913, 43.81324211574479], [-72.32694588979756, 43.81322892903053], [-72.3268876033888, 43.8129554545754], [-72.32688552901878, 43.81293984459513], [-72.32686278280245, 43.812514856234266], [-72.32686338730791, 43.81249737731239], [-72.3268884256871, 43.81229376871312], [-72.3269007596173, 43.81207093164074], [-72.32688064256098, 43.81186337130554], [-72.32682102014876, 43.81163473868592], [-72.32674146093096, 43.811386229583945], [-72.32666017910742, 43.81115563991876], [-72.3266574081703, 43.81114648417412], [-72.32659236796816, 43.810889951264166], [-72.32649387086218, 43.81052398313993], [-72.32637673073394, 43.81013843303574], [-72.3263758617475, 43.81013541125525], [-72.32631853512393, 43.8099241854098], [-72.32631660863922, 43.80991568425352], [-72.32627866474496, 43.8097075318381], [-72.32627748417715, 43.80969901456035], [-72.32622384256327, 43.80913555713165], [-72.32622347555413, 43.80912209874857], [-72.32622493188536, 43.809108679120094], [-72.32622819753051, 43.809095427484486], [-72.32623324103847, 43.80908247146209], [-72.32624001383647, 43.80906993582627], [-72.32624845069785, 43.80905794130175], [-72.32625847037032, 43.809046603402], [-72.32626997635843, 43.80903603131678], [-72.32628285785296, 43.809026326860646], [-72.32629699079803, 43.809017583492356], [-72.32631223908582, 43.8090098854149], [-72.32632845586744, 43.80900330676458], [-72.32634548496704, 43.80899791089699], [-72.32636316238593, 43.808993749777], [-72.32638131788188, 43.80899086347817], [-72.32639977660867, 43.808989279797], [-72.32641836079983, 43.80898901398506], [-72.3264368914807, 43.808990068602284], [-72.32645519019188, 43.80899243349219], [-72.32647308070791, 43.80899608587975], [-72.32649039073442, 43.80900099059071], [-72.32650695356726, 43.80900710039032], [-72.32652260969802, 43.80901435643821], [-72.3265372083501, 43.80902268885509], [-72.32655060893082, 43.80903201739565], [-72.32656268238529, 43.809042252221374], [-72.32657331243932, 43.80905329476575], [-72.3265823967193, 43.809065038683435], [-72.32658984773798, 43.809077370874455], [-72.32659559373714, 43.80909017257339], [-72.3265995793787, 43.80910332049314], [-72.3266017662776, 43.80911668801222], [-72.32665500470155, 43.809675873288874], [-72.32669139712665, 43.80987550779989], [-72.3267471663056, 43.81008099037503], [-72.32686434085919, 43.810466645929104], [-72.3268652673475, 43.81046988034792], [-72.32696440070366, 43.81083820398818], [-72.32696478504633, 43.810839674667704], [-72.32702884403996, 43.811092331301715], [-72.32710904364843, 43.81131984683778]]]}}, {"type": "Feature", "properties": {}, "geometry": {"type": "Polygon", "coordinates": [[[-72.32695391686073, 43.81462612820087], [-72.3269572187379, 43.81461288124753], [-72.32696229783646, 43.81459993243489], [-72.32696910524089, 43.81458740646684], [-72.32697757539127, 43.81457542397505], [-72.3269876267147, 43.81456410035706], [-72.32699916241094, 43.81455354466515], [-72.32701207138464, 43.81454385855593], [-72.32702622931531, 43.81453513531153], [-72.32704149985452, 43.81452745894111], [-72.32705773593905, 43.81452090337188], [-72.3270747812072, 43.81451553173722], [-72.32709247150454, 43.81451139576858], [-72.32711063646485, 43.81450853529733], [-72.32712910115072, 43.81450697787119], [-72.32714768773833, 43.81450673848895], [-72.3271662172299, 43.81450781945596], [-72.32718451117753, 43.814510210362], [-72.32720239340165, 43.81451388818148], [-72.32721969168767, 43.81451881749523], [-72.32723623944455, 43.81452495083156], [-72.32725187730907, 43.81453222912346], [-72.32726645468053, 43.814540582277374], [-72.32727983117117, 43.81454992984829], [-72.32729187795812, 43.814560181814464], [-72.32730247902403, 43.81457123944426], [-72.32731153227438, 43.81458299624707], [-72.32731895052082, 43.81459533899885], [-72.32732466232073, 43.814608148832434], [-72.32732861266535, 43.814621302382406], [-72.3273307635096, 43.81463467297308], [-72.32733109413847, 43.81464813183842], [-72.32732960136661, 43.81466154936225], [-72.32723594722124, 43.815182392342265], [-72.32723580874475, 43.81518314612596], [-72.3271491751414, 43.815644928022344], [-72.3269940242144, 43.8165019513475], [-72.32699397347739, 43.81650222939873], [-72.32696489808528, 43.81666032436595], [-72.32694731344337, 43.81679964094459], [-72.32695390845882, 43.816955221398594], [-72.32695356635969, 43.816968680108175], [-72.32695140404869, 43.81698204973056], [-72.32694744234885, 43.81699520150887], [-72.32694171941242, 43.817008008784086], [-72.3269342903534, 43.81702034821491], [-72.32692522671687, 43.817032100965534], [-72.32691461578996, 43.8170431538502], [-72.32690255976125, 43.817053400423134], [-72.32688917473673, 43.81706274200384], [-72.32687458962153, 43.81707108862734], [-72.32685894487858, 43.817078359910674], [-72.3268423911758, 43.81708448582696], [-72.32682508793515, 43.81708940737999], [-72.32680720179717, 43.81709307717218], [-72.32678890501617, 43.8170954598612], [-72.32677037380135, 43.8170965325003], [-72.32675178661962, 43.81709628475933], [-72.32673332247694, 43.817094719024176], [-72.32671515919425, 43.81709185037383], [-72.32669747169504, 43.81708770643513], [-72.32668043032058, 43.817082327116744], [-72.32666419918945, 43.81707576422478], [-72.32664893461694, 43.81706808096385], [-72.32663478360968, 43.81705935132835], [-72.32662188244977, 43.8170496593899], [-72.3266103553824, 43.81703909848758], [-72.32660031341925, 43.81702777032908], [-72.32659185326939, 43.81701578401117], [-72.32658505640798, 43.817003254968995], [-72.32657998829158, 43.81699030386438], [-72.32657669772793, 43.81697705542375], [-72.32657521640577, 43.816963637236995], [-72.32656826797523, 43.816799695039634], [-72.32656896516993, 43.81678300238186], [-72.32658795792797, 43.81663253734078], [-72.32658882939299, 43.81662691518294], [-72.3266183960023, 43.816466154747715], [-72.32677358463417, 43.815608952810265], [-72.32677370189127, 43.815608316669106], [-72.32686032730521, 43.815146593840396], [-72.32695391686073, 43.81462612820087]]]}}, {"type": "Feature", "properties": {}, "geometry": {"type": "Polygon", "coordinates": [[[-72.27638770610137, 43.815606318554806], [-72.27639256268047, 43.815593325064754], [-72.27639915471404, 43.8155807388352], [-72.2764074187163, 43.81556868107814], [-72.27641727509965, 43.81555726791599], [-72.27642862894119, 43.815546609263386], [-72.27644137089692, 43.815536807768495], [-72.27645537825475, 43.8155279578247], [-72.27647051611638, 43.815520144661306], [-72.27648663869627, 43.815513443522974], [-72.27650359072584, 43.81550791894493], [-72.27652120894857, 43.81550362413156], [-72.2765393236923, 43.815500600444], [-72.27655776050328, 43.81549887700183], [-72.27657634182611, 43.815498470402616], [-72.27659488871372, 43.81549938456212], [-72.27661322255065, 43.81550161067656], [-72.2766311667732, 43.81550512730736], [-72.27664854856971, 43.81550990058769], [-72.27666520054495, 43.815515884548525], [-72.27668096233201, 43.81552302156139], [-72.27669568213678, 43.81553124289337], [-72.27670921819981, 43.81554046936896], [-72.27672144016148, 43.8155506121326], [-72.27673223031748, 43.81556157350436], [-72.27674148475226, 43.81557324792063], [-72.27706963005447, 43.81603870744638], [-72.27707725976836, 43.81605098245394], [-72.27708319114667, 43.81606373986526], [-72.27708736706599, 43.81607685681979], [-72.27708974730885, 43.81609020699428], [-72.27709030895102, 43.816103661819355], [-72.27708904658236, 43.816117091717715], [-72.27708597235896, 43.816130367352045], [-72.27708111588609, 43.81614336087057], [-72.27707452393324, 43.816155947138384], [-72.27706625998354, 43.816168004942554], [-72.27705640362265, 43.81617941815949], [-72.27704504977216, 43.81619007687327], [-72.27703230777556, 43.81619987843423], [-72.27701830034518, 43.816208728447556], [-72.27700316238037, 43.816216541682344], [-72.27698703966844, 43.816223242892455], [-72.27697008748054, 43.81622876754117], [-72.27695246907629, 43.8162330624228], [-72.27693435413155, 43.81623608617504], [-72.27691591710425, 43.81623780967727], [-72.27689733555422, 43.81623821633115], [-72.27687878843318, 43.81623730222035], [-72.27686045436123, 43.8162350761483], [-72.27684250990667, 43.816231559553465], [-72.27682512788547, 43.816226786302764], [-72.27680847569691, 43.81622080236552], [-72.2767927137114, 43.8162136653707], [-72.27677799372601, 43.816205444051796], [-72.27676445750257, 43.816196217585095], [-72.27675223540234, 43.81618607482691], [-72.2767414451307, 43.816175113458], [-72.27673219060345, 43.816163439042754], [-72.27640404724715, 43.81569797856247], [-72.276396417716, 43.8156857035096], [-72.27639048652115, 43.81567294606218], [-72.27638631078226, 43.81565982908162], [-72.27638393071287, 43.81564647889185], [-72.27638336923319, 43.81563302406257], [-72.27638463174934, 43.81561959417118], [-72.27638770610137, 43.815606318554806]]]}}, {"type": "Feature", "properties": {}, "geometry": {"type": "Polygon", "coordinates": [[[-72.30995154194991, 43.81856585810088], [-72.30993402282007, 43.818561353896236], [-72.3099171977876, 43.81855562802727], [-72.30990122888753, 43.81854873563759], [-72.3098862699097, 43.818540743105096], [-72.30987246491758, 43.81853172740261], [-72.30985994686091, 43.818521775356764], [-72.30984883629532, 43.818510982811596], [-72.30983924022127, 43.818499453705655], [-72.30983125105362, 43.81848729907092], [-72.30982494573166, 43.81847463596351], [-72.30982038497814, 43.818461586336326], [-72.30981761271451, 43.818448275864654], [-72.30981665563803, 43.8184348327357], [-72.30981752296466, 43.81842138641423], [-72.30982020634035, 43.81840806639559], [-72.30982467992153, 43.81839500095873], [-72.3098309006241, 43.81838231593075], [-72.30983880853836, 43.818370133475106], [-72.30984832750597, 43.81835857091519], [-72.30985936585351, 43.81834773960437], [-72.3098718172753, 43.81833774385367], [-72.3098855618572, 43.81832867992723], [-72.3099004672315, 43.81832063511511], [-72.30991638985165, 43.8183136868929], [-72.30993317637468, 43.81830790217536], [-72.309950665138, 43.81830333667216], [-72.30996868771618, 43.81830003435127], [-72.30998707054302, 43.818298027015686], [-72.31000563658301, 43.818297333997], [-72.31002420703626, 43.81829796196932], [-72.31026449834268, 43.818314673124], [-72.31026577574083, 43.818314765123546], [-72.31135318640968, 43.81839577130867], [-72.31137383219307, 43.8183981488135], [-72.31174614782668, 43.81845643241067], [-72.31269478044219, 43.818563592461324], [-72.31269925710357, 43.81856413799731], [-72.31285261062932, 43.81858419686173], [-72.3128707211029, 43.81858723691315], [-72.31288833283958, 43.8185915476417], [-72.31290527622969, 43.818597087532936], [-72.31292138809991, 43.81860380323506], [-72.31293651328475, 43.81861163007252], [-72.31295050612081, 43.81862049266902], [-72.3129632318496, 43.81863030567336], [-72.31297456791528, 43.81864097458138], [-72.31298440514502, 43.818652396646065], [-72.31299264880043, 43.818664461867094], [-72.31299921948981, 43.81867705405015], [-72.31300405393291, 43.818690051925905], [-72.31300710557038, 43.81870333031794], [-72.3130083450121, 43.818716761348206], [-72.31300776032033, 43.8187302156686], [-72.3130053571248, 43.81874356370664], [-72.31300115856837, 43.8187566769133], [-72.31299520508436, 43.81876942900104], [-72.31298755400711, 43.818781697160006], [-72.31297827901983, 43.81879336324081], [-72.31296746944514, 43.81880431489231], [-72.31295522938477, 43.81881444664373], [-72.312941676717, 43.81882366092031], [-72.31292694196154, 43.818831868983104], [-72.31291116702242, 43.81883899178353], [-72.31289450382148, 43.818844960724775], [-72.31287711283524, 43.818849718322284], [-72.31285916154928, 43.81885321875754], [-72.31284082284536, 43.81885542831918], [-72.31282227333641, 43.81885632572783], [-72.31280369166552, 43.81885590234085], [-72.31278525678559, 43.81885416223574], [-72.31263413641852, 43.81883439547006], [-72.31168229868929, 43.8187268733131], [-72.31167146968349, 43.81872541533298], [-72.31130399945307, 43.818667890267285], [-72.31022763603664, 43.81858770698645], [-72.30998798256292, 43.81857104018753], [-72.30996958645737, 43.81856909726304], [-72.30995154194991, 43.81856585810088]]]}}, {"type": "Feature", "properties": {}, "geometry": {"type": "Polygon", "coordinates": [[[-72.3050753489626, 43.81953147883361], [-72.30506859210334, 43.81953481601364], [-72.30427811469283, 43.81990737810996], [-72.30420027292811, 43.819953544158174], [-72.30418532992609, 43.81996155268184], [-72.30416937473434, 43.81996846214476], [-72.3041525610107, 43.8199742060046], [-72.30413505068127, 43.81997872894456], [-72.30411701238107, 43.819981987405946], [-72.30409861982986, 43.81998395000781], [-72.30408005015913, 43.81998459784909], [-72.3040614822062, 43.81998392469068], [-72.30404309479181, 43.819981937015505], [-72.30402506499797, 43.81997865396612], [-72.30400756646254, 43.819974107160256], [-72.30399076770695, 43.819968340386446], [-72.30397483051314, 43.8199614091822], [-72.30395990836557, 43.819953380299204], [-72.30394614497305, 43.81994433106041], [-72.30393367288467, 43.81993434861536], [-72.30392261221334, 43.81992352910091], [-72.30391306947902, 43.8199119767153], [-72.30390513658287, 43.81989980271472], [-72.30389888992221, 43.81988712434177], [-72.30389438965489, 43.81987406369641], [-72.30389167911983, 43.81986074655999], [-72.3038907844198, 43.819847301183906], [-72.30389171417005, 43.81983385705456], [-72.30389445941535, 43.81982054364622], [-72.3038989937163, 43.819807489174146], [-72.30390527340401, 43.819794819359814], [-72.30391323800077, 43.81978265622019], [-72.30392281080236, 43.81977111689265], [-72.30393389961688, 43.8197603125068], [-72.30394639765264, 43.819750347114365], [-72.30396018454661, 43.8197413166871], [-72.30404604019081, 43.8196903979139], [-72.30406273610562, 43.81968155317924], [-72.30485846551954, 43.81930651641137], [-72.30551743701446, 43.818965728611246], [-72.30552979159485, 43.81895985248159], [-72.30554274131394, 43.81895469170139], [-72.30555034953703, 43.81895193398318], [-72.30648676384703, 43.8185064054887], [-72.30688341942448, 43.81829429402172], [-72.30688998510294, 43.818290936501754], [-72.30712143177564, 43.81817783134122], [-72.3071373889928, 43.81817083553223], [-72.30715421909228, 43.81816501001292], [-72.30738440677172, 43.81809519461471], [-72.30740188563014, 43.81809060939502], [-72.30741990101791, 43.818087286754064], [-72.30743827943805, 43.81808525869056], [-72.30745684389748, 43.818084544735676], [-72.30747541561158, 43.81808515176518], [-72.30749381572576, 43.81808707393305], [-72.30751186703807, 43.81809029272793], [-72.30752939570556, 43.81809477715125], [-72.30754623291854, 43.81810048401583], [-72.30756221652624, 43.8181073583618], [-72.30757719259834, 43.81811533398582], [-72.30759101690744, 43.8181243340787], [-72.30760355631806, 43.81813427196507], [-72.30761469006863, 43.818145051938075], [-72.30762431093477, 43.81815657018111], [-72.30763232626167, 43.818168715767555], [-72.30763865885658, 43.81818137172918], [-72.30764324773222, 43.81819441618236], [-72.30764604869412, 43.81820772350214], [-72.30764703476633, 43.81822116553188], [-72.3076461964512, 43.818234612817484], [-72.30764354182097, 43.81824793585425], [-72.30763909643997, 43.81826100633391], [-72.30763290311862, 43.81827369838038], [-72.30762502150097, 43.81828588976205], [-72.30761552749058, 43.818297463068916], [-72.30760451251936, 43.818308306843306], [-72.30759208266714, 43.81831831665333], [-72.30757835764008, 43.81832739609862], [-72.30756346961778, 43.81833545773871], [-72.3075475619804, 43.818342423935164], [-72.30753078792775, 43.818348227599344], [-72.3073178681707, 43.818412805740884], [-72.30710527174563, 43.81851669916735], [-72.3067076752962, 43.818729314153], [-72.30669916512291, 43.81873360928567], [-72.30574912294239, 43.81918562234768], [-72.30572989383356, 43.819193644823415], [-72.30572559421304, 43.81919520328956], [-72.3050753489626, 43.81953147883361]]]}}, {"type": "Feature", "properties": {}, "geometry": {"type": "Polygon", "coordinates": [[[-72.3272179116449, 43.81867516226075], [-72.32724652836396, 43.81882050991881], [-72.32728793165398, 43.81896949699625], [-72.32735076755876, 43.819124874963165], [-72.32742187800913, 43.81927520930088], [-72.32753211646975, 43.81947987115098], [-72.32768400900814, 43.81970626159851], [-72.32768427540832, 43.819706660293264], [-72.32779516433848, 43.81987330197105], [-72.32785400438902, 43.8199446425941], [-72.32792206524557, 43.82001541929859], [-72.32800516483148, 43.82009185230292], [-72.32825188614385, 43.820308732847806], [-72.3282613032431, 43.82031774291653], [-72.32851108131531, 43.8205783761568], [-72.32875222034052, 43.82078170777456], [-72.32889385598213, 43.82087693933774], [-72.32889513376709, 43.82087780647826], [-72.32899903668849, 43.82094897381011], [-72.32910206062783, 43.82100938430737], [-72.32920875572937, 43.821061875393234], [-72.32933747763637, 43.821105124239665], [-72.32941211280256, 43.82112875172648], [-72.32948624573201, 43.82114605000371], [-72.32957739938965, 43.82115984699643], [-72.32967246007935, 43.821169168108305], [-72.32974096445368, 43.821170804528], [-72.32984206893663, 43.82116623362567], [-72.32984304620484, 43.821166191278365], [-72.33025627487058, 43.82114906008412], [-72.33070097344553, 43.82111020038982], [-72.33070603953452, 43.82110980764885], [-72.33112632030272, 43.821081358471204], [-72.33113623093887, 43.82108087695074], [-72.33139607005171, 43.82107319923109], [-72.33141146210949, 43.821073197509286], [-72.33170094972827, 43.821081686371805], [-72.33171946678011, 43.82108289037662], [-72.3317377316754, 43.821085402699374], [-72.33175556851432, 43.82108919914517], [-72.33177280551944, 43.82109424315239], [-72.33178927668979, 43.82110048614483], [-72.33180482339975, 43.82110786799938], [-72.33181929592645, 43.82111631762517], [-72.33182662591861, 43.82112153416902], [-72.3317222926678, 43.821269367010835], [-72.33166166495612, 43.82135509430146], [-72.331403824618, 43.821347533463], [-72.33115664439487, 43.821354837133], [-72.33074384505012, 43.82138277987876], [-72.33029575585606, 43.821421935840426], [-72.33028388659137, 43.82142269970266], [-72.32986519352391, 43.82144005744244], [-72.32975555682127, 43.821445014078215], [-72.3297375035283, 43.821445206104684], [-72.32965033623827, 43.82144312386796], [-72.32963115889628, 43.82144195764375], [-72.32951983824731, 43.821431042172726], [-72.32950649664652, 43.82142938056787], [-72.32939890451937, 43.821413095448044], [-72.32937955893959, 43.82140938542322], [-72.32928682737605, 43.82138774730646], [-72.32926904363526, 43.82138287161836], [-72.32918375130909, 43.82135587034359], [-72.32917990216521, 43.82135461463255], [-72.32903528450929, 43.82130602497271], [-72.32902161271879, 43.82130093347571], [-72.32900855615578, 43.82129505608705], [-72.32888253546595, 43.82123305723722], [-72.3288697782668, 43.82122619765603], [-72.32875490893426, 43.82115884118016], [-72.32874394729134, 43.821151891521616], [-72.32863538432677, 43.82107753212488], [-72.32848654722959, 43.820977458216014], [-72.3284717314087, 43.82096630522711], [-72.32821726509805, 43.820751735004144], [-72.32820534928115, 43.820740573806994], [-72.32795446292573, 43.82047878275974], [-72.32771137496358, 43.82026509517421], [-72.32770874700758, 43.8202627322763], [-72.32762091310987, 43.82018194439424], [-72.32761429810967, 43.82017547846208], [-72.32753927764342, 43.82009746401613], [-72.32753209958503, 43.820089413731324], [-72.32746552269015, 43.82000869203866], [-72.3274575041636, 43.819997902602296], [-72.3273430725541, 43.81982593560424], [-72.32718798702774, 43.81959478414147], [-72.32718189236734, 43.819584687226154], [-72.32706744601867, 43.819372210960346], [-72.32706471836492, 43.819366815737645], [-72.32699093803085, 43.81921083503615], [-72.32698835202383, 43.81920493709469], [-72.32692201768374, 43.819040905876115], [-72.32691810626486, 43.81902941768972], [-72.3268740260603, 43.818870794374114], [-72.32687219985449, 43.81886309494111], [-72.32684256929174, 43.81871259307312], [-72.32684209675166, 43.81871001869981], [-72.32681694945624, 43.81856232449797], [-72.32679955618833, 43.81846243327971], [-72.32677589527944, 43.81837583074258], [-72.32669113098105, 43.818121489686455], [-72.32668858411012, 43.818112553981116], [-72.32666585133761, 43.81801680989457], [-72.32666396927354, 43.818006600962704], [-72.32665484198922, 43.81793735341504], [-72.32665398596838, 43.817923906706234], [-72.3266549543329, 43.81791046399363], [-72.32665773775567, 43.817897154737864], [-72.32666230942968, 43.8178841071142], [-72.3266686253261, 43.8178714467782], [-72.32667662461847, 43.81785929565552], [-72.32668623026849, 43.81784777076777], [-72.32669734976788, 43.81783698310556], [-72.32670987602947, 43.81782703655952], [-72.3267236884184, 43.81781802691989], [-72.32673865391394, 43.817810040954], [-72.32675462839053, 43.81780315557066], [-72.32677145800585, 43.81779743707946], [-72.32678898068227, 43.81779294055229], [-72.3268070276678, 43.817789709292875], [-72.32682542516119, 43.817787774419806], [-72.32684399598567, 43.817787154566865], [-72.3268625612953, 43.81778785570351], [-72.3268809422972, 43.817789871077466], [-72.32689896197344, 43.81779318127972], [-72.32691644678576, 43.817797754431425], [-72.3269332283468, 43.817803546490914], [-72.32694914504174, 43.81781050167782], [-72.32696404358467, 43.817818553010284], [-72.32697778049481, 43.81782762295], [-72.32699022347832, 43.817837624148915], [-72.32700125270233, 43.817848460290456], [-72.32701076194903, 43.81786002701709], [-72.32701865963858, 43.817872212935285], [-72.32702486971114, 43.81788490068833], [-72.32702933235936, 43.81789796808647], [-72.3270320046044, 43.81791128928379], [-72.3270404561116, 43.81797540673927], [-72.32706091541768, 43.818061573357774], [-72.32714512424225, 43.81831424298556], [-72.32714680872611, 43.81831980029471], [-72.32717251802, 43.81841389809384], [-72.32717463167252, 43.81842335966001], [-72.32719288655979, 43.81852819547174], [-72.3271929510132, 43.81852856976579], [-72.3272179116449, 43.81867516226075]]]}}, {"type": "Feature", "properties": {}, "geometry": {"type": "Polygon", "coordinates": [[[-72.30240504623633, 43.821097144421614], [-72.30239027179493, 43.82110466803017], [-72.30237457489343, 43.82111113868496], [-72.30235809822399, 43.82111649756456], [-72.3023409915675, 43.82112069595413], [-72.30233847128977, 43.82112112596993], [-72.30233013964184, 43.82112739949511], [-72.30213251157596, 43.82126423279622], [-72.30151541175601, 43.82181795146485], [-72.30150761613645, 43.821824511593256], [-72.30124178535746, 43.82203443580622], [-72.3012224839274, 43.82204767857398], [-72.30108563298978, 43.822129168592554], [-72.30096127835668, 43.82220916343602], [-72.3009122540166, 43.822246012192096], [-72.30089994348407, 43.8222544718469], [-72.30088663663086, 43.82226209984386], [-72.30087244025867, 43.82226883495999], [-72.30085751228104, 43.822274606138826], [-72.30073844188632, 43.822352925634284], [-72.30072408389987, 43.822361477326716], [-72.30070863732911, 43.822368968902445], [-72.30069225093344, 43.822375328213084], [-72.30067508252348, 43.82238049401466], [-72.30065729744128, 43.82238441655735], [-72.30063906696789, 43.82238705806466], [-72.30062056667391, 43.82238839309731], [-72.30060197472845, 43.82238840879811], [-72.30058347018335, 43.82238710501584], [-72.30056523124871, 43.82238449430673], [-72.30054743357653, 43.822380601813485], [-72.30053024856917, 43.82237546502322], [-72.30051384172852, 43.822369133406326], [-72.30049837106208, 43.82236166794009], [-72.3004839855613, 43.82235314052148], [-72.30047082376666, 43.822343633274585], [-72.30045901243344, 43.82233323775985], [-72.300448665311, 43.82232205409218], [-72.30043988204729, 43.82231018997683], [-72.30043274722928, 43.82229775967208], [-72.30042732956831, 43.82228488288885], [-72.30042368123837, 43.82227168363785], [-72.30042183737378, 43.82225828903527], [-72.30042181573073, 43.822244828078524], [-72.30042361651644, 43.822231430403974], [-72.30042722238717, 43.82221822503849], [-72.30043259861527, 43.82220533915676], [-72.3004396934237, 43.82219289685663], [-72.30044843848472, 43.82218101796396], [-72.30045874957794, 43.822169816878606], [-72.30047052740143, 43.82215940147274], [-72.30048365852805, 43.82214987205196], [-72.30062333140327, 43.82205800133026], [-72.30063755341382, 43.82204952288042], [-72.3006528455531, 43.82204208464174], [-72.3006624541012, 43.822038335648195], [-72.30069349596113, 43.82201500334715], [-72.30070410963795, 43.82200762221761], [-72.30083667037144, 43.82192234878422], [-72.30084216237282, 43.82191894933775], [-72.30097150982816, 43.82184192758179], [-72.30122429263967, 43.821642307939676], [-72.30184531134536, 43.821085075194944], [-72.30186181479905, 43.82107207629397], [-72.30206252824648, 43.82093310719263], [-72.30212058693134, 43.820885551436426], [-72.30213313992911, 43.82087620476881], [-72.30214686178698, 43.820867763197846], [-72.30216162854636, 43.820860302981565], [-72.30217730680948, 43.82085389151277], [-72.30219375494464, 43.820848586710234], [-72.30221082436543, 43.82084443649553], [-72.30221185832349, 43.820844262083], [-72.30231834299134, 43.82075624923573], [-72.30233225017976, 43.82074590709008], [-72.30253832685662, 43.82060798224507], [-72.30275503454466, 43.82043700953507], [-72.30276663517603, 43.82042861716076], [-72.302779194745, 43.820420982617655], [-72.3029783611823, 43.82031019231944], [-72.30304117981592, 43.8202728183849], [-72.3030561057193, 43.82026479308813], [-72.30307204616352, 43.820257865709486], [-72.30308884763397, 43.82025210296305], [-72.30310634832409, 43.82024756034687], [-72.3031243796936, 43.82024428160857], [-72.30314276809166, 43.82024229832398], [-72.3031613364291, 43.82024162959306], [-72.3031799058839, 43.82024228185604], [-72.30319829762325, 43.82024424883132], [-72.30321633452589, 43.82024751157597], [-72.3032338428876, 43.82025203866817], [-72.30325065409424, 43.820257786509856], [-72.30326660624551, 43.820264699746495], [-72.30328154571401, 43.82027271180023], [-72.30329532862487, 43.82028174551101], [-72.30330782224124, 43.82029171387973], [-72.30331890624262, 43.820302520905955], [-72.3033284738837, 43.82031406251256], [-72.30333643302224, 43.82032622754792], [-72.30334270700665, 43.82033889885647], [-72.30334723541407, 43.82035195440681], [-72.30334997463237, 43.8203652684671], [-72.3033508982802, 43.82037871281577], [-72.30334999746114, 43.82039215797645], [-72.30334728084932, 43.82040547446481], [-72.30334277460605, 43.8204185340357], [-72.30333652212782, 43.82043121091809], [-72.30332858362848, 43.82044338302637], [-72.30331903555935, 43.820454933136205], [-72.30330796987296, 43.82046575001325], [-72.30329549313755, 43.82047572948473], [-72.30328172551083, 43.82048477544238], [-72.30321651093254, 43.82052357493264], [-72.3032116560403, 43.82052636824452], [-72.30302307114202, 43.82063127259766], [-72.3028122185061, 43.82079762648456], [-72.30280123669196, 43.820805606489685], [-72.30259677242063, 43.820942452587175], [-72.30243130011945, 43.821079220866245], [-72.30241876391109, 43.82108863625252], [-72.30240504623633, 43.821097144421614]]]}}, {"type": "Feature", "properties": {}, "geometry": {"type": "Polygon", "coordinates": [[[-72.18897431267666, 43.808896272707706], [-72.1889671162296, 43.808908683848756], [-72.1889582746076, 43.80892052440361], [-72.18894787295966, 43.8089316803409], [-72.18893601145885, 43.80894204422243], [-72.18892280433771, 43.808951516237926], [-72.18890837878807, 43.80896000516628], [-72.1888928737361, 43.80896742925402], [-72.18887643850437, 43.808973717002736], [-72.1888592313739, 43.8089788078576], [-72.18884141805961, 43.80898265279062], [-72.18882317011449, 43.808985214772704], [-72.18880466327735, 43.808986469130446], [-72.18878607578037, 43.8089864037836], [-72.18876758663252, 43.8089850193615], [-72.1887493738956, 43.80898232919697], [-72.18873161296935, 43.80897835919798], [-72.1887144749022, 43.80897314759799], [-72.18869812474395, 43.80896674458789], [-72.18868271995625, 43.80895921183256], [-72.18866840889606, 43.808950621876924], [-72.18865532938696, 43.80894105744741], [-72.18864360739173, 43.808930610655125], [-72.18863335579934, 43.80891938210882], [-72.18862467333776, 43.80890747994595], [-72.18861764362313, 43.80889501879119], [-72.18861233435457, 43.80888211865259], [-72.18860879666224, 43.80886890376576], [-72.18860706461487, 43.80885550139747], [-72.18860715489184, 43.8088420406199], [-72.18860906662253, 43.808828651067714], [-72.18953605036022, 43.80444936067999], [-72.18953803283111, 43.80444152207158], [-72.18970510718724, 43.80387440378228], [-72.18970807345761, 43.803865729884855], [-72.18985971991323, 43.80347701470238], [-72.18986536932533, 43.803464768461915], [-72.19021049424519, 43.802819419188594], [-72.19021883981326, 43.802805999809074], [-72.19074757325171, 43.802064789457425], [-72.19075286525597, 43.80205786783766], [-72.19340260094073, 43.79881623052108], [-72.19341284187408, 43.798804997677415], [-72.193424553576, 43.79879454597353], [-72.19343762325613, 43.79878497606459], [-72.1934519250463, 43.79877638011361], [-72.19346732121271, 43.79876884090388], [-72.19348366348228, 43.79876243104171], [-72.19350079447074, 43.79875721225719], [-72.19351854919813, 43.79875323480979], [-72.19353675667773, 43.798750537004224], [-72.1935552415627, 43.79874914482166], [-72.1935738258347, 43.798749071669555], [-72.19359233051824, 43.79875031825232], [-72.19361057740431, 43.79875287256481], [-72.19362839076653, 43.798756710007765], [-72.19364559905354, 43.798761793624756], [-72.19366203654099, 43.79876807445806], [-72.19367754492757, 43.798775492020205], [-72.1936919748595, 43.79878397487641], [-72.19370518736892, 43.79879344133257], [-72.19371705521215, 43.798803800221954], [-72.19372746409512, 43.798814951783235], [-72.19373631377417, 43.798826788621184], [-72.19374351902134, 43.79883919674097], [-72.19374901044533, 43.7988520566459], [-72.19375273515969, 43.798865244488304], [-72.19375465729229, 43.798878633262234], [-72.19375475833073, 43.79889209402656], [-72.19375303730072, 43.79890549714676], [-72.19374951077553, 43.79891871354339], [-72.1937442127164, 43.798931615935125], [-72.1937371941455, 43.79894408006466], [-72.19372852265462, 43.79895598589532], [-72.19108158218836, 43.80219422519834], [-72.19056003039194, 43.802925373656166], [-72.19022180673682, 43.8035578251853], [-72.19007426704094, 43.80393601938479], [-72.18990963245193, 43.8044948678141], [-72.18898350933806, 43.80887022111652], [-72.18897979464393, 43.80888341050687], [-72.18897431267666, 43.808896272707706]]]}}, {"type": "Feature", "properties": {}, "geometry": {"type": "Polygon", "coordinates": [[[-72.19869987139887, 43.81359693018066], [-72.1986845711818, 43.813602896763584], [-72.1984031182503, 43.81370087224194], [-72.19832424198347, 43.81373528140842], [-72.19830848806001, 43.81374143876984], [-72.19811670954995, 43.81380812207975], [-72.1980623355119, 43.813831870319575], [-72.19805836458626, 43.81383355733502], [-72.19797244209624, 43.813869051508746], [-72.19795586295808, 43.81387513984485], [-72.19793853953624, 43.81388002212971], [-72.19792063866562, 43.81388365134396], [-72.1979023327425, 43.81388599253604], [-72.19788379806405, 43.81388702315889], [-72.19786521313057, 43.81388673328694], [-72.19784675692632, 43.813885125711856], [-72.19782860719586, 43.813882215915584], [-72.19781093873212, 43.813878031921206], [-72.19779392169305, 43.81387261402318], [-72.19777771996283, 43.81386601439912], [-72.19776248957363, 43.8138582966074], [-72.19774837720287, 43.813849534974985], [-72.19773551876054, 43.813839813881636], [-72.19772403808042, 43.813829226947185], [-72.19771404572744, 43.813817876130074], [-72.19770563793291, 43.81380587074525], [-72.19769889566774, 43.81379332641149], [-72.19769388386274, 43.81378036393787], [-72.19769065078329, 43.81376710816034], [-72.19768922756454, 43.813753686739425], [-72.19768962791167, 43.81374022893081], [-72.19769184796787, 43.813726864340495], [-72.19769586635165, 43.81371372167672], [-72.19770164436262, 43.81370092751032], [-72.19770912635441, 43.813688605055845], [-72.19771824027053, 43.813676872984956], [-72.19772889833835, 43.81366584428352], [-72.19774099791445, 43.81365562516356], [-72.19775442247308, 43.81364631404034], [-72.19776904272848, 43.813638000584646], [-72.19778471787991, 43.81363076485915], [-72.19786864052355, 43.81359609685586], [-72.19792875922903, 43.81356983962354], [-72.19794459837507, 43.81356364511196], [-72.1981364212469, 43.81349694645472], [-72.19821526156694, 43.8134625530069], [-72.19823094037672, 43.81345642176825], [-72.1985125918963, 43.813358377273985], [-72.19860176664314, 43.81331967993851], [-72.19862461365712, 43.81331123193156], [-72.19873801451084, 43.81327609141722], [-72.19874120277629, 43.81327512825144], [-72.19917113620602, 43.81314856604505], [-72.19918183534874, 43.813145685291666], [-72.1996293558559, 43.81303618490999], [-72.19963657662963, 43.81303453378293], [-72.19984217044899, 43.81299077433294], [-72.19984297692123, 43.81299060408506], [-72.19999720626942, 43.812958314361104], [-72.20019380108435, 43.81291543844874], [-72.2002118418817, 43.812912193663614], [-72.20023023501153, 43.8129102449961], [-72.20024880333912, 43.81290961121281], [-72.20026736804253, 43.81291029841739], [-72.20028575033476, 43.8129122999917], [-72.20030377318541, 43.81291559665967], [-72.20032126302571, 43.812920156672746], [-72.20033805141982, 43.81292593611584], [-72.20035397668714, 43.81293287933006], [-72.20036888545918, 43.81294091944887], [-72.20038263415668, 43.812949979041925], [-72.20039509037228, 43.81295997086086], [-72.20040613414567, 43.812970798679416], [-72.20041565911889, 43.8129823582202], [-72.2004235735607, 43.81299453815889], [-72.2004298012499, 43.81300722119637], [-72.20043428220947, 43.81302028518834], [-72.20043697328425, 43.813033604321575], [-72.20043784855655, 43.81304705032571], [-72.20043689959577, 43.81306049370839], [-72.20043413553975, 43.81307380500243], [-72.20042958300667, 43.813086856012696], [-72.20042328583884, 43.813099521050574], [-72.20041530468048, 43.81311167814457], [-72.20040571639373, 43.813123210214876], [-72.20039461331851, 43.81313400620095], [-72.20038210238309, 43.813143962131136], [-72.20036830407457, 43.81315298212393], [-72.20035335127831, 43.81316097931147], [-72.20033738799826, 43.813167876676005], [-72.20032056797014, 43.813173607791796], [-72.2003030531808, 43.81317811746471], [-72.20010545196699, 43.81322121287683], [-72.20010343744393, 43.81322164342084], [-72.19994860206124, 43.81325406003466], [-72.19974704358519, 43.813296960600155], [-72.19930851851446, 43.81340426000352], [-72.19888547339042, 43.81352879452267], [-72.19878547966437, 43.81355978048032], [-72.19869987139887, 43.81359693018066]]]}}, {"type": "Feature", "properties": {}, "geometry": {"type": "Polygon", "coordinates": [[[-72.21915034396052, 43.8140226624191], [-72.21932910367646, 43.81413447984269], [-72.21959499877389, 43.814300855092256], [-72.21978077969956, 43.8144132022781], [-72.21996801814547, 43.8145251288739], [-72.2200710659557, 43.81458544417492], [-72.2200849322765, 43.81459440959679], [-72.22009751826214, 43.81460431601931], [-72.22010870270255, 43.81461506803865], [-72.22011837788511, 43.8146265621074], [-72.22012645063201, 43.8146386875318], [-72.22013284319746, 43.81465132753769], [-72.22013749401665, 43.81466436039522], [-72.2201403582986, 43.81467766059104], [-72.2201414084575, 43.814691100037116], [-72.22014063437854, 43.8147045493043], [-72.2201380435153, 43.814717878868755], [-72.22013366081806, 43.81473096035935], [-72.22012752849349, 43.814743667793984], [-72.22011970559825, 43.81475587879285], [-72.22011026747035, 43.814767475757], [-72.22009930500352, 43.81477834700095], [-72.22008692377192, 43.814788387828266], [-72.22007324301346, 43.81479750153986], [-72.22005839448143, 43.81480560036523], [-72.22004252117564, 43.81481260630789], [-72.2200257759653, 43.81481845189638], [-72.22000832011666, 43.81482308083414], [-72.21999032174006, 43.81482644854168], [-72.21997195417075, 43.814828522585955], [-72.21995339429964, 43.81482928299261], [-72.21993482086967, 43.814828722438506], [-72.21991641275432, 43.81482684632211], [-72.21989834723499, 43.814823672711576], [-72.21988079829359, 43.8148192321707], [-72.21986393493697, 43.81481356746462], [-72.21984791956925, 43.814806733147854], [-72.21983290642778, 43.814798795039025], [-72.21972909837693, 43.81473803461723], [-72.21972758452642, 43.814737139145244], [-72.21953917719834, 43.81462451355095], [-72.2195383492694, 43.81462401576215], [-72.21935093165415, 43.814510678543876], [-72.21934850200748, 43.814509183947756], [-72.21908143530703, 43.81434207517633], [-72.21890142690833, 43.81422947638677], [-72.21889892600514, 43.81422788400625], [-72.21872745130769, 43.814116751391566], [-72.21871179030596, 43.814105334715926], [-72.21869808351906, 43.81409266847944], [-72.21858783125896, 43.81397745540882], [-72.21821850431166, 43.81373266772339], [-72.2182136338311, 43.81372932282154], [-72.2179697305319, 43.813555769731025], [-72.21768737507136, 43.813387392307206], [-72.21767362261927, 43.8133783356076], [-72.2176611622929, 43.81336834640604], [-72.21765011409187, 43.813357520904425], [-72.21764058441603, 43.81334596335868], [-72.21763266504077, 43.81333378507466], [-72.21762643223322, 43.81332110333625], [-72.21762194601777, 43.813308040275786], [-72.21761924959809, 43.8132947216979], [-72.21761836894095, 43.81328127586789], [-72.21761931252637, 43.81326783227647], [-72.21762207126586, 43.81325452039275], [-72.2176266185901, 43.81324146841732], [-72.21763291070481, 43.8132288020476], [-72.21764088701252, 43.813216643267396], [-72.21765047069627, 43.81320510917205], [-72.21766156945938, 43.813194310840835], [-72.21767407641434, 43.813184352267164], [-72.21768787111222, 43.81317532935706], [-72.2177028207027, 43.813167329005715], [-72.21771878121336, 43.81316042826042], [-72.21773559893639, 43.81315469357876], [-72.21775311190869, 43.81315018018851], [-72.21777115147171, 43.81314693155581], [-72.21778954389568, 43.81314497896657], [-72.21780811205268, 43.81314434122517], [-72.21782667712242, 43.81314502447337], [-72.21784506031436, 43.81314702213117], [-72.21786308458948, 43.81315031496015], [-72.21788057636522, 43.81315487124879], [-72.21789736718716, 43.81316064711781], [-72.2179132953513, 43.81316758694279], [-72.21792820746126, 43.8131756238898], [-72.21821698122635, 43.813347828320055], [-72.21822933062231, 43.81335587605569], [-72.21847677036546, 43.813531945029645], [-72.21885930956832, 43.813785488922754], [-72.21887410163569, 43.81379645401412], [-72.21888711179349, 43.81380854576843], [-72.21899675503252, 43.81392312185526], [-72.21915034396052, 43.8140226624191]]]}}, {"type": "Feature", "properties": {}, "geometry": {"type": "Polygon", "coordinates": [[[-72.22236455622327, 43.81458500379812], [-72.22236484437563, 43.8145902354828], [-72.22237105094035, 43.81480653269541], [-72.22237109004459, 43.8148087885773], [-72.22237263008209, 43.81506647676582], [-72.22237213899044, 43.815076958708225], [-72.22235688789534, 43.815229750221555], [-72.22235346634548, 43.81524760271613], [-72.22230406272082, 43.81542083239168], [-72.22230087430029, 43.81543030046983], [-72.22224753636345, 43.81556733853106], [-72.22224058596578, 43.815581976216606], [-72.22223140228664, 43.81559595367533], [-72.22217249595866, 43.81567393486128], [-72.22216058366784, 43.815687700068686], [-72.22214650752863, 43.81570034900387], [-72.22205418502205, 43.81577392863941], [-72.2220410241193, 43.81578343544041], [-72.22202663970909, 43.81579196237509], [-72.2220111703214, 43.81579942732394], [-72.22199476493535, 43.81580575839506], [-72.22197758154445, 43.815810894616384], [-72.22195978563505, 43.81581478652298], [-72.22194154859251, 43.81581739663344], [-72.22192304605062, 43.81581869981082], [-72.22190445620019, 43.815818683504695], [-72.22188595807287, 43.81581734787213], [-72.22186772981695, 43.815814705776084], [-72.22184994698159, 43.81581078266155], [-72.22183278082626, 43.81580561631051], [-72.22181639667127, 43.81579925647808], [-72.22180095230567, 43.81579176441328], [-72.2217865964676, 43.815783212269174], [-72.22177346741185, 43.81577368240805], [-72.22176169157841, 43.8157632666081], [-72.22175138237473, 43.81575206517961], [-72.22174263908364, 43.815740185998855], [-72.22173554590708, 43.81572774346922], [-72.22173017115537, 43.81571485741934], [-72.2217265665893, 43.81570165194919], [-72.22172476692164, 43.81568825423481], [-72.221724789483, 43.815674793303614], [-72.22172663405487, 43.81566139879171], [-72.22173028287182, 43.81564819969549], [-72.2217357007926, 43.81563532312927], [-72.2217428356387, 43.8156228931012], [-72.22175161869676, 43.81561102931894], [-72.22176196538045, 43.8155998460368], [-72.2217737760451, 43.81558945095551], [-72.22185093289255, 43.81552795836352], [-72.22188870921234, 43.815477949801625], [-72.22193439459808, 43.815360574805496], [-72.22197991493218, 43.815200965035515], [-72.22199374531218, 43.81506241554953], [-72.22199224496785, 43.81481110319133], [-72.22198614722633, 43.81459855162068], [-72.22197024933006, 43.8144034751831], [-72.22196993884461, 43.814393478191526], [-72.22197334444964, 43.81421699397928], [-72.22197040798184, 43.81399909195673], [-72.22197040003361, 43.81399729243181], [-72.22197128585896, 43.81380646267659], [-72.22197156617695, 43.81361230125419], [-72.22197158897491, 43.81361031177467], [-72.22197571172411, 43.81341834099288], [-72.22197573815725, 43.81341734349905], [-72.22198273442118, 43.813195408011474], [-72.22198407002261, 43.813181981853695], [-72.22198721652788, 43.813168715144066], [-72.22199214363329, 43.81315573564804], [-72.22199880388703, 43.8131431683651], [-72.22200713314635, 43.813131134324735], [-72.22201705119517, 43.81311974942096], [-72.22202846251676, 43.81310912329624], [-72.22204125721355, 43.81309935828555], [-72.22205531206554, 43.81309054843083], [-72.22207049171702, 43.81308277857536], [-72.22208664998006, 43.813076123546686], [-72.22210363124236, 43.813070647435985], [-72.22212127196593, 43.813066402980915], [-72.22213940226194, 43.81306343105759], [-72.22215784752683, 43.813061760287106], [-72.22217643012381, 43.813061406759765], [-72.2221949710935, 43.813062373880236], [-72.2222132918775, 43.81306465233464], [-72.22223121603771, 43.81306822018042], [-72.2222485709558, 43.81307304305748], [-72.2222651894953, 43.81307907451914], [-72.22228091161132, 43.813086256479515], [-72.2222955858918, 43.8130945197728], [-72.22230907101569, 43.81310378481936], [-72.22232123711396, 43.813113962392215], [-72.22233196702024, 43.81312495447616], [-72.22234115739924, 43.81313665521185], [-72.22234871974199, 43.81314895191518], [-72.22235458121814, 43.81316172616251], [-72.22235868537751, 43.813174854931106], [-72.22236099269368, 43.813188211783924], [-72.22236148094476, 43.81320166808728], [-72.22235450180077, 43.813423104889345], [-72.22235041232862, 43.813613582226075], [-72.22235013443968, 43.81380690768453], [-72.2223501334751, 43.81380722534662], [-72.2223492522909, 43.81399731415714], [-72.22235219994836, 43.814215943943935], [-72.22235219049716, 43.81421919889029], [-72.22234885111683, 43.81439230795281], [-72.22236455622327, 43.81458500379812]]]}}, {"type": "Feature", "properties": {}, "geometry": {"type": "Polygon", "coordinates": [[[-72.21312161925448, 43.81386911495878], [-72.21315894797702, 43.814013234388824], [-72.21320375048843, 43.81417016716946], [-72.21325466737619, 43.81434509495666], [-72.2132555193756, 43.81434819906801], [-72.21329993883825, 43.81452040017533], [-72.21330146448116, 43.814527277965205], [-72.213324609458, 43.814651723008595], [-72.21332587435516, 43.814660794345095], [-72.21333769692987, 43.81478764111776], [-72.21333812068255, 43.81479798664792], [-72.2133365980201, 43.81493434047841], [-72.21333535671243, 43.81494894753219], [-72.21331754415058, 43.81506077912513], [-72.21331455622739, 43.81507390654057], [-72.21327867756463, 43.81519469330948], [-72.21327339472336, 43.8152087831172], [-72.21319274711952, 43.81538598069538], [-72.21319262707921, 43.81538624355249], [-72.21312366664134, 43.81553673890895], [-72.21311860209822, 43.81554652685212], [-72.21302176621568, 43.815713962479165], [-72.21284648375465, 43.81603348068645], [-72.21284568519464, 43.816034912801406], [-72.2126655419248, 43.816352807820245], [-72.21252624224977, 43.816598393255234], [-72.21252611574114, 43.816598615733625], [-72.21237433019262, 43.816864881316434], [-72.21219196796743, 43.81718531675869], [-72.21202547248289, 43.81747820852331], [-72.21186846573939, 43.81775650958669], [-72.21171026407615, 43.81804825811918], [-72.21154164068581, 43.81837590480832], [-72.21130882876884, 43.81887119542532], [-72.21120918119412, 43.819096233062695], [-72.21120898226927, 43.81909667967083], [-72.21106355818635, 43.81942126910751], [-72.21095662063271, 43.819673586498666], [-72.21095654270445, 43.81967376991073], [-72.21082024889596, 43.81999375282192], [-72.21081298350117, 43.82001077123634], [-72.2108066282027, 43.82002342122423], [-72.21079859103081, 43.820035559267396], [-72.21078894938707, 43.820047068469506], [-72.21077779612521, 43.82005783799024], [-72.21076523865693, 43.82006776411281], [-72.2107513979174, 43.8200767512428], [-72.21073640720064, 43.8200847128288], [-72.21072041087581, 43.82009157219597], [-72.21070356299685, 43.820097263284474], [-72.21068602581887, 43.82010173128566], [-72.21066796823543, 43.82010493316998], [-72.21064956415199, 43.820106838101346], [-72.21063099081113, 43.820107427734094], [-72.21061242708548, 43.820106696389715], [-72.2105940517551, 43.8201046511115], [-72.21057604178563, 43.82010131159673], [-72.21055857062399, 43.82009671000697], [-72.21054180652796, 43.82009089065833], [-72.21052591094569, 43.82008390959467], [-72.21051103696092, 43.820075834047834], [-72.21049732781856, 43.820066741790164], [-72.21048491554527, 43.82005672038553], [-72.21047391967788, 43.82004586634596], [-72.21046444611224, 43.82003428420221], [-72.21045658608335, 43.82002208549702], [-72.21045041528683, 43.82000938771097], [-72.21044599314985, 43.81999631313091], [-72.21044336225891, 43.81998298767239], [-72.21044254794975, 43.81996953966701], [-72.21044355806342, 43.819956098626434], [-72.21044638287073, 43.819942793995175], [-72.21045099516608, 43.81992975390398], [-72.21045820673054, 43.819912861915256], [-72.21059444528149, 43.819593013262256], [-72.21070178827912, 43.819339742832085], [-72.21070269711261, 43.81933765786885], [-72.21084848883807, 43.81901225221201], [-72.21094855316497, 43.8187862764684], [-72.21094961057912, 43.818783959583214], [-72.21118384261605, 43.81828565408586], [-72.211185665014, 43.81828195184668], [-72.21135581466835, 43.817951343321916], [-72.211356995104, 43.8179491093895], [-72.21151627521691, 43.81765537520655], [-72.21151723832423, 43.817653634179194], [-72.21167483162832, 43.817374296304], [-72.21167502312123, 43.81737395816397], [-72.21184163080973, 43.81708087201944], [-72.2120240600569, 43.81676032206137], [-72.2121758473282, 43.81649405611515], [-72.21231504938717, 43.81624864531815], [-72.21249477745853, 43.81593148625732], [-72.21267031393211, 43.815611508421185], [-72.21267163618465, 43.81560916156467], [-72.21276635897489, 43.81544538127692], [-72.21283298541105, 43.81529998140036], [-72.21291041415546, 43.8151298585062], [-72.21294223645148, 43.815022729862264], [-72.2129578363014, 43.81492479407327], [-72.21295922009116, 43.814800946343034], [-72.21294830399275, 43.81468381740639], [-72.21292664266399, 43.81456734565936], [-72.21288350892709, 43.81440012489477], [-72.21283296811524, 43.81422648544017], [-72.21283281814938, 43.81422596521993], [-72.2127875884503, 43.8140675326606], [-72.21278691242945, 43.81406504929967], [-72.21274895931143, 43.81391851567562], [-72.21274838126189, 43.81391617176831], [-72.21271293707292, 43.81376487416593], [-72.2127113717214, 43.813756712411916], [-72.21269414951581, 43.81364164264153], [-72.21269339562959, 43.81363518444505], [-72.2126837544819, 43.81352031373871], [-72.21268350395454, 43.81351641212163], [-72.2126782303476, 43.81339795218951], [-72.21267825208768, 43.81338864915215], [-72.21268472499362, 43.81325707800758], [-72.21268506543363, 43.81325240248552], [-72.21270063020908, 43.81309106251299], [-72.21270267474935, 43.81307838745297], [-72.21273289544008, 43.81294516589777], [-72.21273386085, 43.812941263531], [-72.21278410392941, 43.8127538192205], [-72.21278521721726, 43.81274996275739], [-72.21280766927497, 43.812677406679], [-72.21281261902841, 43.81266443171511], [-72.21281930119316, 43.812651870552855], [-72.21282765141538, 43.81263984416281], [-72.21283758927714, 43.81262846836533], [-72.21284901907092, 43.812617852715185], [-72.21286183072121, 43.812608099446436], [-72.21287590084476, 43.81259930248795], [-72.21289109393882, 43.812591546558856], [-72.21290726368596, 43.812584906352534], [-72.21292425436333, 43.81257944581744], [-72.21294190234224, 43.8125752175412], [-72.21296003766398, 43.81257226224417], [-72.2129784856766, 43.812570608387254], [-72.21299706871685, 43.81257027189793], [-72.2130156078211, 43.81257125601675], [-72.21303392444888, 43.812573551266176], [-72.21305184220218, 43.81257713554185], [-72.21306918852429, 43.81258197432547], [-72.21308579636155, 43.812588021017184], [-72.21310150577214, 43.81259521738442], [-72.21311616546637, 43.81260349412263], [-72.21312963426368, 43.8126127715227], [-72.2131417824522, 43.812622960238656], [-72.2131524930381, 43.81263396214802], [-72.21316166287212, 43.8126456712968], [-72.21316920364316, 43.812657974919865], [-72.21317504272862, 43.81267075452694], [-72.21317912389394, 43.812683887043654], [-72.21318140783416, 43.8126972459969], [-72.21318187255248, 43.81271070273274], [-72.21318051357223, 43.81272412765548], [-72.21317734397986, 43.812737391475714], [-72.21315548722453, 43.812808025183124], [-72.21310628528623, 43.81299158950249], [-72.2130779389374, 43.81311655185829], [-72.21306321516278, 43.81326918422248], [-72.21305708698492, 43.81339376427267], [-72.21306206730603, 43.81350562030451], [-72.21307127395862, 43.81361530591697], [-72.21308740118441, 43.81372305508062], [-72.21312161925448, 43.81386911495878]]]}}, {"type": "Feature", "properties": {}, "geometry": {"type": "Polygon", "coordinates": [[[-72.19794045232904, 43.81860785905698], [-72.19793971923404, 43.81862128196555], [-72.1979371762968, 43.81863458858069], [-72.197932847906, 43.818647651275825], [-72.19792677557508, 43.818660344763636], [-72.19791901754407, 43.81867254729801], [-72.19790964822108, 43.818684141841494], [-72.19789875746866, 43.818695017188055], [-72.19788644974193, 43.81870506902953], [-72.19787284308674, 43.818714200956165], [-72.19785806800743, 43.81872232538132], [-72.19784226621528, 43.818729364381504], [-72.19782558926907, 43.81873525044378], [-72.1978081971217, 43.81873992711338], [-72.19779025658579, 43.8187433495351], [-72.19777193973385, 43.81874548488355], [-72.1977534222478, 43.81874631267806], [-72.19773488173394, 43.81874582497896], [-72.19771649601944, 43.81874402646396], [-72.1976984414467, 43.81874093438313], [-72.197680891182, 43.81873657839341], [-72.19766401355457, 43.81873100027431], [-72.19764797044206, 43.81872425352709], [-72.19763291571793, 43.818716402861554], [-72.19761899377556, 43.81870752357552], [-72.19760633814339, 43.81869770083251], [-72.19759507020412, 43.81868702884495], [-72.19758529803062, 43.818675609970526], [-72.19757711534929, 43.81866355373041], [-72.1975706006412, 43.818650975758935], [-72.19756581638936, 43.8186379966943], [-72.19756280847947, 43.81862474102166], [-72.19737551281455, 43.8174388010398], [-72.19737430955867, 43.81742536834346], [-72.19737493044818, 43.81741191493126], [-72.19737736950239, 43.81739857036687], [-72.19737928943408, 43.81739262645027], [-72.1973476546414, 43.817180226382995], [-72.19734663884431, 43.81716941146749], [-72.1973411332966, 43.81702898906078], [-72.19734147763157, 43.81701596086882], [-72.19735226139858, 43.8168989829011], [-72.19735445340169, 43.81688541619784], [-72.19735849799847, 43.816872074620235], [-72.19736435507993, 43.816859090468476], [-72.19737196656392, 43.81684659249827], [-72.19741804518813, 43.81678011078808], [-72.19742679525852, 43.816768844080656], [-72.19743697113408, 43.81675822379607], [-72.19744848244916, 43.81674834424571], [-72.19746122697927, 43.81673929316292], [-72.19747509154861, 43.81673115092399], [-72.1974899530354, 43.816723989834415], [-72.19750567946497, 43.816717873486716], [-72.19752213118193, 43.81671285619583], [-72.1975391620902, 43.81670898251671], [-72.19755662095041, 43.816706286848714], [-72.19757435272298, 43.816704793130164], [-72.19779740434508, 43.816693682500116], [-72.19781169281379, 43.81669336223733], [-72.19782597395154, 43.816693823085075], [-72.19823050716724, 43.816717977348965], [-72.19853567925604, 43.81672320256298], [-72.19855422023821, 43.81672418067974], [-72.19857253953798, 43.816726469997135], [-72.19859046073165, 43.81673004846795], [-72.19860781122938, 43.81673488162976], [-72.19862442393729, 43.8167409229369], [-72.19864013886664, 43.81674811420862], [-72.19865480467459, 43.81675638618943], [-72.19866828012171, 43.816765659216074], [-72.19868043543211, 43.81677584398466], [-72.19869115354332, 43.81678684241075], [-72.1987003312337, 43.816798548573885], [-72.19870788011639, 43.8168108497377], [-72.19871372749071, 43.81682362743559], [-72.19871781704231, 43.81683675861158], [-72.19872010938539, 43.81685011680546], [-72.1987205824423, 43.816863573370625], [-72.19871923165601, 43.816876998713035], [-72.19871607003412, 43.816890263539214], [-72.19871112802362, 43.816903240101475], [-72.19870445321772, 43.816915803428216], [-72.19869610989755, 43.81692783252744], [-72.19868617841311, 43.81693921155199], [-72.19867475440951, 43.81694983091524], [-72.19866194790586, 43.816959588346485], [-72.19864788223572, 43.8169683898759], [-72.19863269285938, 43.81697615073952], [-72.19861652605924, 43.81698279619554], [-72.19859953753107, 43.81698826224425], [-72.19858189088448, 43.816992496244254], [-72.19856375606734, 43.816995457419594], [-72.19854530772893, 43.816997117252306], [-72.19852672353805, 43.81699745975723], [-72.19821599692031, 43.81699213942611], [-72.19820490788986, 43.81699171380394], [-72.19780911447181, 43.81696808141433], [-72.19772521787439, 43.816972260504876], [-72.19772010529398, 43.81702772346891], [-72.19772514344183, 43.817156203836696], [-72.19793936855176, 43.818594448597004], [-72.19794045232904, 43.81860785905698]]]}}, {"type": "Feature", "properties": {}, "geometry": {"type": "Polygon", "coordinates": [[[-72.19800193921213, 43.82092279492662], [-72.19800065231826, 43.82092699169155], [-72.19797229077824, 43.821013083888516], [-72.19796709516586, 43.821026008474355], [-72.19796017489337, 43.82103850210169], [-72.19795159660588, 43.821050444449725], [-72.1979414429163, 43.82106172050677], [-72.1979298116097, 43.82107222167784], [-72.1979168147017, 43.82108184683048], [-72.19790257735956, 43.82109050326876], [-72.19788723669691, 43.821098107626035], [-72.19787094045316, 43.821104586667765], [-72.1978538455707, 43.82110987799686], [-72.19783611668348, 43.82111393065464], [-72.19781792453132, 43.82111670561154], [-72.19779944431576, 43.821118176143], [-72.19778085401256, 43.82111832808696], [-72.19776233265772, 43.82111715998007], [-72.19774405862321, 43.82111468307193], [-72.19772620789914, 43.821110921216686], [-72.19770895239876, 43.82110591064329], [-72.19769245830281, 43.821099699606634], [-72.19767688445921, 43.82109234792271], [-72.19766238085306, 43.821083926392696], [-72.19764908716226, 43.82107451612095], [-72.19763713141238, 43.82106420773395], [-72.19762662874355, 43.82105310050755], [-72.1976176803018, 43.82104130141082], [-72.19761037226488, 43.82102892407588], [-72.19760477501228, 43.82101608770353], [-72.19760094244762, 43.82100291591532], [-72.19759891147949, 43.820989535562944], [-72.197598701666, 43.82097607550658], [-72.19760031502653, 43.82096266537396], [-72.19760373602239, 43.820949434311906], [-72.1976314091804, 43.82086543328562], [-72.1976654541098, 43.82074556139213], [-72.19766888983548, 43.82073346444229], [-72.19767216912071, 43.82008384080158], [-72.19767217420187, 43.82008321937258], [-72.19767430983258, 43.81989431429781], [-72.1976295876486, 43.81916177350849], [-72.19762967897071, 43.819148312752965], [-72.19763159205516, 43.81913492329578], [-72.1976353084767, 43.819121734084604], [-72.19764079244302, 43.81910887213859], [-72.19764799113955, 43.81909646132508], [-72.19765683523802, 43.81908462116665], [-72.19766723956428, 43.819073465690145], [-72.19767910391852, 43.81906310232848], [-72.19769231404031, 43.81905363088606], [-72.19770674270896, 43.81904514257763], [-72.19772225096878, 43.8190377191498], [-72.19773868946722, 43.81903143209384], [-72.19775589989324, 43.81902634195718], [-72.1977737165019, 43.81902249776031], [-72.19779196771057, 43.81901993652471], [-72.19781047775128, 43.8190186829163], [-72.19782906836339, 43.81901874900797], [-72.1978475605104, 43.81902013416322], [-72.19786577610398, 43.81902282504231], [-72.19788353971917, 43.81902679573083], [-72.19790068028364, 43.81903200798909], [-72.19791703272523, 43.819038411620525], [-72.19793243956167, 43.81904594495503], [-72.19794675241714, 43.81905453544288], [-72.19795983345125, 43.8190641003534], [-72.19797155668647, 43.819074547571745], [-72.19798180922139, 43.81908577648589], [-72.19799049231798, 43.81909767895568], [-72.19799752235262, 43.81911014035417], [-72.19800283162132, 43.81912304067158], [-72.19800636899193, 43.81913625567104], [-72.19800810039648, 43.819149658085045], [-72.19805304630174, 43.81988578715812], [-72.1980532248191, 43.81989296737691], [-72.19805105330998, 43.82008515355351], [-72.19804771060679, 43.82074817059098], [-72.19804670337683, 43.820761804315424], [-72.19804382916585, 43.82077529800041], [-72.19803658138382, 43.820800817495794], [-72.19800193921213, 43.82092279492662]]]}}, {"type": "Feature", "properties": {}, "geometry": {"type": "Polygon", "coordinates": [[[-72.20645628008822, 43.822007454994946], [-72.20643933820303, 43.822013741937994], [-72.20620757083665, 43.82208935626039], [-72.20618835480315, 43.82209473585295], [-72.20616844557313, 43.822098572863375], [-72.20597965277814, 43.822127100816175], [-72.2057756455301, 43.82218423224617], [-72.20576369667381, 43.82218725034244], [-72.20550576287216, 43.82224548036919], [-72.20530066402532, 43.82230241211551], [-72.20529644953865, 43.82230354065507], [-72.20511584279663, 43.82235014737562], [-72.20511197708947, 43.822351111033925], [-72.2049550330488, 43.82238886806464], [-72.20494299624313, 43.822391446552835], [-72.20471134090384, 43.82243508329632], [-72.20450151993006, 43.822486109035], [-72.20448397169307, 43.82248970603785], [-72.20446602705752, 43.82249206469097], [-72.20421056789121, 43.82251651519188], [-72.20419782815685, 43.822517418693266], [-72.20393820359915, 43.82252943712377], [-72.2039112924718, 43.82252929611363], [-72.20364409502454, 43.82251411276731], [-72.20362768581406, 43.822512656452105], [-72.20361151443588, 43.82251016993781], [-72.20337640822724, 43.822466177602514], [-72.20337434259977, 43.822465782076314], [-72.20314487120015, 43.822420838724476], [-72.20291391539479, 43.82238929927981], [-72.20268359300957, 43.82236461479848], [-72.2024160040042, 43.82234155075201], [-72.2020930215449, 43.82232181768533], [-72.20207993692323, 43.82232068523876], [-72.20176870828652, 43.82228576164367], [-72.20174622079485, 43.82228221399191], [-72.20149660751858, 43.822231159542575], [-72.20149571937279, 43.82223097619168], [-72.2014196434968, 43.8222151256069], [-72.20140205054956, 43.82221077276689], [-72.20138513160107, 43.82220519237165], [-72.20136904959087, 43.82219843816377], [-72.20135395939813, 43.82219057519035], [-72.20134000635001, 43.822181679176516], [-72.20132732482217, 43.822171835796205], [-72.20131603694455, 43.82216113984698], [-72.20130625142525, 43.82214969433713], [-72.20129806250362, 43.82213760949351], [-72.20129154904274, 43.82212500170016], [-72.20128677376981, 43.822111992377266], [-72.20128378267229, 43.82209870681198], [-72.2012826045549, 43.822085272951654], [-72.20128325076237, 43.82207182017178], [-72.20128571507013, 43.82205847802995], [-72.20128997374437, 43.82204537501815], [-72.20129598577063, 43.82203263732535], [-72.20130369324885, 43.822020387622246], [-72.201313021951, 43.82200874387979], [-72.20132388203598, 43.82199781823328], [-72.20133616891485, 43.82198771590219], [-72.20134976425808, 43.82197853417708], [-72.2013645371352, 43.82197036148254], [-72.20138034527565, 43.82196327652564], [-72.20139703643895, 43.82195734753805], [-72.20141444988079, 43.82195263161877], [-72.20143241790117, 43.8219491741844], [-72.20145076745929, 43.82194700853173], [-72.20146932184002, 43.82194615551703], [-72.20148790235577, 43.82194662335525], [-72.20150633006723, 43.82194840754088], [-72.20152442750663, 43.82195149089136], [-72.20160005931382, 43.8219672489475], [-72.20183813259075, 43.822015943067186], [-72.20213145200184, 43.82204885701939], [-72.20245110203909, 43.82206838646928], [-72.2024575678337, 43.822068862495385], [-72.20273106125731, 43.82209243545249], [-72.20273640781218, 43.82209295226544], [-72.20297309621392, 43.82211831901022], [-72.20298046940884, 43.8221192172], [-72.2032223411451, 43.82215224731888], [-72.20323669828274, 43.822154629798085], [-72.20347225203656, 43.82220076440921], [-72.20369027098464, 43.82224155943314], [-72.20392749014586, 43.82225503927397], [-72.20416726015587, 43.822243939930914], [-72.20439822575753, 43.82222183376746], [-72.20459694188725, 43.822173508576334], [-72.20460956253332, 43.822170788898056], [-72.20484151514472, 43.82212709618001], [-72.20499055919431, 43.822091239710964], [-72.20516712311043, 43.82204567628807], [-72.20537577285621, 43.82198775889788], [-72.20538719883956, 43.8219848866195], [-72.20564486390556, 43.82192671729587], [-72.20585742649315, 43.82186718998433], [-72.20587206688079, 43.82186358006251], [-72.20588706517438, 43.82186084680099], [-72.20607077719966, 43.82183308662186], [-72.20625743120239, 43.821772190631826], [-72.20641059286982, 43.82167395395202], [-72.20642498004094, 43.82166559480028], [-72.20644042184861, 43.82165828835631], [-72.20658349052052, 43.82159757684693], [-72.20667648813293, 43.82154278889212], [-72.20669022222769, 43.82153541770077], [-72.2067048181823, 43.82152897295317], [-72.20672015713662, 43.82152350713108], [-72.20673611418006, 43.821519064744585], [-72.20675255936892, 43.82151568196955], [-72.20676935878436, 43.82151338635307], [-72.20724520890586, 43.82146434030616], [-72.20726372133457, 43.821463099336896], [-72.20728231261916, 43.82146317812216], [-72.20730080371659, 43.821464575903185], [-72.20731901654872, 43.821467279218695], [-72.20733677571714, 43.82147126203446], [-72.20735391019234, 43.82147648599402], [-72.20737025496082, 43.82148290078811], [-72.20738565261418, 43.82149044463915], [-72.20739995486507, 43.82149904489609], [-72.20741302397519, 43.82150861873425], [-72.20742473408185, 43.82151907395271], [-72.2074349724101, 43.82153030986248], [-72.2074436403587, 43.82154221825598], [-72.20745065444993, 43.82155468444923], [-72.20745594713334, 43.821567588386294], [-72.20745946743646, 43.82158080579543], [-72.20746118145574, 43.82159420938593], [-72.20746107268302, 43.821607670073966], [-72.2074591421646, 43.82162105822573], [-72.20745540849126, 43.821634244905916], [-72.20744990761915, 43.821647103119425], [-72.20744269252371, 43.821659509034376], [-72.20743383268938, 43.821671343174685], [-72.20742341344055, 43.82168249157077], [-72.20741153511983, 43.82169284685706], [-72.20739831212173, 43.82170230930607], [-72.20738387179095, 43.82171078778879], [-72.20736835319603, 43.82171820065237], [-72.20735190579002, 43.82172447650649], [-72.20733468797113, 43.821729554910874], [-72.20731686555723, 43.821733386957405], [-72.20729861018894, 43.821735935741145], [-72.20687483079173, 43.82177961493637], [-72.20681137542752, 43.82181699863199], [-72.20679980332032, 43.82182329965877], [-72.2067876003579, 43.82182894239125], [-72.20664798367505, 43.82188818914672], [-72.20648713140952, 43.82199135872185], [-72.2064722649617, 43.82199996872424], [-72.20645628008822, 43.822007454994946]]]}}, {"type": "Feature", "properties": {}, "geometry": {"type": "Polygon", "coordinates": [[[-72.20916987737724, 43.82385290938847], [-72.20902604214223, 43.824185921448155], [-72.20902585114351, 43.8241863610582], [-72.20890129407061, 43.82447137141298], [-72.20869246498496, 43.824958189127415], [-72.20854607414975, 43.82530519619504], [-72.2085456742661, 43.82530613210291], [-72.20846478867466, 43.825493072957016], [-72.20845836680417, 43.825505705449935], [-72.208450265591, 43.82551782139994], [-72.20844056305349, 43.82552930412345], [-72.20842935263182, 43.82554004303517], [-72.20841674228818, 43.825549934713095], [-72.20840285346694, 43.8255588838945], [-72.20838781992522, 43.825566804393475], [-72.20837178644462, 43.82557361993084], [-72.20835490743691, 43.825579264868864], [-72.20833734545697, 43.825583684843416], [-72.20831926963723, 43.82558683728741], [-72.20830085405879, 43.82558869184089], [-72.20828227607495, 43.82558923064339], [-72.20826371460305, 43.825588448505925], [-72.20824534840143, 43.825586352960954], [-72.20822735434781, 43.82558296418986], [-72.20820990573584, 43.82557831482856], [-72.20819317060611, 43.82557244965325], [-72.20817731012784, 43.82556542514912], [-72.20816247704664, 43.82555730896639], [-72.20814881421354, 43.825548179268715], [-72.20813645320918, 43.82553812398056], [-72.20812551307662, 43.82552723994026], [-72.20811609917497, 43.82551563196748], [-72.20810830216462, 43.82550341185374], [-72.20810219713425, 43.82549069728576], [-72.20809784287769, 43.82547761071202], [-72.20809528132772, 43.82546427816358], [-72.20809453715228, 43.82545082804031], [-72.20809561751695, 43.82543738987425], [-72.20809851201602, 43.82542409308227], [-72.20810319277274, 43.82541106571956], [-72.20818387712659, 43.82522459255787], [-72.20833020226789, 43.82487774616992], [-72.20833046435487, 43.82487713010547], [-72.20853957750339, 43.82438965703834], [-72.2085398787973, 43.82438896120787], [-72.2086644933265, 43.8241038233102], [-72.20880801348703, 43.82377154535624], [-72.20895670969229, 43.82341755027734], [-72.20895715904376, 43.823416495774595], [-72.20917173863349, 43.82292003102184], [-72.20941446639172, 43.82235582819104], [-72.20955501386476, 43.82202817196571], [-72.2096946704144, 43.82170358330026], [-72.20979761418835, 43.8214620104986], [-72.20980396052754, 43.82144935811669], [-72.2098119891427, 43.82143721704319], [-72.2098216227131, 43.821425704202944], [-72.20983276846164, 43.82141493047049], [-72.20984531904833, 43.82140499960235], [-72.20985915360406, 43.82139600723779], [-72.20987413889463, 43.821388039977734], [-72.20989013060387, 43.821381174550844], [-72.20990697472345, 43.82137547707457], [-72.2099245090361, 43.82137100241836], [-72.20994256467776, 43.821367793675336], [-72.20996096776382, 43.821365881747255], [-72.20997954106366, 43.82136528504691], [-72.2099981057075, 43.8213660093208], [-72.21001648290886, 43.82136804759384], [-72.21003449568643, 43.82137138023648], [-72.21005197056836, 43.82137597515374], [-72.21006873926295, 43.821381788094364], [-72.21008464027926, 43.8213887630769], [-72.21009952048236, 43.821396832928826], [-72.21011323656812, 43.82140591993349], [-72.21012565644322, 43.821415936578504], [-72.21013666049735, 43.82142678639855], [-72.2101461427551, 43.82143836490432], [-72.2101540118965, 43.821450560588865], [-72.21016019213668, 43.82146325600142], [-72.21016462395556, 43.82147632887851], [-72.21016726467124, 43.82148965332136], [-72.21016808885099, 43.82150310100841], [-72.21016708855629, 43.82151654243114], [-72.21016427341931, 43.82152984814123], [-72.2101596705502, 43.82154288999731], [-72.21005665221841, 43.821784641179725], [-72.21005649979998, 43.821784997138494], [-72.20991684173251, 43.82210959370489], [-72.209776297069, 43.822437247982734], [-72.2095334651617, 43.823001700964774], [-72.20953339091277, 43.8230018731528], [-72.20931900441884, 43.82349789806355], [-72.20917031558164, 43.82385188068324], [-72.20916987737724, 43.82385290938847]]]}}, {"type": "Feature", "properties": {}, "geometry": {"type": "Polygon", "coordinates": [[[-72.22690865645099, 43.823963047058115], [-72.22691940935586, 43.82395206578424], [-72.22693159715047, 43.823941900462295], [-72.2269451024595, 43.82393264898945], [-72.22695979521953, 43.823924400462005], [-72.22697553393155, 43.82391723431736], [-72.22699216702371, 43.82391121956903], [-72.22700953431097, 43.82390641414193], [-72.22702746853776, 43.82390286431474], [-72.22704579698875, 43.823900604273945], [-72.22706434315207, 43.82389965578488], [-72.22708292841925, 43.8239000279819], [-72.22710137380525, 43.823901717280634], [-72.2271195016721, 43.8239047074123], [-72.22713713743961, 43.823908969580465], [-72.2271541112667, 43.82391446273841], [-72.22717025968694, 43.82392113398433], [-72.22718542718282, 43.823928919070894], [-72.22719946768349, 43.82393774302385], [-72.2272122459714, 43.82394752086414], [-72.2272236389846, 43.823958158426265], [-72.22723353700182, 43.823969553265115], [-72.22724184469922, 43.823981595642564], [-72.22724848206839, 43.823994169584275], [-72.2272533851869, 43.824007153996575], [-72.22725650683402, 43.82402042383273], [-72.2272578169454, 43.824033851297095], [-72.22726643140592, 43.824324760203716], [-72.22730343616882, 43.82468243598501], [-72.22730391351884, 43.82469589247095], [-72.22730256677504, 43.82470931803471], [-72.22729940890613, 43.82472258338071], [-72.22729447032293, 43.82473556075626], [-72.22728779858568, 43.824748125181934], [-72.22727945794591, 43.82476015565514], [-72.22726952872785, 43.824771536315474], [-72.22725810655474, 43.82478215756058], [-72.22724530142808, 43.82479191710162], [-72.22723123666817, 43.824800720948446], [-72.22721604772654, 43.82480848431477], [-72.22719988088139, 43.82481513243472], [-72.22718289182892, 43.82482060128289], [-72.2271652441838, 43.824824838190935], [-72.2271471079035, 43.824827802354896], [-72.2271286576514, 43.82482946522804], [-72.22711007111474, 43.82482981079589], [-72.22709152729323, 43.82482883573043], [-72.22707320477522, 43.82482654942214], [-72.22705528001771, 43.82482297388954], [-72.227037925647, 43.82481814356722], [-72.22702130879604, 43.82481210497413], [-72.22700558949492, 43.82480491626554], [-72.22699091912965, 43.82479664667305], [-72.22697743898415, 43.824787375837815], [-72.22696527887963, 43.82477719304346], [-72.22695455592438, 43.82476619635628], [-72.22694537338592, 43.824754491680835], [-72.22693781969646, 43.82474219173989], [-72.22693196760135, 43.82472941498892], [-72.22692787345846, 43.82471628447531], [-72.22692557669555, 43.824702926653245], [-72.22688819677757, 43.82434160269183], [-72.22688771109547, 43.82433429718389], [-72.22687899019162, 43.82403973081075], [-72.22687950431917, 43.82402627503385], [-72.22688183764886, 43.82401292053492], [-72.22688596770826, 43.82399979592497], [-72.22689185472154, 43.823987027600985], [-72.22689944199257, 43.823974738528655], [-72.22690865645099, 43.823963047058115]]]}}, {"type": "Feature", "properties": {}, "geometry": {"type": "Polygon", "coordinates": [[[-72.27154262516974, 43.82393884783243], [-72.27152991160325, 43.82394866982974], [-72.27151592952595, 43.82395754231672], [-72.27150081359302, 43.82396537984602], [-72.27148470937958, 43.82397210693757], [-72.27146777197862, 43.82397765880539], [-72.27145016450737, 43.823981981981646], [-72.2714320565364, 43.82398503483151], [-72.27141362245645, 43.82398678795419], [-72.27139503979897, 43.82398722446605], [-72.27137648752634, 43.8239863401632], [-72.2713581443083, 43.82398414356203], [-72.27134018680123, 43.82398065581713], [-72.27132278794679, 43.82397591051766], [-72.27130611530636, 43.8239699533637], [-72.27129032944735, 43.823962841726264], [-72.27127558239675, 43.8239546440947], [-72.27126201617703, 43.82394543941711], [-72.27124976143837, 43.82393531634], [-72.27123893620042, 43.82392437235457], [-72.27122964471579, 43.82391271285781], [-72.27122197646588, 43.82390045013742], [-72.27121600529937, 43.82388770229042], [-72.27121178872086, 43.823874592085815], [-72.2712093673372, 43.82386124578224], [-72.27120876446646, 43.823847791912], [-72.27122547340794, 43.823121546856825], [-72.27122669483565, 43.82310811498615], [-72.27122972879468, 43.82309483447283], [-72.27123454606523, 43.82308183321534], [-72.27124110025326, 43.82306923642268], [-72.27124932823745, 43.823057165408564], [-72.27125915077707, 43.82304573642309], [-72.27127047327515, 43.82303505953323], [-72.27128318668954, 43.823025237562874], [-72.27129716858305, 43.823016365102525], [-72.27131228430252, 43.82300852759838], [-72.27132838827575, 43.823001800529475], [-72.27134532541326, 43.822996248680795], [-72.271362932602, 43.822991925519325], [-72.27138104027607, 43.82298887267924], [-72.27139947404976, 43.82298711956083], [-72.27141805639695, 43.822986683047496], [-72.27143660836072, 43.82298756734309], [-72.27145495127668, 43.822989763931396], [-72.27147290849375, 43.822993251658225], [-72.27149030707511, 43.82299799693506], [-72.27150697946385, 43.823003954062635], [-72.27152276509649, 43.82301106567084], [-72.27153751194932, 43.82301926327143], [-72.27155107800237, 43.82302846791745], [-72.27156333260723, 43.82303859096357], [-72.27157415774516, 43.823049534919754], [-72.2715834491638, 43.823061194390135], [-72.27159111738106, 43.823073457088], [-72.27159708854705, 43.82308620491722], [-72.27160130515517, 43.82309931510948], [-72.2716037265961, 43.82311266140667], [-72.27160432954882, 43.823126115276736], [-72.27158762519844, 43.82385236039671], [-72.27158640383577, 43.82386579226963], [-72.271583369916, 43.82387907279071], [-72.27157855265628, 43.823892074061106], [-72.27157199844838, 43.82390467087126], [-72.27156377041199, 43.82391674190671], [-72.27155394778688, 43.82392817091644], [-72.27154262516974, 43.82393884783243]]]}}, {"type": "Feature", "properties": {}, "geometry": {"type": "Polygon", "coordinates": [[[-72.28645903862362, 43.822376322567415], [-72.28665977093745, 43.822525205936955], [-72.28667066798643, 43.82253401833849], [-72.28685147315274, 43.82269357472772], [-72.28685375156432, 43.82269562516661], [-72.28697766062143, 43.82280935262432], [-72.28698728268441, 43.82281901968844], [-72.28699570964918, 43.822829254887296], [-72.28723994624092, 43.82315752706952], [-72.28745909234542, 43.823416890683845], [-72.28762511277898, 43.823578777238566], [-72.28763417857131, 43.8235884531724], [-72.28764207328331, 43.823598652933626], [-72.28785676228765, 43.82390605505516], [-72.28801696500973, 43.824113685322565], [-72.28802105892798, 43.8241192918178], [-72.28850104648532, 43.824815079211724], [-72.28866922533335, 43.825043275337244], [-72.28868034187337, 43.82506140580449], [-72.28880884537452, 43.82531995763816], [-72.28881540267354, 43.82533625218537], [-72.28886949006551, 43.82551006167576], [-72.28887069334282, 43.82551422900205], [-72.28891401746925, 43.82567683336116], [-72.28897324702699, 43.825853810669116], [-72.28897613879064, 43.82586418510098], [-72.28902534021809, 43.82608415798527], [-72.28902739954995, 43.82609743615161], [-72.28903695908471, 43.826206989772444], [-72.28903721941971, 43.82622044940439], [-72.28903565623303, 43.82623386269835], [-72.2890322845778, 43.82624710047691], [-72.28902713692375, 43.82626003525283], [-72.28902026284457, 43.82627254245694], [-72.28901172854053, 43.8262845016377], [-72.28900161620092, 43.826295797621334], [-72.2889900232126, 43.826306321620926], [-72.28897706122214, 43.82631597228418], [-72.28896285506052, 43.82632465666949], [-72.28894754154109, 43.82633229114105], [-72.28893126814184, 43.826338802174334], [-72.28891419158515, 43.82634412706412], [-72.28889647632843, 43.82634821452854], [-72.28887829298033, 43.82635102520279], [-72.2888598166575, 43.82635253201836], [-72.28884122529826, 43.82635272046375], [-72.28882269794877, 43.82635158872405], [-72.28880441303873, 43.82634914769866], [-72.288786546663, 43.82634542089612], [-72.28876927088555, 43.826340444207815], [-72.28875275208244, 43.82633426556229], [-72.28873714933951, 43.82632694446361], [-72.28872261292018, 43.82631855141839], [-72.28870928281839, 43.82630916725666], [-72.28869728741033, 43.82629888235346], [-72.28868674221813, 43.82628779575847], [-72.28867774879733, 43.82627601424206], [-72.28867039375884, 43.82626365126706], [-72.28866474793482, 43.82625082589598], [-72.28866086569667, 43.826237661644406], [-72.28865878443133, 43.82622428529147], [-72.28864980803412, 43.82612140707652], [-72.28860325397672, 43.82591326440646], [-72.28854469575313, 43.82573828979857], [-72.28854279730821, 43.82573196954374], [-72.2884991848297, 43.82556827913803], [-72.28844832581582, 43.82540484079613], [-72.28832845026712, 43.82516364570811], [-72.28816553703481, 43.824942592600486], [-72.28816319552669, 43.824939309745844], [-72.2876840281359, 43.82424470562685], [-72.28752405514736, 43.824037371601946], [-72.28752038263694, 43.824032372136415], [-72.28731123694968, 43.82373290486016], [-72.28714980329246, 43.82357549004622], [-72.2871403006893, 43.82356529955261], [-72.28691400521687, 43.82329747282765], [-72.28690882345823, 43.82329094397412], [-72.28666994820814, 43.8229698755194], [-72.28655738684236, 43.82286656282553], [-72.28638292060482, 43.82271259974479], [-72.28619215198661, 43.82257110598231], [-72.28594024265732, 43.82240682340599], [-72.28570343729832, 43.822259091928196], [-72.285489422476, 43.82215845696127], [-72.2851178825395, 43.82202836966266], [-72.28510156241259, 43.82202192177856], [-72.28508619377739, 43.822014346752006], [-72.28507192464271, 43.82200571753505], [-72.28505889242832, 43.8219961172322], [-72.28504722264157, 43.821985638300056], [-72.2850370276686, 43.8219743816569], [-72.28502840569207, 43.82196245571076], [-72.28502143974566, 43.82194997531537], [-72.28501619691436, 43.82193706066407], [-72.28501272768844, 43.82192383613225], [-72.28501106547732, 43.821910429079516], [-72.28501122628778, 43.82189696862321], [-72.28501320856992, 43.82188358439488], [-72.28501699323208, 43.82187040529185], [-72.28502254382477, 43.821857558235905], [-72.28502980689174, 43.82184516695099], [-72.28503871248485, 43.821833350771605], [-72.2850491748377, 43.82182222349368], [-72.28506109319167, 43.82181189227856], [-72.28507435276629, 43.82180245662106], [-72.2850888258646, 43.821794007391276], [-72.28510437310305, 43.82178662595948], [-72.28512084475372, 43.821780383412516], [-72.28513808218631, 43.82177533986913], [-72.28515591939578, 43.82177154390113], [-72.2851741846011, 43.821769032065525], [-72.28519270189952, 43.82176782855249], [-72.28521129296051, 43.82176794495245], [-72.28522977874323, 43.8217693801444], [-72.28524798122065, 43.82177212030678], [-72.28526572509413, 43.82177613905049], [-72.28528283948145, 43.8217813976731], [-72.28566510035286, 43.821915238539695], [-72.28568581079091, 43.8219236894084], [-72.28592057236256, 43.822034079822274], [-72.28594104993219, 43.822045201913824], [-72.28618915301787, 43.822199981126055], [-72.28619228119707, 43.82220197647288], [-72.28645026270884, 43.82237021855029], [-72.28645903862362, 43.822376322567415]]]}}, {"type": "Feature", "properties": {}, "geometry": {"type": "Polygon", "coordinates": [[[-72.29711588282122, 43.82429538536846], [-72.29747311496212, 43.824057665546555], [-72.29765734207328, 43.82393422673157], [-72.29767159081925, 43.823925579471464], [-72.29768694163656, 43.823917985004954], [-72.2977032466889, 43.82391151647053], [-72.29772034895035, 43.82390623616332], [-72.29773808371765, 43.82390219493526], [-72.29775628019631, 43.823899431705335], [-72.29777476314538, 43.8238979730848], [-72.2977933545652, 43.82389783312085], [-72.29781187541143, 43.823899013161444], [-72.29783014731942, 43.82390150184218], [-72.2978479943218, 43.823905275195884], [-72.29786524454327, 43.82391029688336], [-72.29788173185563, 43.82391651854328], [-72.2978972974777, 43.823923880258036], [-72.2979117915046, 43.82393231113068], [-72.29792507435114, 43.823941729967764], [-72.29793701809626, 43.823952046061144], [-72.297947507715, 43.82396316006162], [-72.29795644218609, 43.82397496493576], [-72.29796373546506, 43.82398734699648], [-72.29796931731279, 43.82400018699809], [-72.29797313397204, 43.824013361284635], [-72.29797514868514, 43.82402674298069], [-72.29797534204813, 43.8240402032133], [-72.2979737121976, 43.824053612353076], [-72.2979702748287, 43.824066841262585], [-72.297965063044, 43.82407976254004], [-72.29795812703483, 43.824092251746244], [-72.29794953359787, 43.824104188603], [-72.2979393654919, 43.82411545815148], [-72.29792772064086, 43.824125951859415], [-72.29791471119077, 43.82413556866618], [-72.29773024630617, 43.82425916714664], [-72.29772977019252, 43.82425948506767], [-72.29737489886966, 43.824495634557145], [-72.29703819055413, 43.82473705675287], [-72.29702667122322, 43.82474466253746], [-72.29701432715652, 43.824751556875384], [-72.29700124194017, 43.82475769308243], [-72.29666783378356, 43.82490029769877], [-72.29664743595576, 43.82490785689694], [-72.29644719191859, 43.82497131359819], [-72.2964315920882, 43.82497567390426], [-72.296156247031, 43.82504268638299], [-72.29614486919662, 43.82504517077966], [-72.29576806000144, 43.825118196608024], [-72.29552646412124, 43.82516706422965], [-72.2955083331238, 43.825170045773504], [-72.29548988577385, 43.82517172632519], [-72.29547129973061, 43.82517208969997], [-72.29545275398907, 43.8251711323983], [-72.29543442715605, 43.82516886363962], [-72.29541649573015, 43.82516530527342], [-72.29539913240185, 43.82516049156897], [-72.29538250439039, 43.825154468885174], [-72.29536677183336, 43.82514729522409], [-72.2953520862444, 43.82513903967243], [-72.29533858905407, 43.82512978173607], [-72.29532641024772, 43.82511961057444], [-72.29531566711378, 43.82510862414182], [-72.29530646311407, 43.82509692824399], [-72.29529888688751, 43.8250846355192], [-72.2952930113965, 43.82507186435343], [-72.29528889322421, 43.825058737740264], [-72.29528657202984, 43.82504538209634], [-72.29528607016653, 43.825031926043934], [-72.29528739246629, 43.82501849917218], [-72.29529052619344, 43.82500523078915], [-72.29529544116731, 43.82499224867645], [-72.29530209005299, 43.824979677858735], [-72.29531040881713, 43.824967639399524], [-72.29532031734477, 43.82495624923544], [-72.29533172021087, 43.82494561705956], [-72.29534450759925, 43.82493584526514], [-72.29535855636034, 43.82492702795946], [-72.29537373119706, 43.824919250057576], [-72.29538988596784, 43.8249125864645], [-72.29540686509404, 43.82490710135389], [-72.29542450505821, 43.82490284755007], [-72.29566709334607, 43.82485377920521], [-72.29566908309226, 43.82485338517848], [-72.29604114436025, 43.82478127952965], [-72.29630292039197, 43.82471756946013], [-72.29648498171726, 43.824659874847896], [-72.29678826352594, 43.82453015600142], [-72.29711077475977, 43.82429891385698], [-72.29711588282122, 43.82429538536846]]]}}, {"type": "Feature", "properties": {}, "geometry": {"type": "Polygon", "coordinates": [[[-72.28690842295163, 43.82702998413853], [-72.28690355932595, 43.82704297640774], [-72.28689696010045, 43.82705556098806], [-72.28688868882838, 43.82706761668278], [-72.28687882516586, 43.82707902738864], [-72.28686746410482, 43.82708968321392], [-72.28685471505818, 43.82709948153673], [-72.28684070080617, 43.827108327993464], [-72.28682555631386, 43.82711613738747], [-72.2868094274314, 43.82712283450958], [-72.28679246948936, 43.827128354862495], [-72.28677484580281, 43.82713264528186], [-72.28675672609846, 43.82713566444832], [-72.28673828488006, 43.82713738328548], [-72.28671969974785, 43.82713778523987], [-72.286701149688, 43.82713686644044], [-72.28668281334895, 43.82713463573579], [-72.28666486732081, 43.827131114608974], [-72.28664748443472, 43.827126336970586], [-72.28663083209828, 43.827120348832175], [-72.28661507068333, 43.82711320786317], [-72.28660035198145, 43.82710498283539], [-72.28658681774208, 43.82709575296075], [-72.28657459830742, 43.82708560712846], [-72.28656381135714, 43.827074643048846], [-72.28655456077506, 43.82706296631241], [-72.28654693564872, 43.82705068937288], [-72.2864738042249, 43.82691558033332], [-72.2862829059557, 43.82659744945275], [-72.28627634318511, 43.826584854897625], [-72.28627151717608, 43.8265718552849], [-72.28626847440462, 43.82655857580819], [-72.28626724417317, 43.826545144356245], [-72.28626783832829, 43.82653169028135], [-72.2862702511467, 43.82651834315357], [-72.28627445939051, 43.82650523151292], [-72.28628042253088, 43.82649248163149], [-72.28628808313857, 43.826480216297306], [-72.28629736743692, 43.82646855363196], [-72.28630818601245, 43.82645760595286], [-72.28632043467599, 43.826447478691755], [-72.28633399546602, 43.82643826937926], [-72.28634873778483, 43.826430066705655], [-72.28636451965616, 43.82642294966675], [-72.28638118909247, 43.826416986803125], [-72.28639858555876, 43.826412235540076], [-72.28641654151843, 43.82640874163456], [-72.28643488404687, 43.82640653873458], [-72.28645343649664, 43.82640564805514], [-72.28647202019874, 43.82640607817393], [-72.28649045618316, 43.82640782494865], [-72.28650856690248, 43.82641087155709], [-72.2865261779417, 43.82641518865888], [-72.28654311969782, 43.826420734678265], [-72.28655922901329, 43.82642745620438], [-72.28657435074722, 43.82643528850562], [-72.2865883392694, 43.82644415615308], [-72.2866010598629, 43.82645397374687], [-72.28661239002136, 43.82646464673865], [-72.28662222062887, 43.82647607234212], [-72.28663045701072, 43.826488140522834], [-72.28682272919224, 43.826808557910546], [-72.28682535828534, 43.826813166669204], [-72.28689974706728, 43.8269505971669], [-72.28690567337247, 43.82696335605728], [-72.28690984372537, 43.82697647404638], [-72.28691221796208, 43.82698982480097], [-72.28691277321623, 43.82700327974609], [-72.28691150413918, 43.82701670930328], [-72.28690842295163, 43.82702998413853]]]}}, {"type": "Feature", "properties": {}, "geometry": {"type": "Polygon", "coordinates": [[[-72.27094010484267, 43.82889987800476], [-72.27093069185892, 43.828911486627455], [-72.27091975246213, 43.82892237141779], [-72.27090739200429, 43.82893242754891], [-72.27089372952324, 43.82894155817427], [-72.27087889659622, 43.82894967536059], [-72.27086303607277, 43.82895670093447], [-72.27084630069896, 43.82896256723539], [-72.27082885164637, 43.82896721776735], [-72.27081085695984, 43.82897060774293], [-72.27079248993911, 43.82897270451453], [-72.27077392746979, 43.828973487889016], [-72.27075534831984, 43.828972950321976], [-72.27073693141783, 43.828971096990536], [-72.27071885412977, 43.828967945743415], [-72.27070129055093, 43.828963526929044], [-72.27068440982914, 43.82895788310329], [-72.27066837453575, 43.82895106861961], [-72.27065333910001, 43.828943149105605], [-72.27063944832176, 43.82893420083094], [-72.2706268359769, 43.828924309972834], [-72.27061562352912, 43.82891357178608], [-72.27060591896011, 43.828902089685705], [-72.2705978157296, 43.828889974251005], [-72.27059139187533, 43.82887734216061], [-72.27058670926164, 43.82886431506869], [-72.27058381298356, 43.82885101843351], [-72.27058273093269, 43.828837580309056], [-72.27058347352852, 43.828824130111855], [-72.27060019787557, 43.828688504704836], [-72.27058268648892, 43.82778459313391], [-72.27058267335192, 43.827781624963485], [-72.27058664388714, 43.82740418316673], [-72.27058769762796, 43.82739074386089], [-72.27059056584565, 43.827377444042824], [-72.27059522091658, 43.82736441179693], [-72.27060161800877, 43.82735177263062], [-72.27060969551381, 43.82733964826573], [-72.27061937564014, 43.827328155466134], [-72.2706305651623, 43.827317404913394], [-72.27064315631876, 43.8273075001408], [-72.27065702784968, 43.82729853653627], [-72.27067204616476, 43.8272906004238], [-72.27068806662984, 43.827283768232085], [-72.27070493495964, 43.82727810575845], [-72.27072248870374, 43.827273667535295], [-72.27074055881093, 43.82727049630488], [-72.27075897125731, 43.827268622607654], [-72.27077754872214, 43.827268064488244], [-72.27079611229546, 43.82726882732162], [-72.27081448320116, 43.82727090376133], [-72.27083248451852, 43.82727427381025], [-72.27084994288612, 43.82727890501318], [-72.27086669017123, 43.827284752769415], [-72.27088256508911, 43.82729176076218], [-72.27089741475619, 43.82729986150108], [-72.2709110961624, 43.827308976971985], [-72.27092347754837, 43.82731901938838], [-72.27093443967449, 43.82732989203673], [-72.27094387696911, 43.82734149020791], [-72.27095169854532, 43.827353702205556], [-72.27095782907625, 43.82736641042181], [-72.27096220952062, 43.82737949246987], [-72.27096479769122, 43.82739282236264], [-72.27096556866141, 43.82740627172612], [-72.2709616161169, 43.827782229404384], [-72.27097924154754, 43.82869173064615], [-72.27097850976546, 43.828705850822075], [-72.27096091739784, 43.82884852271203], [-72.27095835738987, 43.82886185545773], [-72.27095400453811, 43.8288749423476], [-72.27094790076178, 43.828887657347494], [-72.27094010484267, 43.82889987800476]]]}}, {"type": "Feature", "properties": {}, "geometry": {"type": "Polygon", "coordinates": [[[-72.29339824659671, 43.828395084108976], [-72.29340952152769, 43.82840578791285], [-72.29341929295457, 43.828417240234806], [-72.29342746677263, 43.82842933078309], [-72.29343396426276, 43.82844194311949], [-72.29343872284966, 43.82845495578061], [-72.29344169670446, 43.828468243447574], [-72.29344285718616, 43.82848167815306], [-72.29344219311749, 43.828495130513566], [-72.29343971089253, 43.82850847097546], [-72.29343543441531, 43.828521571062666], [-72.29342940486954, 43.82853430461402], [-72.2934216803221, 43.82854654899816], [-72.29341233516377, 43.828558186294664], [-72.29340145939294, 43.8285691044296], [-72.29338915774886, 43.82857919825496], [-72.29337554870293, 43.82858837056124], [-72.29336076331779, 43.8285965330137], [-72.29334494398512, 43.828603607003004], [-72.29332824305428, 43.82860952440242], [-72.29331082136511, 43.82861422822378], [-72.29329284669893, 43.82861767316642], [-72.2932744921627, 43.82861982605346], [-72.29325593452177, 43.82862066615132], [-72.29323735249758, 43.82862018536929], [-72.29321892504643, 43.82861838833761], [-72.29320082963588, 43.82861529236283], [-72.29318324053578, 43.828610927261025], [-72.2931663271397, 43.828605335070826], [-72.29297786058524, 43.828534733934326], [-72.29296552184694, 43.828529679379734], [-72.29276188980458, 43.82843881729486], [-72.29274583355463, 43.82843079899778], [-72.29252258121106, 43.82830656126923], [-72.29250374092685, 43.82829455917301], [-72.29229702736887, 43.82814415603739], [-72.29229226387274, 43.828140561922275], [-72.29197406265023, 43.82789157822117], [-72.29196212014529, 43.82788126090921], [-72.29195163202652, 43.82787014583827], [-72.29194269929978, 43.82785834005293], [-72.29193540799145, 43.82784595724974], [-72.29192982831992, 43.827833116682186], [-72.29192601401954, 43.827819942012184], [-72.29192400182292, 43.82780656011921], [-72.29192381110748, 43.82779309987827], [-72.29192544370862, 43.82777969091886], [-72.29192888390236, 43.82776646237651], [-72.29193409855657, 43.827753541649166], [-72.29194103745027, 43.82774105317023], [-72.29194963375721, 43.8277291172103], [-72.2919598046896, 43.82771784871883], [-72.2919714522953, 43.827707356217125], [-72.29198446440121, 43.82769774075332], [-72.29199871569364, 43.827689094929134], [-72.29201406892507, 43.82768150200815], [-72.29203037623594, 43.82767503511393], [-72.29204748057856, 43.82766975652582], [-72.29206521722966, 43.82766571707925], [-72.29208341537658, 43.82766295567599], [-72.29210189976234, 43.82766149890973], [-72.2921204923734, 43.82766136080979], [-72.29213901415396, 43.827662542706186], [-72.29215728673036, 43.827665033216675], [-72.29217513412885, 43.827668808356414], [-72.29219238447027, 43.82767383176902], [-72.29220887162525, 43.82768005507656], [-72.29222443681418, 43.827687418345576], [-72.29223893013629, 43.82769585066412], [-72.29225221201322, 43.827705270824815], [-72.29256807673629, 43.827952425396], [-72.2927634935202, 43.82809460864397], [-72.29296903255057, 43.82820898884055], [-72.29315831190192, 43.828293446524306], [-72.29334047784874, 43.82836168731987], [-72.29335655261285, 43.82836845271574], [-72.29337163399235, 43.828376326186344], [-72.2933855767457, 43.82838523190627], [-72.29339824659671, 43.828395084108976]]]}}, {"type": "Feature", "properties": {}, "geometry": {"type": "Polygon", "coordinates": [[[-72.29055387390422, 43.8298253357589], [-72.29057089514812, 43.82983336343741], [-72.29074820291856, 43.829927157627196], [-72.29075841344388, 43.82993295741519], [-72.29107319473538, 43.83012472388396], [-72.29107386979456, 43.8301251370826], [-72.29154458260646, 43.83041462038225], [-72.29154585549534, 43.83041541023393], [-72.29183377307088, 43.830595673334855], [-72.29183907838826, 43.8305991233901], [-72.29207467706007, 43.830758233349975], [-72.29212321711263, 43.830790713223024], [-72.2921362362166, 43.83080032419298], [-72.29214789132716, 43.830810812670855], [-72.29215807019898, 43.8308220776473], [-72.29216667480344, 43.83083401063484], [-72.29217362227278, 43.8308464967126], [-72.29217884569822, 43.830859415633185], [-72.29218229477428, 43.830872642980516], [-72.29218393628331, 43.83088605136821], [-72.29218375441548, 43.83089951166619], [-72.29218175092105, 43.830912894244456], [-72.2921779450936, 43.83092607022135], [-72.29217237358415, 43.83093891270484], [-72.29216509004844, 43.830951298014526], [-72.29215616463003, 43.830963106872794], [-72.2921456832849, 43.830974225553504], [-72.29213374695372, 43.8309845469773], [-72.29212047058967, 43.83099397174276], [-72.29210598205138, 43.831002409083844], [-72.2920904208717, 43.83100977774386], [-72.2920739369138, 43.83101600675823], [-72.29205668892787, 43.83102103613778], [-72.29203884302237, 43.83102481744651], [-72.29202057106411, 43.831027314268134], [-72.29200204902322, 43.83102850255671], [-72.29198345527828, 43.83102837086834], [-72.29196496889843, 43.831026920471224], [-72.2919467679188, 43.83102416533361], [-72.29192902762591, 43.83102013198911], [-72.29191191886949, 43.83101485928133], [-72.29189560641706, 43.83100839798964], [-72.29188024736709, 43.831000810340186], [-72.2918659896361, 43.83099216940656], [-72.29181712939014, 43.830959475187164], [-72.29181649041469, 43.83095904564644], [-72.291583180648, 43.83080148103464], [-72.29129859436965, 43.83062330316958], [-72.29082885683081, 43.830334418928025], [-72.29051938141548, 43.830145884378254], [-72.29035552886458, 43.830059207711386], [-72.29015661809207, 43.8299760350068], [-72.28989832953195, 43.829875510978056], [-72.28963871216358, 43.82979286628852], [-72.28962495745776, 43.82978799851492], [-72.28940218003513, 43.82970091499501], [-72.28939021699085, 43.82969582039749], [-72.28917523053248, 43.82959641834033], [-72.28915937215217, 43.82958822558444], [-72.28905294916606, 43.82952703094726], [-72.2890389741101, 43.8295181515879], [-72.28902626857449, 43.82950832334276], [-72.28901495492043, 43.82949764086365], [-72.28900514210424, 43.82948620702911], [-72.2889969246282, 43.829474131953624], [-72.2889903816303, 43.82946153192709], [-72.2889855761223, 43.82944852829495], [-72.2889825543828, 43.829435246289506], [-72.28898134551162, 43.829421813823856], [-72.28898196114966, 43.82940836026007], [-72.28898439536675, 43.82939501516327], [-72.28898862471888, 43.829381907053936], [-72.28899460847396, 43.8293691621701], [-72.28900228900422, 43.82935690325173], [-72.28901159234113, 43.82934524835853], [-72.28902242888788, 43.82933430973316], [-72.28903469428217, 43.829324192720115], [-72.28904827040142, 43.82931499475133], [-72.28906302650027, 43.82930680440785], [-72.28907882046974, 43.82929970056673], [-72.28909550020582, 43.829293751641444], [-72.28911290507426, 43.82928901492305], [-72.2891308674576, 43.82928553602846], [-72.28914921436935, 43.82928334846109], [-72.28916776911984, 43.829282473288295], [-72.28918635301794, 43.8292829189384], [-72.28920478709175, 43.8292846811196], [-72.28922289381224, 43.82928774286121], [-72.2892404988029, 43.82929207467721], [-72.28925743251901, 43.82929763485011], [-72.28927353188044, 43.82930436983272], [-72.28928864184213, 43.82931221476387], [-72.28938742680792, 43.82936901731737], [-72.289588339762, 43.82946191214049], [-72.28979826469384, 43.829543971537596], [-72.29005772316623, 43.829626565557604], [-72.29007117437986, 43.829631314904745], [-72.29033860393129, 43.82973539642856], [-72.29034365253858, 43.82973743375869], [-72.29055387390422, 43.8298253357589]]]}}, {"type": "Feature", "properties": {}, "geometry": {"type": "Polygon", "coordinates": [[[-72.2976447919057, 43.830436616213056], [-72.29765523123747, 43.83044775554704], [-72.29766411206903, 43.83045958198303], [-72.29767134887247, 43.83047198162635], [-72.29767687195256, 43.830484835062], [-72.29768062811802, 43.830498018504564], [-72.29768258119378, 43.830511404990496], [-72.29768271236948, 43.83052486560071], [-72.29768102038057, 43.830538270702135], [-72.29767752152064, 43.83055149119627], [-72.29767224948448, 43.830564399762345], [-72.29766525504367, 43.83057687208358], [-72.29765660555759, 43.830588788044416], [-72.29764638432485, 43.83060003288724], [-72.29763468978105, 43.83061049831767], [-72.29762163455075, 43.83062008354749], [-72.29760734436294, 43.830628696265215], [-72.2975919568402, 43.83063625352528], [-72.2975756201732, 43.83064268254669], [-72.29755849169368, 43.83064792141412], [-72.29754073635908, 43.830651919674075], [-72.29752252516401, 43.8306546388209], [-72.29750403349337, 43.830656052667536], [-72.29748543943325, 43.83065614759778], [-72.29746692205582, 43.83065492269743], [-72.29744865969475, 43.83065238976297], [-72.29743082822773, 43.83064857318815], [-72.29741359938255, 43.8306435097289], [-72.29739713908326, 43.83063724814942], [-72.29711715105013, 43.83051769496101], [-72.29692397137744, 43.8304366466831], [-72.29690608531224, 43.830428130689924], [-72.29672862112142, 43.830332819295336], [-72.29671424930257, 43.83032427811949], [-72.2967011031419, 43.83031475828971], [-72.29668930924416, 43.83030435148761], [-72.29667898119074, 43.83029315793683], [-72.296670218446, 43.830281285437756], [-72.29666310539926, 43.83026884832942], [-72.29665771055221, 43.83025596638829], [-72.29665408585912, 43.830242763674754], [-72.29665226622664, 43.830229367338305], [-72.29665226917764, 43.83021590639306], [-72.29665409468248, 43.830202510475296], [-72.29665772515932, 43.83018930859494], [-72.29666312564358, 43.830176427893136], [-72.29667024412461, 43.83016399241784], [-72.2966790120467, 43.830152121929174], [-72.29668934496927, 43.830140930746055], [-72.29670114338018, 43.830130526645284], [-72.29671429365402, 43.830121009823614], [-72.2967286691465, 43.83011247193281], [-72.29674413141402, 43.830104995197], [-72.29676053154691, 43.830098651620816], [-72.29677771160365, 43.830093502296], [-72.29679550613177, 43.83008959681307], [-72.29681374376125, 43.83008697278373], [-72.29683224885487, 43.830085655478605], [-72.29685084319968, 43.83008565758404], [-72.2968693477232, 43.830086979079724], [-72.29688758421794, 43.83008960723903], [-72.29690537705764, 43.83009351675151], [-72.29692255488851, 43.83009866996669], [-72.29693895227955, 43.83010501725657], [-72.29695441131557, 43.83011249749366], [-72.29712326500571, 43.830203184244006], [-72.2973077968887, 43.83028060423801], [-72.29730905114351, 43.830281135117325], [-72.29758966418136, 43.83040095501789], [-72.29760519737891, 43.830408354386776], [-72.2976196539301, 43.830416820310674], [-72.2976328946107, 43.83042627125855], [-72.2976447919057, 43.830436616213056]]]}}, {"type": "Feature", "properties": {}, "geometry": {"type": "Polygon", "coordinates": [[[-72.29456245521077, 43.83155594689973], [-72.29457643969182, 43.83156481887247], [-72.2945891555743, 43.831574640398266], [-72.2946004803972, 43.831585316890866], [-72.29461030509596, 43.83159674553021], [-72.29461853505283, 43.83160881625269], [-72.29462509100806, 43.831621412810975], [-72.29462990982331, 43.831634413893624], [-72.29463294508972, 43.831647694293295], [-72.2946341675748, 43.83166112611263], [-72.29463356550416, 43.83167457999594], [-72.29463114467485, 43.83168792637492], [-72.29462692839961, 43.831701036716545], [-72.29462095728233, 43.831713784760844], [-72.29461328882724, 43.83172604773694], [-72.29460399688487, 43.831737707545315], [-72.29459317094114, 43.83174865189526], [-72.2945809152554, 43.8317587753863], [-72.29456734785646, 43.83176798052324], [-72.29455259940583, 43.83177617865515], [-72.29453681193954, 43.8317832908291], [-72.2945201375, 43.83178924855057], [-72.29450273667197, 43.83179399444312], [-72.29448477703583, 43.8317974828009], [-72.29446643155377, 43.83179968002892], [-72.29444787690397, 43.831800564966535], [-72.29442929177907, 43.83180012909124], [-72.29383522192099, 43.83176501188486], [-72.29382446701052, 43.83176415170798], [-72.29312477341438, 43.83169349695008], [-72.2931078512028, 43.83169121664681], [-72.29309128467288, 43.831687834073364], [-72.293075210537, 43.83168337714389], [-72.2930597614441, 43.8316778826384], [-72.29259327591964, 43.831492478681476], [-72.29257743498755, 43.83148542917427], [-72.29256262483882, 43.83147728960817], [-72.29254898810362, 43.83146813837206], [-72.29253665611121, 43.8314580635978], [-72.29252574762532, 43.83144716231136], [-72.29251636770023, 43.83143553949857], [-72.29250860666913, 43.83142330709381], [-72.2925025392742, 43.83141058290218], [-72.29249822394678, 43.83139748946484], [-72.29249570224478, 43.83138415287897], [-72.29249499845237, 43.83137070158329], [-72.29249611934623, 43.83135726512116], [-72.2924990541303, 43.83134397289301], [-72.2925037745399, 43.83133095291011], [-72.29251023511378, 43.8313183305618], [-72.2925183736322, 43.83130622740791], [-72.29252811171601, 43.83129476000807], [-72.29253935558157, 43.83128403879925], [-72.292551996944, 43.83127416703208], [-72.29256591405999, 43.83126523977666], [-72.29258097290024, 43.831257343006925], [-72.29259702844027, 43.83125055277263], [-72.29261392605706, 43.8312449344671], [-72.29263150301814, 43.831240542197335], [-72.29264959004871, 43.831237418263015], [-72.29266801296188, 43.83123559274916], [-72.29268659433612, 43.83123508323634], [-72.29270515522384, 43.83123589463141], [-72.29272351687477, 43.83123801912027], [-72.29274150245735, 43.83124143624305], [-72.29275893876161, 43.83124611309119], [-72.2927756578674, 43.831252004624396], [-72.29321161816753, 43.831425276264206], [-72.29387146039097, 43.8314919067516], [-72.29446013315473, 43.8315267049012], [-72.29447856968648, 43.83152845738361], [-72.29449668015725, 43.831531509598044], [-72.29451429015442, 43.83153583215021], [-72.29453123008506, 43.83154138341181], [-72.29454733680913, 43.83154810992151], [-72.29456245521077, 43.83155594689973]]]}}, {"type": "Feature", "properties": {}, "geometry": {"type": "Polygon", "coordinates": [[[-72.30004216785237, 43.832752598559246], [-72.3000555710628, 43.83276192906266], [-72.3000676463631, 43.83277216564775], [-72.30007827746134, 43.83278320973104], [-72.30008736197378, 43.83279495495236], [-72.30009481241098, 43.83280728819923], [-72.3001005570203, 43.83282009069602], [-72.30010454047707, 43.83283323914796], [-72.30010672441723, 43.83284660692844], [-72.30010708780712, 43.83286006529855], [-72.30010562714583, 43.83287348464681], [-72.30010235649914, 43.832886735737524], [-72.30009730736401, 43.83289969095527], [-72.30009052836535, 43.83291222553401], [-72.30008208478768, 43.83292421875857], [-72.30007205794658, 43.832935555127285], [-72.30006054440548, 43.832946125464346], [-72.30004765504583, 43.8329558279712], [-72.30003351399915, 43.83296456920695], [-72.30001825745163, 43.8329722649883], [-72.30000203233259, 43.83297884120026], [-72.29998499489946, 43.832984234509915], [-72.29996730923285, 43.83298839297645], [-72.29994914565641, 43.8329912765513], [-72.29993067909639, 43.83299285746386], [-72.29991208739709, 43.83299312048899], [-72.29989354960793, 43.832992063093634], [-72.2998752442592, 43.8329896954611], [-72.2995372957003, 43.83293347246559], [-72.29951847010992, 43.83292958949948], [-72.29929195424792, 43.83287356138234], [-72.29928065018677, 43.832870470599744], [-72.2991501380046, 43.832831299618036], [-72.29914088336648, 43.83282812621531], [-72.29913060467187, 43.83282664929331], [-72.29911652305285, 43.83282421780631], [-72.29910273896516, 43.83282101519152], [-72.29893493842395, 43.832776842486375], [-72.29891763923507, 43.832771572554286], [-72.29845118827838, 43.832609345503364], [-72.29781774440922, 43.832405699500754], [-72.29728858642525, 43.83223524716], [-72.29719324452456, 43.83220698105568], [-72.29654316671945, 43.83205408668495], [-72.29624318466749, 43.83199597399917], [-72.29622547930998, 43.83199186034103], [-72.29620841620425, 43.83198651020582], [-72.29619215967816, 43.83197997511858], [-72.29617686629156, 43.83197231801617], [-72.29616268332857, 43.83196361264106], [-72.29614974737912, 43.83195394283121], [-72.29613818302336, 43.83194340171262], [-72.2961281016321, 43.831932090802454], [-72.29611960029416, 43.83192011903135], [-72.29611276088136, 43.83190760169436], [-72.29610764926005, 43.8318946593406], [-72.29610431465694, 43.83188141661222], [-72.2961027891849, 43.831868001044086], [-72.29610308753387, 43.83185454183555], [-72.29610520682935, 43.83184116860609], [-72.29610912666018, 43.831828010147134], [-72.29611480927514, 43.83181519318167], [-72.29612219994652, 43.831802841143805], [-72.29613122749731, 43.83179107299009], [-72.2961418049866, 43.83178000205393], [-72.29615383054697, 43.831769734954065], [-72.29616718836547, 43.831760370567835], [-72.29618174979909, 43.83175199907896], [-72.29619737461353, 43.83174470110905], [-72.29621391233377, 43.83173854694112], [-72.29623120369327, 43.83173359584284], [-72.29624908216766, 43.831729895495684], [-72.29626737557851, 43.83172748153579], [-72.29628590775144, 43.83172637721075], [-72.29630450021267, 43.831726593155764], [-72.29632297390786, 43.831728127291164], [-72.29634115092645, 43.83173096484249], [-72.296645952908, 43.83179001122152], [-72.29665552062772, 43.831792061549734], [-72.29731706507869, 43.83194765272876], [-72.29733032889601, 43.831951173102134], [-72.29743483903894, 43.83198215730473], [-72.2974400603702, 43.831983771816056], [-72.29797162400268, 43.832154998972605], [-72.29860759627276, 43.83235945765512], [-72.29861274607421, 43.83236118051317], [-72.29907328356558, 43.83252135080136], [-72.29921861859108, 43.83255960954736], [-72.29925180346753, 43.832564377797034], [-72.29926992631492, 43.83256766150257], [-72.29928751439039, 43.832572221127194], [-72.29930439672694, 43.83257801234859], [-72.29932040921773, 43.83258497887251], [-72.29932227876691, 43.83258598607551], [-72.29942020942188, 43.83261537824012], [-72.29963173026437, 43.83266769735569], [-72.29996012592241, 43.832722331049226], [-72.29997802246668, 43.83272598610111], [-72.29999533793374, 43.83273089338309], [-72.30001190556706, 43.83273700563569], [-72.300027565812, 43.83274426399495], [-72.30004216785237, 43.832752598559246]]]}}, {"type": "Feature", "properties": {}, "geometry": {"type": "Polygon", "coordinates": [[[-72.24714433131932, 43.837231755701914], [-72.24714435579574, 43.83723284190802], [-72.24714703101593, 43.837389636175104], [-72.2471561367825, 43.83758729857191], [-72.24715584381342, 43.83760075780524], [-72.24715372969072, 43.83761413144297], [-72.24714981477342, 43.83762729068956], [-72.24714413676318, 43.83764010881412], [-72.24713675034133, 43.8376524623708], [-72.24712772664232, 43.83766423238781], [-72.24711715256868, 43.83767530551306], [-72.24710512995406, 43.8376855751059], [-72.24709177458266, 43.83769494226407], [-72.24707721507399, 43.83770331677634], [-72.2470615916444, 43.83771061799112], [-72.24704505475655, 43.83771677559329], [-72.24702776367043, 43.83772173028147], [-72.24700988490955, 43.83772543433897], [-72.24699159065719, 43.83772785209349], [-72.24697305709816, 43.83772896026057], [-72.24695446272194, 43.83772874816786], [-72.2469359866038, 43.837727217857996], [-72.24691780668005, 43.83772438406876], [-72.24690009803437, 43.837720274091275], [-72.24688303121174, 43.83771492750716], [-72.24686677057579, 43.83770839580724], [-72.24685147272601, 43.83770074189574], [-72.24683728498945, 43.83769203948441], [-72.246824344002, 43.83768237238268], [-72.24681277439238, 43.837671833690436], [-72.24680268758198, 43.83766052490151], [-72.24679418071179, 43.83764855492608], [-72.2467873357069, 43.837636039041946], [-72.24678221848757, 43.837623097784196], [-72.24677887833435, 43.837609855784436], [-72.24677734741361, 43.83759644057051], [-72.24676817664451, 43.837397339790385], [-72.24676808584876, 43.83739446238794], [-72.24676539634048, 43.83723677220665], [-72.2467587793712, 43.837000452337286], [-72.24675874357997, 43.836998459632106], [-72.24675690937714, 43.83676699049666], [-72.24675712857407, 43.83675956144162], [-72.24677433954594, 43.83650259656183], [-72.24677488887126, 43.836496872892205], [-72.24679613412658, 43.83632698568567], [-72.2467976565324, 43.836318072862106], [-72.24683027709631, 43.83616770491474], [-72.24685884451345, 43.83603329671161], [-72.24686058178409, 43.836026325742466], [-72.24689292962697, 43.83591331276915], [-72.2468975913707, 43.835900281681056], [-72.24690399520094, 43.83588764409285], [-72.24691207944434, 43.83587552171112], [-72.24692176624448, 43.83586403128071], [-72.24693296231165, 43.83585328346032], [-72.24694555982121, 43.83584338175695], [-72.2469594374522, 43.835834421528936], [-72.24697446155558, 43.83582648906777], [-72.24699048744141, 43.83581966076696], [-72.24700736077223, 43.83581400238641], [-72.24702491904944, 43.83580956841906], [-72.2470429931782, 43.83580640156616], [-72.24706140909588, 43.8358045323261], [-72.24707998944825, 43.8358039787005], [-72.24709855529764, 43.835804746021054], [-72.24711692784597, 43.8358068268981], [-72.24713493015668, 43.83581020129185], [-72.2471523888588, 43.83581483670516], [-72.2471691358164, 43.83582068849683], [-72.24718500974788, 43.83582770031123], [-72.24719985777915, 43.83583580462115], [-72.2472135369159, 43.83584492337807], [-72.24722591542064, 43.83585496876381], [-72.24723687408151, 43.83586584403625], [-72.24724630736017, 43.83587744446101], [-72.24725412440844, 43.83588965832002], [-72.24726024994305, 43.83590236798747], [-72.24726462497082, 43.83591545106261], [-72.24726720735671, 43.835928781548446], [-72.24726797222978, 43.83594223106524], [-72.24726691222266, 43.835955670086825], [-72.24726403754258, 43.83596896918802], [-72.24723268335639, 43.83607851301965], [-72.24720481624844, 43.836209630152354], [-72.2472047258406, 43.83621005117591], [-72.24717302336362, 43.836356191324576], [-72.24715269604395, 43.83651874646501], [-72.24713592725662, 43.836769133031936], [-72.24713772554708, 43.8369958890411], [-72.24714433131932, 43.837231755701914]]]}}, {"type": "Feature", "properties": {}, "geometry": {"type": "Polygon", "coordinates": [[[-72.24771370757497, 43.841577883802294], [-72.24771256682885, 43.84159131935131], [-72.2477096120957, 43.8416046092759], [-72.24770487183005, 43.841617625586686], [-72.24769839168216, 43.84163024292927], [-72.2476902340585, 43.84164233979147], [-72.24768047752066, 43.841653799673516], [-72.24766921602892, 43.84166451221009], [-72.24765655803728, 43.841674374233186], [-72.247642625449, 43.84168329076571], [-72.2476275524427, 43.84169117593614], [-72.24761148418004, 43.841697953805536], [-72.24759457540782, 43.84170355909893], [-72.24757698896752, 43.84170793783399], [-72.24755889422715, 43.8417110478408], [-72.24754046545007, 43.84171285916814], [-72.24752188011665, 43.84171335437178], [-72.24750331721503, 43.841712528682606], [-72.24748495551731, 43.84171039005253], [-72.24746697185786, 43.8417069590779], [-72.24744953943019, 43.84170226880104], [-72.24743282611905, 43.84169636439221], [-72.2474169928835, 43.84168930271444], [-72.24740219220682, 43.84168115177591], [-72.24738856662793, 43.841671990075056], [-72.24737624736868, 43.841661905844525], [-72.24736535307012, 43.84165099620135], [-72.24735598864994, 43.84163936621184], [-72.24734824429198, 43.84162712787948], [-72.2472998420834, 43.841539520180106], [-72.24729858848725, 43.84153718977619], [-72.24723436904117, 43.84141451097492], [-72.2472304202588, 43.84140616729484], [-72.24718748423169, 43.84130493913272], [-72.24716884943626, 43.841261005760174], [-72.24716743835411, 43.84125751465788], [-72.2471020262747, 43.84108733949618], [-72.24709792666094, 43.841074209720155], [-72.24709562484432, 43.84106085232421], [-72.24709514299141, 43.841047395947434], [-72.24709648574151, 43.841033970182124], [-72.24709964016198, 43.841020704325686], [-72.24710457587285, 43.84100772613541], [-72.24711124533951, 43.84099516059813], [-72.24711958433043, 43.84098312872656], [-72.24712951253585, 43.84097174639384], [-72.24714093434116, 43.84096112321764], [-72.24715373974789, 43.84095136150456], [-72.24716780543288, 43.84094255526476], [-72.24718299593609, 43.84093478930675], [-72.24719916496505, 43.84092813842049], [-72.24721615680384, 43.84092266665731], [-72.24723380781259, 43.840918426712946], [-72.2472519480034, 43.840915459420145], [-72.24727040267743, 43.84091379335532], [-72.24728899410727, 43.840913444563526], [-72.24730754324851, 43.84091441640378], [-72.247325871464, 43.84091669951679], [-72.24734380224416, 43.840920271915095], [-72.24736116290681, 43.84092509919476], [-72.24737778626022, 43.84093113486674], [-72.24739351221308, 43.8409383208046], [-72.24740818931645, 43.84094658780417], [-72.24742167622207, 43.840955856250204], [-72.24743384304372, 43.84096603688289], [-72.2474445726081, 43.84097703165766], [-72.24745376158322, 43.84098873468917], [-72.24746132147357, 43.84100103327127], [-72.24746717947248, 43.84101380896218], [-72.24753191894015, 43.84118223159875], [-72.24754981661826, 43.841224426541], [-72.2475909647844, 43.84132143817379], [-72.247652412913, 43.84143882157662], [-72.24770017407562, 43.84152526806532], [-72.24770622385702, 43.84153799685975], [-72.24771052074237, 43.84155109355422], [-72.24771302334925, 43.84156443202061], [-72.24771370757497, 43.841577883802294]]]}}, {"type": "Feature", "properties": {}, "geometry": {"type": "Polygon", "coordinates": [[[-72.25081095053199, 43.84484354120822], [-72.25082256905, 43.84485405246711], [-72.25083270808359, 43.84486533732304], [-72.25084126998784, 43.84487728709708], [-72.25084817230623, 43.84488978670674], [-72.25085334856475, 43.844902715774225], [-72.25085674891218, 43.8449159497858], [-72.25085834060015, 43.844929361290845], [-72.25085810829864, 43.8449428211293], [-72.25085605424361, 43.84495619967556], [-72.25085219821554, 43.844969368086815], [-72.25084657734898, 43.84498219954387], [-72.25083924577493, 43.84499457047253], [-72.25083027409963, 43.84500636173368], [-72.25081974872455, 43.845017459770645], [-72.25080777101437, 43.84502775770286], [-72.25079445632079, 43.84503715635517], [-72.25077993287162, 43.84504556521297], [-72.2507643405359, 43.84505290329395], [-72.25074782947682, 43.84505909992798], [-72.25073055870563, 43.845064095437706], [-72.25071269455019, 43.84506784171335], [-72.25069440905312, 43.845070302676014], [-72.25067587831491, 43.8450714546251], [-72.2506572807979, 43.84507128646666], [-72.25063879560753, 43.84506979982015], [-72.25062060076755, 43.84506700900291], [-72.2506028715053, 43.845062940892184], [-72.25058577856424, 43.84505763466638], [-72.25056948655964, 43.84505114142766], [-72.25055415239302, 43.84504352370984], [-72.25053992374123, 43.845034854876126], [-72.25041669869529, 43.844951970582876], [-72.25028262162091, 43.844862188526086], [-72.25019635738366, 43.84480442249963], [-72.25019505404225, 43.8448035414543], [-72.25000875791673, 43.84467641370276], [-72.24981952322513, 43.84455353524461], [-72.2498142431307, 43.844549972970114], [-72.24963019650049, 43.84442097590711], [-72.24961748688135, 43.84441114833818], [-72.24960616940656, 43.84440046646906], [-72.24959635306924, 43.844389033172405], [-72.24958813240555, 43.8443769585575], [-72.24958158658423, 43.844364358909836], [-72.24957677864417, 43.84435135557119], [-72.24957375488742, 43.844338073771056], [-72.24957254443325, 43.84432464142055], [-72.24957315893776, 43.84431118788061], [-72.24957559248173, 43.84429784271615], [-72.24957982162762, 43.844284734448294], [-72.24958580564532, 43.8442719893166], [-72.24959348690454, 43.844259730063406], [-72.24960279142971, 43.844248074751704], [-72.24961362961258, 43.844237135628084], [-72.24962589707513, 43.844227018041934], [-72.24963947567484, 43.84421781943066], [-72.24965423464245, 43.844209628381485], [-72.24967003184135, 43.84420252377828], [-72.24968671513643, 43.84419657404186], [-72.24970412385919, 43.84419183647109], [-72.24972209035505, 43.84418835669108], [-72.24974044159788, 43.844186168213795], [-72.24975900085634, 43.844185292115334], [-72.24977758939586, 43.844185736832955], [-72.24979602819985, 43.8441874980838], [-72.24981413969374, 43.84419055890619], [-72.24983174945503, 43.84419488982294], [-72.24984868789308, 43.8442004491252], [-72.24986479188226, 43.8442071832742], [-72.24987990633295, 43.84421502741676], [-72.24989388568515, 43.844223906009944], [-72.25007533910973, 43.844351085127215], [-72.25026363170113, 43.8444733514944], [-72.25026708232784, 43.84447564850862], [-72.25045443526611, 43.84460349705313], [-72.25054004369522, 43.84466082375894], [-72.25067427527924, 43.84475070902216], [-72.25067458481983, 43.84475091676235], [-72.25079796442253, 43.84483390477512], [-72.25081095053199, 43.84484354120822]]]}}, {"type": "Feature", "properties": {}, "geometry": {"type": "Polygon", "coordinates": [[[-72.25698475003922, 43.848229179086616], [-72.2570007501776, 43.84823604299844], [-72.25701574364074, 43.84824400883461], [-72.2570295860338, 43.84825299988021], [-72.25704214404708, 43.84826292954697], [-72.25705329673994, 43.84827370220722], [-72.2570629367055, 43.84828521411481], [-72.25707097110505, 43.84829735440411], [-72.25707732256217, 43.84831000615785], [-72.2570819299079, 43.84832304753303], [-72.2570847487699, 43.84833635293426], [-72.25708575199984, 43.8483497942234], [-72.25708492993483, 43.84836324195352], [-72.25708229049059, 43.84837656661559], [-72.25707785908523, 43.84838963988571], [-72.25707167839454, 43.848402335860925], [-72.25706380794097, 43.848414532271775], [-72.2570543235205, 43.848426111659826], [-72.25704331647275, 43.84843696250886], [-72.25703089280118, 43.84844698031885], [-72.25701717215246, 43.84845606861235], [-72.25700228666403, 43.8484641398637], [-72.25698637969161, 43.84847111634194], [-72.25696960442866, 43.848476930859356], [-72.25695212243086, 43.84848152741863], [-72.25693410206037, 43.848484861752105], [-72.25691571686427, 43.84848690174813], [-72.25689714390323, 43.848487627760285], [-72.25687856204624, 43.84848703279663], [-72.25686015024796, 43.84848512258705], [-72.25554102630248, 43.848300053797594], [-72.25486785437423, 43.848367469533386], [-72.25484932703196, 43.84836865813375], [-72.25483072792181, 43.84836852676416], [-72.25481223616467, 43.848367076689776], [-72.25479402984742, 43.8483643218757], [-72.25477628430797, 43.8483602888525], [-72.25475917044659, 43.84835501646062], [-72.25474285307995, 43.84834855547642], [-72.25472748935387, 43.84834096812307], [-72.25471322722989, 43.84833232747133], [-72.25470020406026, 43.84832271673583], [-72.2546885452652, 43.84831222847367], [-72.25467836312501, 43.84830096369296], [-72.25466975569876, 43.84828903088009], [-72.25466280587999, 43.84827654495495], [-72.25465758059835, 43.84826362616411], [-72.25465413017513, 43.84825039892283], [-72.25465248783864, 43.848236990616826], [-72.2546526694043, 43.8482235303755], [-72.25465467312225, 43.848210147828304], [-72.25465847969446, 43.84819697185642], [-72.25466405246038, 43.84818412935144], [-72.25467133775028, 43.84817174399347], [-72.25468026540194, 43.848159935059975], [-72.25469074943658, 43.84814881627706], [-72.25470268888672, 43.848138494724246], [-72.25471596876876, 43.84812906980332], [-72.25473046119018, 43.84812063228102], [-72.25474602658132, 43.84811326341481], [-72.25476251503945, 43.84810703417052], [-72.25477976777239, 43.84810200453881], [-72.2547976186278, 43.84809822295751], [-72.25481589569321, 43.84809572584505], [-72.25552023044418, 43.84802518916058], [-72.2555409347355, 43.84802394750836], [-72.25556170242419, 43.84802435326615], [-72.2555822839886, 43.84802640155881], [-72.25693228995816, 43.84821580315399], [-72.25695035430552, 43.84821901019873], [-72.25696789731515, 43.848223483202], [-72.25698475003922, 43.848229179086616]]]}}, {"type": "Feature", "properties": {}, "geometry": {"type": "Polygon", "coordinates": [[[-72.26053767584072, 43.85087975995863], [-72.260715623689, 43.850955379440755], [-72.26072580011265, 43.85096002439361], [-72.26090372142275, 43.85104706689495], [-72.26090540344595, 43.851047899338575], [-72.26121669914279, 43.85120374455328], [-72.26122143744881, 43.85120619543864], [-72.26174489134961, 43.851485840994656], [-72.2617455428965, 43.851486190629544], [-72.26192245780022, 43.85158155215222], [-72.26192731025834, 43.85158425704228], [-72.26210515506084, 43.85168674767359], [-72.26211447013495, 43.851692480772535], [-72.2622663297779, 43.851792229479884], [-72.26227569422642, 43.85179882040889], [-72.26242112837906, 43.85190848662447], [-72.26268667446716, 43.85210872381621], [-72.26269363795174, 43.85211427029853], [-72.26281207782986, 43.85221394881509], [-72.26282020921282, 43.85222128677627], [-72.26292417559335, 43.85232199806333], [-72.26292960032374, 43.85232753342125], [-72.26304405388238, 43.85245066636776], [-72.26316974895774, 43.852552735502464], [-72.26317053888417, 43.85255338102433], [-72.26336513184812, 43.85271341091889], [-72.26344969439175, 43.852782213071364], [-72.26346135967528, 43.85279269805942], [-72.26347154861676, 43.85280395997765], [-72.26348016309062, 43.85281589036799], [-72.26348712013406, 43.85282837433465], [-72.26349235274607, 43.852841291650485], [-72.26349581053269, 43.852854517914935], [-72.26349746019243, 43.852867925751994], [-72.26349728583693, 43.85288138603692], [-72.26349528914412, 43.85289476913983], [-72.26349148934202, 43.852907946174], [-72.26348592302368, 43.85292079023724], [-72.26347864379483, 43.85293317763394], [-72.26346972175753, 43.852944989066344], [-72.26345924283524, 43.852956110783595], [-72.26344730794524, 43.85296643567701], [-72.26343403202686, 43.85297586431181], [-72.26341954293449, 43.85298430588464], [-72.26340398020622, 43.85299167909813], [-72.26338749372017, 43.852997912943785], [-72.2633702422509, 43.8530029473859], [-72.26335239194039, 43.85300673393977], [-72.2633341146979, 43.85300923613854], [-72.26331558654442, 43.85301042988454], [-72.26329698591742, 43.853010303681266], [-72.26327849195232, 43.85300885874412], [-72.26326028275729, 43.85300610898874], [-72.26324253369799, 43.85300208089694], [-72.26322541570855, 43.852996813261726], [-72.26320909364541, 43.8529903568136], [-72.26319372469963, 43.85298277373208], [-72.263179456883, 43.85297413704676], [-72.26316642760261, 43.8529645299341], [-72.26308153062051, 43.85289545540876], [-72.26308086360605, 43.85289490979578], [-72.26288633187286, 43.85273492963494], [-72.26275245891611, 43.85262621931799], [-72.26273669152192, 43.852611518038515], [-72.26261766299537, 43.85248346249415], [-72.26252039558507, 43.85238923997864], [-72.26240957247377, 43.852295971324445], [-72.26214761339229, 43.85209843825315], [-72.26200670453072, 43.85199218402698], [-72.26186421373878, 43.85189858897007], [-72.26169355012377, 43.8518002365772], [-72.261519416624, 43.851706374106776], [-72.26099863128188, 43.851428153633336], [-72.26069056807715, 43.851273926434], [-72.26051847682156, 43.85118973596767], [-72.26034931479168, 43.85111784994691], [-72.26020500810466, 43.85106255313155], [-72.26006641963244, 43.851012512566655], [-72.26006168418235, 43.851010742108535], [-72.25986642527039, 43.850935204012025], [-72.25985720310916, 43.85093139214307], [-72.25969797989387, 43.85086122630098], [-72.2596919264061, 43.85085844371724], [-72.25955108368886, 43.850790963381876], [-72.2595395102688, 43.850784953780774], [-72.2594098294255, 43.85071212170737], [-72.25939571206807, 43.850703356954234], [-72.25938284982351, 43.85069363302412], [-72.25937136656218, 43.85068304356424], [-72.25936137287387, 43.850671690557284], [-72.25935296500276, 43.85065968333935], [-72.2593462239205, 43.85064713754685], [-72.25934121454651, 43.850634174002884], [-72.25933798512274, 43.85062091755375], [-72.25933656674916, 43.85060749586639], [-72.25933697308422, 43.8505940381991], [-72.25933920021355, 43.85058067415653], [-72.2593432266874, 43.8505675324416], [-72.2593490137276, 43.85055473961605], [-72.25935650560073, 43.85054241888148], [-72.25936563015519, 43.85053068889301], [-72.25937629951586, 43.85051966261643], [-72.25938841093055, 43.85050944624045], [-72.25940184775956, 43.850500138153876], [-72.25941648059893, 43.85049182799824], [-72.25943216852669, 43.85048459580446], [-72.25944876046006, 43.85047851122212], [-72.2594660966104, 43.85047363284875], [-72.25948401002196, 43.85047000766541], [-72.25950232817989, 43.85046767058439], [-72.25952087467147, 43.85046664411292], [-72.25953947088502, 43.85046693813641], [-72.2595579377301, 43.85046854982327], [-72.25957609736206, 43.8504714636522], [-72.25959377489484, 43.85047565156159], [-72.25961080008513, 43.85048107321988], [-72.25962700897186, 43.850487676413856], [-72.25964224545521, 43.85049539755149], [-72.25976629554468, 43.85056506710555], [-72.25989820477129, 43.85062826713312], [-72.26004982722912, 43.85069508340977], [-72.26023805018053, 43.850767899479884], [-72.26037630323484, 43.85081781887991], [-72.26038037776762, 43.85081933485968], [-72.2605303941749, 43.85087681951389], [-72.26053767584072, 43.85087975995863]]]}}, {"type": "Feature", "properties": {}, "geometry": {"type": "Polygon", "coordinates": [[[-72.24693189366761, 43.85278915258186], [-72.2468859950455, 43.85293859141148], [-72.24688331493192, 43.85294626494719], [-72.24682535799103, 43.853094109113584], [-72.2467786658954, 43.8532590353313], [-72.24677479737458, 43.853270266429526], [-72.24671503668557, 43.85341706584795], [-72.24666872670836, 43.85353235358983], [-72.24664653874092, 43.85363759972932], [-72.24664603710087, 43.85375600203684], [-72.24664394623775, 43.85377590287972], [-72.24662177231984, 43.85388301479456], [-72.24661795889682, 43.85389666424912], [-72.24661225262342, 43.85390996356465], [-72.24656566507615, 43.85400179590831], [-72.246526878766, 43.85408789933951], [-72.24652427579154, 43.854093293788424], [-72.24647755181937, 43.8541840085138], [-72.2464406568643, 43.854263290373055], [-72.24643206786442, 43.854278621119704], [-72.24637326720533, 43.85436772737741], [-72.24629668567941, 43.854509585051844], [-72.2462584135297, 43.85458048964224], [-72.2462297466326, 43.85465096539093], [-72.24620651478631, 43.854723681386254], [-72.24619269701151, 43.854804683229254], [-72.24618054220404, 43.85488426684996], [-72.24617190272738, 43.85498582654251], [-72.24616675378277, 43.85507341659614], [-72.24616980498232, 43.85516250295078], [-72.2461698509056, 43.85516434097839], [-72.24617160791963, 43.85527609254944], [-72.24617112188844, 43.85528759223287], [-72.24615493972361, 43.855448766955035], [-72.24615060399667, 43.855564239148535], [-72.24614957589255, 43.8555752561599], [-72.24613449657274, 43.8556761913713], [-72.24612546471992, 43.8557485444823], [-72.24612372120107, 43.85575846185698], [-72.24610359963873, 43.85584700398619], [-72.246101706535, 43.85585414620717], [-72.2460696648084, 43.85595980768506], [-72.24606624134353, 43.855969420895256], [-72.24602234610849, 43.85607648529106], [-72.24601544252567, 43.856090490142506], [-72.24596739590818, 43.85617344768834], [-72.2459378490064, 43.85624689219405], [-72.2459331957221, 43.85625698299788], [-72.24592747574467, 43.85626678251655], [-72.24587818794966, 43.856342849828806], [-72.24582759625675, 43.85642511350322], [-72.24582533392294, 43.85642865560754], [-72.24576511930579, 43.85651951611497], [-72.24575626228022, 43.85653135333216], [-72.24574584446701, 43.856542505359315], [-72.24573396619492, 43.85655286479594], [-72.245720741858, 43.85656233187454], [-72.24570629881386, 43.856570815421534], [-72.24569077615716, 43.8565782337353], [-72.24567432338004, 43.85658451537303], [-72.24565709893248, 43.85658959983874], [-72.24563926869617, 43.856593438165966], [-72.24562100438706, 43.85659599338925], [-72.24560248190157, 43.856597240900285], [-72.2455838796226, 43.85659716868471], [-72.24556537670145, 43.85659577743805], [-72.2455471513326, 43.85659308055887], [-72.24552937903741, 43.85658910401974], [-72.24551223097383, 43.85658388611718], [-72.24549587228792, 43.856577477102746], [-72.24548046052347, 43.85656993869912], [-72.24546614410461, 43.85656134350565], [-72.24545306090653, 43.8565517742992], [-72.24544133692756, 43.8565413232369], [-72.24543108507575, 43.85653009096859], [-72.24542240408157, 43.856518185667596], [-72.24541537754705, 43.85650572198882], [-72.24541007314065, 43.85649281996458], [-72.2454065419457, 43.85647960384871], [-72.24540481796839, 43.856466200919755], [-72.24540491781036, 43.85645274025534], [-72.24540684050885, 43.85643935148901], [-72.24541056754602, 43.8564261635618], [-72.24541606302733, 43.85641330348051], [-72.2454232740273, 43.85640089509448], [-72.24548232305048, 43.85631179417114], [-72.24553257903442, 43.85623007713162], [-72.24553413312522, 43.85622761580411], [-72.24557796010484, 43.856159976939885], [-72.24560640113467, 43.8560892823364], [-72.24561357857583, 43.856074603465444], [-72.2456618138209, 43.85599132109296], [-72.24570083080873, 43.85589615658051], [-72.24573032448056, 43.85579889960208], [-72.24574850919781, 43.85571888249075], [-72.24575706970754, 43.85565030871138], [-72.24575739913566, 43.85564790603369], [-72.24577183766667, 43.855551264101685], [-72.24577608350266, 43.85543820499854], [-72.24577651191578, 43.85543199120091], [-72.24579243011206, 43.85527345560987], [-72.24579077873261, 43.85516838038327], [-72.24578760151738, 43.85507559756211], [-72.24578771465092, 43.855066369596734], [-72.24579321173962, 43.85497286724351], [-72.24579339861405, 43.854970269100264], [-72.24580243223667, 43.85486408398891], [-72.24580322131773, 43.85485744382836], [-72.24581601537469, 43.854773678175874], [-72.24581629610383, 43.8547719416099], [-72.24583147550092, 43.85468296100337], [-72.24583491900123, 43.85466886881955], [-72.24586164294169, 43.85458522414005], [-72.245864485329, 43.854577389399104], [-72.24589703965226, 43.8544973578506], [-72.24590231671729, 43.85448618456472], [-72.24594356208834, 43.854409772500134], [-72.24602267102725, 43.85426323469392], [-72.24602817861415, 43.85425403891095], [-72.24608503127232, 43.85416788540771], [-72.24611923836012, 43.854094380314876], [-72.2461212621474, 43.854090250810394], [-72.2461676649014, 43.854000160773964], [-72.24620630669826, 43.853914379290714], [-72.24620858524533, 43.8539096195414], [-72.24624971526478, 43.853828545926284], [-72.24626697912554, 43.85374515473684], [-72.2462674823029, 43.85362656682588], [-72.24626804645328, 43.85361640478449], [-72.24626964955651, 43.85360630092449], [-72.24629584443228, 43.85348205215433], [-72.24630121034714, 43.85346445178869], [-72.24635109988634, 43.85334025469594], [-72.2463512915882, 43.853339780650295], [-72.24640888753045, 43.85319830095607], [-72.24645538882372, 43.85303405225794], [-72.24645872744573, 43.85302414753255], [-72.24651711592084, 43.852875204886], [-72.24656197758601, 43.85272914515392], [-72.24656228087888, 43.85272817433979], [-72.24663031995432, 43.85251400210638], [-72.2466306591004, 43.85251295341685], [-72.2467081988749, 43.852277360587756], [-72.24673896120862, 43.85217420419977], [-72.24681167439485, 43.85192136985021], [-72.24681498020519, 43.85191166306376], [-72.24692874261078, 43.851623293218864], [-72.24693139364071, 43.8516171269941], [-72.24708473732325, 43.851287975385944], [-72.24709153746588, 43.85127544628481], [-72.24710000186373, 43.851263459860895], [-72.24711004899932, 43.85125213154965], [-72.24712158211271, 43.85124157044851], [-72.24713449013346, 43.85123187826622], [-72.24714864875021, 43.85122314834336], [-72.24716392160796, 43.851215464753416], [-72.24718016162115, 43.851208901493166], [-72.24719721239023, 43.851203521769996], [-72.24721490970784, 43.851199377393286], [-72.24723308314007, 43.851196508275386], [-72.24725155766802, 43.851194942047286], [-72.24727015537303, 43.85119469379253], [-72.24728869715028, 43.85119576590192], [-72.24730700443352, 43.851198148050536], [-72.24732490091478, 43.85120181729714], [-72.24734221424215, 43.851206738305116], [-72.24735877767978, 43.85121286368277], [-72.24737443171337, 43.85122013443971], [-72.24738902558657, 43.851228480554994], [-72.24740241875267, 43.85123782165138], [-72.2474144822282, 43.85124806776947], [-72.24742509983508, 43.85125912023393], [-72.24743416931956, 43.85127087260393], [-72.24744160333684, 43.851283211698096], [-72.24744733029249, 43.85129601868451], [-72.24745129503177, 43.85130917022515], [-72.24745345937096, 43.851322539663684], [-72.2474538024651, 43.85133599824518], [-72.24745232100881, 43.85134941635619], [-72.24744902926805, 43.851362664772886], [-72.24744395894298, 43.85137561590561], [-72.24729204282336, 43.8517017074644], [-72.24718140465481, 43.85198216218903], [-72.2471099592977, 43.85223059343944], [-72.24710967033344, 43.852231580031024], [-72.24707833630049, 43.85233665569502], [-72.24707744383213, 43.85233950135364], [-72.24699961069021, 43.852575989964315], [-72.24693189366761, 43.85278915258186]]]}}, {"type": "Feature", "properties": {}, "geometry": {"type": "Polygon", "coordinates": [[[-72.26625829240984, 43.85452121701861], [-72.26662117005209, 43.85467756541727], [-72.26702726226266, 43.854833425860555], [-72.26743800858023, 43.85496860209993], [-72.26756768765827, 43.85500588862299], [-72.26771399066422, 43.85503990157141], [-72.26787475903193, 43.85506233226257], [-72.26788105714043, 43.855063291503555], [-72.26817920530152, 43.85511254010454], [-72.26829293409143, 43.855131326311195], [-72.2684773522888, 43.85516178785591], [-72.26849162892088, 43.855164574079154], [-72.26892577846924, 43.85526259618136], [-72.26893245042129, 43.85526420140219], [-72.26911546856574, 43.85531097906916], [-72.26931497058936, 43.855350985713685], [-72.26931624350942, 43.85535124443676], [-72.26951119747575, 43.855391400293186], [-72.26952886864298, 43.85539573090056], [-72.26969951681257, 43.85544444809515], [-72.26971773309066, 43.855450471576596], [-72.26988799659875, 43.85551484561252], [-72.26998394938755, 43.85554880063952], [-72.27000362214744, 43.85555684730393], [-72.27010742249162, 43.85560542921646], [-72.27012553969368, 43.85561505717977], [-72.2701419545171, 43.85562616931193], [-72.27021971808539, 43.85568544793145], [-72.27023487179927, 43.85569854421862], [-72.27030886866143, 43.85577125195586], [-72.27031482552916, 43.855777455845036], [-72.27044091563417, 43.85591681303585], [-72.27044253803524, 43.85591863746156], [-72.2705055720358, 43.85599076770062], [-72.27051401261427, 43.85600146053195], [-72.27052109389435, 43.85601265804297], [-72.27056028528575, 43.856082791407985], [-72.27061698496497, 43.856179622995], [-72.27068540996773, 43.85626576098249], [-72.27078153099163, 43.856373280052956], [-72.27078229551796, 43.85637414227833], [-72.27094119761688, 43.856554830887525], [-72.27094835537345, 43.85656368433019], [-72.27107349885279, 43.85673266995417], [-72.27118055490062, 43.85687012730624], [-72.27128763906175, 43.85699487285983], [-72.27140789540631, 43.85712485442739], [-72.27141747323184, 43.85713639407487], [-72.2714254417999, 43.857148557461066], [-72.27143172436807, 43.85716122744625], [-72.27143626043086, 43.85717428201178], [-72.2714390063024, 43.85718759543532], [-72.27143993553726, 43.85720103950138], [-72.27143903918518, 43.85721448473637], [-72.27143632587733, 43.85722780165522], [-72.27143182174314, 43.857240862008624], [-72.27142557015884, 43.85725354001802], [-72.27141763132961, 43.85726571358698], [-72.27140808170998, 43.85727726547703], [-72.2713970132674, 43.85728808443676], [-72.2713845325967, 43.85729806627325], [-72.27137075989343, 43.85730711485556], [-72.27135582779636, 43.8573151430404], [-72.27133988011009, 43.85732207351157], [-72.27132307042018, 43.85732783952445], [-72.2713055606139, 43.85733238554888], [-72.27128751932118, 43.85733566780384], [-72.27126912029064, 43.857337654679235], [-72.27125054071617, 43.85733832704023], [-72.27123195953044, 43.85733767841161], [-72.27121355568167, 43.85733571504003], [-72.27119550641012, 43.85733245583399], [-72.27117798554124, 43.85732793218162], [-72.27116116181155, 43.85732218764843], [-72.2711451972435, 43.85731527755778], [-72.27113024558521, 43.85730726845802], [-72.27111645082968, 43.857298237481544], [-72.27110394582805, 43.85728827160206], [-72.27109285101018, 43.857277466796845], [-72.27097079670678, 43.85714554111343], [-72.27096729266825, 43.85714161029712], [-72.27085637095196, 43.85701239345008], [-72.2708522546445, 43.8570073620162], [-72.27074222547967, 43.85686608625781], [-72.27074028384169, 43.85686353004747], [-72.27061753896751, 43.856697782113756], [-72.27046282524186, 43.856521855049536], [-72.27036438574991, 43.85641174192484], [-72.27035920218543, 43.8564055957013], [-72.27028257919193, 43.85630913685872], [-72.27027238477007, 43.856294293723565], [-72.27021059850362, 43.856188774235996], [-72.27020940105903, 43.85618668127405], [-72.27017602205848, 43.856126948623185], [-72.27012291246108, 43.85606617456328], [-72.27000050428349, 43.85593088592389], [-72.26993661642449, 43.85586811076856], [-72.26988255186814, 43.85582689760051], [-72.26980723014294, 43.855791644539195], [-72.26971917692376, 43.85576048491305], [-72.269714670179, 43.85575883590842], [-72.26955105595985, 43.85569697581174], [-72.2693984237102, 43.8556534018314], [-72.26921308785217, 43.855615227053676], [-72.2690079000382, 43.85557408020186], [-72.26899539216258, 43.855571231387366], [-72.26880950293052, 43.8555237198824], [-72.26838577143158, 43.85542804993037], [-72.26820856520926, 43.8553987796207], [-72.26809483529605, 43.85537999322381], [-72.26779982421886, 43.85533126280382], [-72.26763099835246, 43.855307707900025], [-72.26760890503252, 43.85530361433567], [-72.26744564517152, 43.8552656591953], [-72.26743363025369, 43.85526253923982], [-72.26729373329322, 43.85522231475161], [-72.26728525586462, 43.85521970286977], [-72.2668650639048, 43.8550814179574], [-72.26685471984963, 43.85507773502749], [-72.26643939730027, 43.8549183317521], [-72.26643124145106, 43.854915012279164], [-72.2660607735718, 43.854755393353756], [-72.26605373398183, 43.85475220711534], [-72.2658384488913, 43.8546499510152], [-72.26582914351043, 43.854645236509214], [-72.26561419912676, 43.854529238807764], [-72.265605758555, 43.85452440795902], [-72.26540778187909, 43.8544043329291], [-72.26520241709365, 43.8542868857624], [-72.26520009319218, 43.85428553511431], [-72.2650196305559, 43.854178950323075], [-72.26449427489788, 43.853876700508984], [-72.26449264399855, 43.85387575152455], [-72.26431850374516, 43.85377327228831], [-72.26430466519169, 43.8537642771223], [-72.26429211167948, 43.853754343715906], [-72.26428096410558, 43.85374356773369], [-72.26427132982691, 43.853732052954655], [-72.26426330162623, 43.85371991027283], [-72.26425695681874, 43.85370725662919], [-72.26425235650746, 43.85369421388557], [-72.26424954499484, 43.85368090765088], [-72.2642485493561, 43.853667466071585], [-72.26424937917855, 43.85365401859749], [-72.26425202646934, 43.853640694735056], [-72.26425646573246, 43.85362762280025], [-72.26426265421425, 43.853614928682745], [-72.26427053231532, 43.85360273463356], [-72.26428002416448, 43.8535911580877], [-72.26429103834941, 43.85358031053327], [-72.26430346879715, 43.8535702964377], [-72.26431719579558, 43.853561212241786], [-72.2643320871463, 43.85355314543086], [-72.26434799943779, 43.85354617369229], [-72.26436477942657, 43.85354036416734], [-72.26438226551298, 43.853535772804605], [-72.26440028929736, 43.8535324438211], [-72.26441867720187, 43.85353040927656], [-72.26443725214217, 43.85352968876464], [-72.2644558352326, 43.8535302892242], [-72.26447424750907, 43.853532204872565], [-72.2644923116525, 43.85353541726108], [-72.26450985369635, 43.85353989545292], [-72.26452670470215, 43.85354559632092], [-72.26454270238625, 43.85355246496293], [-72.26455769268281, 43.853560435230584], [-72.26473102090064, 43.85366243635767], [-72.26525650819858, 43.85396476121696], [-72.26525840120564, 43.85396586470644], [-72.26543865063405, 43.85407232332649], [-72.26564498534613, 43.854190324919685], [-72.26564921479503, 43.854192816061406], [-72.26584515573863, 43.8543116561186], [-72.26605122967472, 43.85442286653547], [-72.26625829240984, 43.85452121701861]]]}}, {"type": "Feature", "properties": {}, "geometry": {"type": "Polygon", "coordinates": [[[-72.24304227587186, 43.859140207688526], [-72.24294780172579, 43.8592515367804], [-72.2429430492543, 43.85925685751983], [-72.2428404276174, 43.85936612892294], [-72.24275896994638, 43.85947090550847], [-72.24275332732824, 43.85947769659909], [-72.24264729773465, 43.859597339181114], [-72.24264302622403, 43.85960195095908], [-72.24255569104325, 43.85969223707947], [-72.24245372612828, 43.85980216098286], [-72.24235926543756, 43.85990468561976], [-72.24221675266259, 43.860077203797594], [-72.24221048913273, 43.860084283964724], [-72.24207289628067, 43.86022979428454], [-72.24193375095567, 43.860384715157544], [-72.2417920401146, 43.86054594459369], [-72.24168891862355, 43.860666758528055], [-72.24160322340236, 43.86080253146326], [-72.24160035623761, 43.86080687108441], [-72.24148112499651, 43.86097948895144], [-72.24147733852668, 43.8609846891228], [-72.24135927033606, 43.86113874116904], [-72.24125864247412, 43.86127769423808], [-72.24117070900442, 43.86141093086724], [-72.24117005025703, 43.861411918819144], [-72.24108259917054, 43.86154174366664], [-72.24107926221649, 43.8615464636441], [-72.2409888292746, 43.86166850065896], [-72.24086447237009, 43.86184494623289], [-72.24073208248278, 43.86204918363504], [-72.2407309659269, 43.86205087594702], [-72.24065146154726, 43.86216928793105], [-72.24064981464005, 43.862171681165904], [-72.24057483566234, 43.86227802775578], [-72.24052352554597, 43.862389548384684], [-72.2405209502036, 43.862394788781046], [-72.24046894068297, 43.8624941876094], [-72.24042083812346, 43.86260297727071], [-72.24037836492845, 43.86270194236882], [-72.24033865169565, 43.86280312843864], [-72.24029715039211, 43.862910180606896], [-72.24028049550279, 43.86302571172548], [-72.24027900367753, 43.863033749243726], [-72.24025075582148, 43.86315797745371], [-72.24024418536148, 43.86328856063672], [-72.240243870067, 43.86329291868196], [-72.24022963610139, 43.86344367675678], [-72.24022774164422, 43.863570087804916], [-72.24022770534515, 43.86357166906042], [-72.24022311003948, 43.863720255671396], [-72.24022231843534, 43.86373007784148], [-72.24020137566716, 43.863890596919575], [-72.24019464574215, 43.86404647623545], [-72.24019428259393, 43.864051697081294], [-72.2401790446201, 43.864210439912874], [-72.2401682322364, 43.86437180125381], [-72.2401679226181, 43.86437542798712], [-72.24014750478958, 43.86457219746718], [-72.24013546912991, 43.864774498457024], [-72.24013487682134, 43.864780931153184], [-72.24011210065713, 43.86496348485203], [-72.2400961414698, 43.86514036622631], [-72.24009587917628, 43.86514290936839], [-72.24007946533617, 43.8652843254198], [-72.24007943881968, 43.86528455163109], [-72.24006303732632, 43.865423110069926], [-72.24006270581931, 43.86542563566012], [-72.240052972629, 43.86549314820888], [-72.24005013679933, 43.86550645176304], [-72.24004551229162, 43.86551949015438], [-72.24003914364135, 43.865532137815855], [-72.24003109218114, 43.86554427294328], [-72.24002143545022, 43.86555577866842], [-72.2400102664476, 43.86556654418445], [-72.23999769273654, 43.86557646581312], [-72.23998383540867, 43.86558544800333], [-72.23996882791775, 43.8655934042512], [-72.2399528147945, 43.86560025793332], [-72.23993595025468, 43.865605943044585], [-72.23991839671376, 43.865610404833944], [-72.23990032322294, 43.86561360033165], [-72.23988190384088, 43.86561549876313], [-72.2398633159575, 43.86561608184528], [-72.2398447385855, 43.86561534396271], [-72.23982635063633, 43.86561329222169], [-72.23980832919717, 43.86560994638171], [-72.23979084782539, 43.86560533866527], [-72.23977407487712, 43.86559951344748], [-72.23975817188578, 43.86559252682873], [-72.23974329200642, 43.86558444609433], [-72.23972957854076, 43.865575349066646], [-72.23971716355706, 43.86556532335544], [-72.23970616661826, 43.86555446551421], [-72.23969669363055, 43.86554288011033], [-72.23968883582336, 43.86553067871797], [-72.23968266887087, 43.86551797884354], [-72.23967825216326, 43.865504902794044], [-72.23967562823474, 43.86549157649917], [-72.23967482235399, 43.86547812829857], [-72.23967584228089, 43.865464687705774], [-72.23968539398871, 43.86539843687527], [-72.23970163334228, 43.86526125549339], [-72.23971788744564, 43.86512122329999], [-72.23973388631708, 43.864943914509965], [-72.23973425139525, 43.864940517943396], [-72.23975683971796, 43.86475947898871], [-72.23976881511616, 43.86455821230227], [-72.23976917178446, 43.86455384217381], [-72.2397896293624, 43.86435670164098], [-72.23980041707954, 43.864195723614905], [-72.23980065027328, 43.864192862231725], [-72.23981577615068, 43.86403529756068], [-72.23982258045184, 43.86387771863539], [-72.23982332713601, 43.863869110508574], [-72.23984419194194, 43.86370919674047], [-72.23984861150089, 43.8635663220605], [-72.23985055390084, 43.86343676671983], [-72.23985098360833, 43.86342890563119], [-72.23986538365679, 43.86327639872806], [-72.23987228266606, 43.86313930309261], [-72.23987467200843, 43.86312202610365], [-72.23990396228632, 43.86299321710623], [-72.23992170746122, 43.86287012827528], [-72.2399240497552, 43.862858628511574], [-72.23992772934893, 43.862847313527766], [-72.23997366434037, 43.86272882659359], [-72.23997383015661, 43.862728401511454], [-72.24001425905843, 43.86262539357], [-72.24001557657859, 43.86262218609048], [-72.24005897641854, 43.86252106327883], [-72.24005946363886, 43.86251994494081], [-72.24010932403834, 43.862407181245494], [-72.24011258934914, 43.86240041147581], [-72.24016499322539, 43.86230026011029], [-72.24021959988386, 43.86218157609087], [-72.24022460541585, 43.86217192351786], [-72.24023059882072, 43.86216257022882], [-72.24031122740301, 43.86204821144429], [-72.24038935867955, 43.861931845510966], [-72.24052252849864, 43.86172640671048], [-72.24052527997166, 43.86172233816565], [-72.24065194645425, 43.86154261704897], [-72.24065375542615, 43.86154011437834], [-72.24074337960971, 43.86141916967782], [-72.24082889371151, 43.86129222143046], [-72.24091801844389, 43.861157180960255], [-72.24092117003723, 43.86115262525295], [-72.24102447431649, 43.8610099775264], [-72.24102660424862, 43.861007119219686], [-72.24114379111963, 43.860854218205624], [-72.24125972067691, 43.86068638174389], [-72.24134895839212, 43.86054499744723], [-72.24136010827776, 43.86052990253217], [-72.24147011405, 43.86040102401326], [-72.24147144177307, 43.86039949120135], [-72.24161432491385, 43.86023692898078], [-72.24161533453415, 43.860235792698504], [-72.24175621566212, 43.86007894014487], [-72.24175871344536, 43.86007623016107], [-72.24189429605701, 43.859932846557186], [-72.24203622346145, 43.85976103809862], [-72.24204120952992, 43.85975532650832], [-72.24213842512702, 43.85964981238817], [-72.24213875460043, 43.85964945599762], [-72.2422419178641, 43.8595382408307], [-72.24224401358057, 43.85953602859002], [-72.2423302115359, 43.859446918600796], [-72.2424312133211, 43.859332950023564], [-72.2425139123621, 43.85922657743423], [-72.24252234052182, 43.85921673355149], [-72.24262700275645, 43.85910528995616], [-72.24272394817015, 43.85899104940567], [-72.24273419366449, 43.858980181709796], [-72.24282288069314, 43.85889517239553], [-72.24292149602907, 43.858798758467046], [-72.24292257209108, 43.85879771678761], [-72.24302275842187, 43.85870168417594], [-72.24312099587605, 43.858604228819345], [-72.24312440271494, 43.858600953063224], [-72.24354984273724, 43.85820435651378], [-72.24355739543795, 43.85819775261922], [-72.24363142433924, 43.85813699332543], [-72.24371090798657, 43.858071755890066], [-72.24372388009174, 43.85806210759063], [-72.24373809669137, 43.8580534257788], [-72.24375342087204, 43.858045794064765], [-72.24376970505396, 43.858039285945665], [-72.24378679241221, 43.858033964097885], [-72.24380451838704, 43.85802987977342], [-72.2438227122686, 43.85802707230629], [-72.24384119884101, 43.85802556873377], [-72.24385980006967, 43.85802538353596], [-72.2438783368158, 43.85802651849644], [-72.24389663056161, 43.858028962684976], [-72.24391450512947, 43.85803269256287], [-72.24393178837856, 43.85803767220959], [-72.24394831386263, 43.85804385366872], [-72.24396392243294, 43.8580511774098], [-72.24397846377092, 43.85805957290158], [-72.2439917978358, 43.85806895929132], [-72.2440037962133, 43.85807924618341], [-72.24401434335226, 43.85809033450987], [-72.2440233376775, 43.858102117484485], [-72.24403069256815, 43.85811448163111], [-72.24403633719167, 43.8581273078766], [-72.24404021718632, 43.858140472697436], [-72.24404229518447, 43.85815384930936], [-72.24404255117267, 43.858167308888405], [-72.24404098268441, 43.858180721811465], [-72.24403760482384, 43.858193958904685], [-72.2440324501205, 43.85820689268746], [-72.24402556821593, 43.858219398600156], [-72.24401702538577, 43.8582313562037], [-72.24400690390141, 43.858242650339456], [-72.24399530123782, 43.85825317223833], [-72.24391581720387, 43.858318410242106], [-72.24384570598998, 43.85837595431589], [-72.24342563768059, 43.8587675451302], [-72.24332815202233, 43.858864255157414], [-72.24332629542174, 43.85886606554475], [-72.24322571215866, 43.8589624790976], [-72.24312709701869, 43.85905889330784], [-72.24312602091103, 43.85905993503176], [-72.24304227587186, 43.859140207688526]]]}}, {"type": "Feature", "properties": {}, "geometry": {"type": "Polygon", "coordinates": [[[-72.23928086902842, 43.86704898509503], [-72.23927432693768, 43.86705499097314], [-72.23914943293637, 43.86716329609071], [-72.23914927360785, 43.86716343407237], [-72.23902239861599, 43.86727316379493], [-72.23901914442236, 43.86727590407426], [-72.23889229391888, 43.86737991843857], [-72.23888276511298, 43.8673871794795], [-72.23874805190057, 43.86748260191702], [-72.23873870881162, 43.867488791435456], [-72.23861167491762, 43.8675674670388], [-72.23849770408525, 43.86764146781645], [-72.23846856797176, 43.867663746100654], [-72.23845513258797, 43.86767305814716], [-72.23844050027665, 43.867681372618755], [-72.23842481195527, 43.867688609442084], [-72.23840821871146, 43.86769469892218], [-72.23839088034794, 43.867699582413685], [-72.23837296384356, 43.86770321288562], [-72.23835464174509, 43.867705555374314], [-72.2383360905055, 43.86770658732017], [-72.2383174887846, 43.867706298784924], [-72.23829901572834, 43.867704692547385], [-72.23828084924357, 43.867701784076544], [-72.23826316428455, 43.86769760138279], [-72.23824613116808, 43.867692184748], [-72.23822991393324, 43.86768558633766], [-72.2382146687615, 43.86767786969846], [-72.2382005424726, 43.86766910914624], [-72.23818767111062, 43.86765938905036], [-72.23817617863374, 43.86764880302109], [-72.23816617572052, 43.8676374530081], [-72.23815775870393, 43.86762544831863], [-72.23815100864374, 43.86761290456473], [-72.2381459905458, 43.86759994254992], [-72.23814275273611, 43.86758668710572], [-72.23814132639535, 43.86757326588945], [-72.23814172525879, 43.867559808154795], [-72.23814394548388, 43.867546443507116], [-72.23814796568749, 43.867533300655154], [-72.23815374715176, 43.867520506171545], [-72.238161234197, 43.867508183273934], [-72.23817035471806, 43.86749645063821], [-72.23818102087871, 43.867485421255715], [-72.2381931299576, 43.867475201344995], [-72.23822758763639, 43.86744885413239], [-72.23823867163745, 43.86744104362089], [-72.23836005743698, 43.86736222855429], [-72.23836339691954, 43.867360110800774], [-72.23848730304286, 43.867283372512276], [-72.23861254000778, 43.867194662731755], [-72.23873315744348, 43.867095759707965], [-72.2388583507095, 43.86698748489749], [-72.23897977847426, 43.86688218606401], [-72.23910382635175, 43.86676153417246], [-72.23917951517583, 43.86667898558927], [-72.23926432828671, 43.86656142684976], [-72.2392703666034, 43.86655368026308], [-72.2393421948113, 43.866468137039135], [-72.23940858121591, 43.866374186340636], [-72.23941785290742, 43.86636251595741], [-72.23942866104618, 43.86635155926007], [-72.2394409015435, 43.86634142176718], [-72.23945445651655, 43.86633220110791], [-72.23946919542362, 43.86632398608181], [-72.23948497632128, 43.86631685580364], [-72.23950164723139, 43.8663108789415], [-72.23951904760474, 43.86630611305547], [-72.23953700986713, 43.86630260404336], [-72.23955536103323, 43.86630038569866], [-72.23957392437244, 43.8662994793851], [-72.23959252111085, 43.86629989383093], [-72.23961097215297, 43.86630162504482], [-72.23962909980632, 43.86630465635436], [-72.2396467294928, 43.86630895856656], [-72.2396636914299, 43.86631449024905], [-72.23967982226566, 43.86632119812904], [-72.23969496665194, 43.866329017606375], [-72.23970897874042, 43.86633787337558], [-72.2397217235872, 43.86634768015123], [-72.23973307845233, 43.86635834348914], [-72.23974293398197, 43.86636976069595], [-72.23975119526142, 43.86638182181813], [-72.2397577827293, 43.86639441070084], [-72.23976263294375, 43.86640740610652], [-72.23976569919353, 43.86642068288253], [-72.23976695194779, 43.8664341131664], [-72.23976637914062, 43.86644756761723], [-72.23976398628722, 43.866460916661254], [-72.2397597964309, 43.86647403173977], [-72.23975384992119, 43.86648678654719], [-72.23974620402521, 43.86649905824752], [-72.23967665274301, 43.86659748868615], [-72.23966987712846, 43.866606267980316], [-72.23959763165989, 43.86669230870279], [-72.23951107003764, 43.866812291945315], [-72.23950098671516, 43.86682464669751], [-72.2394169873688, 43.86691625952359], [-72.23941111869179, 43.86692230057993], [-72.23928086902842, 43.86704898509503]]]}}, {"type": "Feature", "properties": {}, "geometry": {"type": "Polygon", "coordinates": [[[-72.23700006720767, 43.86888711826542], [-72.23694009899273, 43.868927708260244], [-72.23687272291096, 43.86897986765745], [-72.2368199950417, 43.86902845286102], [-72.23681666340262, 43.8690312305292], [-72.23677480794926, 43.86910366697615], [-72.2367574679075, 43.86915872762796], [-72.23672651935296, 43.869286431911526], [-72.23670265498511, 43.86940183890926], [-72.23669987252761, 43.86941243079805], [-72.23669594875572, 43.869422831867425], [-72.2366518881145, 43.86952381945288], [-72.23664720239702, 43.86953332561757], [-72.23656922408826, 43.86967483769823], [-72.23656081372343, 43.86968802432903], [-72.23655052332452, 43.869700493754785], [-72.23649595171709, 43.86975930585518], [-72.23644137993702, 43.8698181188948], [-72.23643572022065, 43.86982389092323], [-72.23634082598987, 43.86991556174255], [-72.23627003875886, 43.87000129285989], [-72.2361896407811, 43.870154167587735], [-72.23618861559669, 43.8701560740476], [-72.23610233728485, 43.870313044653535], [-72.23610033398117, 43.87031654758262], [-72.23601494681067, 43.870460200940286], [-72.23595601777744, 43.87056579895262], [-72.23595281946459, 43.870571194558515], [-72.23588576503684, 43.870677949113244], [-72.2358136591018, 43.87080015625041], [-72.23580895810949, 43.870807513592645], [-72.2357327590034, 43.870918070453335], [-72.23573196996033, 43.87091920214492], [-72.23566406238184, 43.87101548996857], [-72.23566270889069, 43.87101737298363], [-72.23557825829133, 43.87113267457334], [-72.2355702589529, 43.87114257265186], [-72.23549747739854, 43.87122456093685], [-72.23548828432311, 43.87123401552277], [-72.23547802348887, 43.871242876577845], [-72.23538222430436, 43.87131885863955], [-72.23537344065122, 43.87132537703904], [-72.23527603338096, 43.87139302000289], [-72.23526524800161, 43.87139995883792], [-72.23525376424975, 43.87140628405663], [-72.23514653883579, 43.87146080766257], [-72.23513216587511, 43.871467438607844], [-72.23511702774063, 43.871473108871974], [-72.23497197328055, 43.871521589962505], [-72.23494691290385, 43.87152845669764], [-72.23483985072755, 43.87155168235024], [-72.2348217868751, 43.87155491149149], [-72.23480337248314, 43.87155684421656], [-72.23478478489349, 43.87155746191216], [-72.23476620311604, 43.871556758629474], [-72.23474780610465, 43.87155474114155], [-72.23472977103381, 43.871551428878064], [-72.23471227159216, 43.87154685373811], [-72.23469547630984, 43.87154105978307], [-72.23467954693538, 43.87153410281225], [-72.23466463687791, 43.87152604982546], [-72.2346508897298, 43.8715169783778], [-72.2346384378837, 43.871506975832716], [-72.23462740125754, 43.8714961385206], [-72.23461788613974, 43.87148457081113], [-72.23460998416546, 43.871472384108046], [-72.23460377143427, 43.87145969577629], [-72.23459930777719, 43.87144662801173], [-72.23459663618061, 43.871433306664244], [-72.23459578237225, 43.87141986002586], [-72.23459675457357, 43.871406417595054], [-72.2345995434205, 43.87139310882976], [-72.23460412205375, 43.87138006190052], [-72.23461044637753, 43.87136740245619], [-72.23461845548415, 43.871355252413835], [-72.2346280722408, 43.87134372878469], [-72.23463920403228, 43.871332942547184], [-72.234651743653, 43.871322997578275], [-72.23466557033947, 43.87131398965302], [-72.23468055093326, 43.871306005522214], [-72.23469654116344, 43.87129912207699], [-72.23471338703592, 43.871293405608284], [-72.23473092631656, 43.871288911168506], [-72.23482512169981, 43.871268476800275], [-72.23494245953822, 43.87122925938211], [-72.23502386202279, 43.87118786668368], [-72.23510629268598, 43.87113062415682], [-72.23518705305479, 43.871066570207645], [-72.2352468916836, 43.87099916249942], [-72.23532694241105, 43.87088986893955], [-72.2353937855716, 43.87079509113479], [-72.23546709341814, 43.87068873006418], [-72.2355378585566, 43.870568796515734], [-72.23553962240966, 43.8705659001246], [-72.23560590335553, 43.87046037797193], [-72.2356641086706, 43.87035607791523], [-72.23566574280882, 43.8703532415846], [-72.23575093456836, 43.87020991838928], [-72.23583572303181, 43.87005565998759], [-72.23592153046557, 43.86989250111239], [-72.23592809656976, 43.86988149008735], [-72.23593596697054, 43.869870936038595], [-72.23602035600055, 43.86976873232541], [-72.23603136629687, 43.86975685197254], [-72.23612926176564, 43.86966228233918], [-72.23618110713375, 43.8696064079163], [-72.2362244443063, 43.869559703498304], [-72.2362923734441, 43.86943642956574], [-72.23632983736736, 43.86935056294266], [-72.23635184392225, 43.86924414344564], [-72.2363526058645, 43.86924075002342], [-72.23638479165896, 43.869107943881225], [-72.2363866804173, 43.86910116094855], [-72.23640871331689, 43.869031200205534], [-72.23641301251261, 43.86901982938642], [-72.23641864539564, 43.86900876762072], [-72.23647636129597, 43.86890888355122], [-72.23648437123144, 43.86889673390201], [-72.23649398869128, 43.86888521074648], [-72.23650512105357, 43.8688744250585], [-72.23651206884867, 43.86886891540978], [-72.23652174134396, 43.86885904130667], [-72.23657950384448, 43.86880581726368], [-72.23659010476135, 43.86879686908134], [-72.23666739234169, 43.86873703688024], [-72.2366763845187, 43.868730527715286], [-72.23675263547483, 43.868678916750866], [-72.23676468532005, 43.86867142058356], [-72.23677756058335, 43.86866468081226], [-72.23693103076141, 43.86859123071251], [-72.23694475230467, 43.86858525063355], [-72.23705889269726, 43.86854014657052], [-72.23715981411908, 43.86849004358245], [-72.23716078369412, 43.868489565416866], [-72.23724060291731, 43.868450462078314], [-72.23733678798497, 43.86839329078323], [-72.23733755392877, 43.86839283793043], [-72.23742467797832, 43.86834160071807], [-72.2374396742034, 43.86833363268636], [-72.23745567775408, 43.868326766424495], [-72.23747253450807, 43.86832106805793], [-72.23749008212636, 43.86831659246473], [-72.23750815161677, 43.86831338274702], [-72.2375265689613, 43.868311469815914], [-72.23754515679205, 43.86831087209391], [-72.23756373609928, 43.868311595337325], [-72.23758212795529, 43.86831363258102], [-72.23760015523766, 43.86831696420531], [-72.23761764433486, 43.86832155812508], [-72.23763442681827, 43.86832737009863], [-72.23765034106417, 43.86833434415384], [-72.23766523381023, 43.86834241312713], [-72.2376789616315, 43.868351499310315], [-72.23769139232168, 43.86836151519889], [-72.23770240616628, 43.86837236433483], [-72.23771189709558, 43.86838394223545], [-72.23771977370616, 43.86839613739959], [-72.23772596014115, 43.86840883238153], [-72.23773039682085, 43.8684219049219], [-72.23773304101654, 43.868435229125204], [-72.23773386726195, 43.86844867667219], [-72.2377328675987, 43.86846211805567], [-72.23773005165285, 43.868475423827725], [-72.23772544654233, 43.86848846584634], [-72.23771909661579, 43.86850111850958], [-72.23771106302559, 43.868513259965056], [-72.2377014231388, 43.868524773283575], [-72.23769026979222, 43.86853554758523], [-72.23767771039839, 43.86854547910714], [-72.23766386591096, 43.86855447220291], [-72.23757712554331, 43.86860548389101], [-72.23747453974215, 43.86866645984274], [-72.23746048827286, 43.86867405238399], [-72.23737388600274, 43.8687164788055], [-72.23726550853146, 43.86877028347419], [-72.23724911816129, 43.86877756457526], [-72.23713356222902, 43.868823228071186], [-72.23700006720767, 43.86888711826542]]]}}, {"type": "Feature", "properties": {}, "geometry": {"type": "Polygon", "coordinates": [[[-72.32020807907548, 43.83308365555628], [-72.32022482659345, 43.83308950544256], [-72.32024070137709, 43.833096515455246], [-72.32025555054413, 43.833104618084505], [-72.32026923108933, 43.833113735297985], [-72.32028161126163, 43.8331237792924], [-72.3202925718331, 43.833134653339], [-72.32030200724704, 43.833146252715224], [-72.32030982663466, 43.83315846571307], [-72.32031595469017, 43.833171174715076], [-72.32032033239614, 43.83318425732685], [-72.32032291759171, 43.833197587555894], [-72.32032368537891, 43.83321103702494], [-72.32032262836229, 43.83322447620827], [-72.32031975672028, 43.833237775679166], [-72.32031509810719, 43.83325080735631], [-72.32030869738695, 43.8332634457373], [-72.32030061620104, 43.83327556910734], [-72.32029093237499, 43.83328706071142], [-72.32027973916871, 43.833297809878715], [-72.32026714437862, 43.833307713088416], [-72.32025326929931, 43.83331667496679], [-72.32023824755551, 43.83332460920561], [-72.32022222381524, 43.83333143939341], [-72.32020535239643, 43.83333709975137], [-72.32018779578088, 43.83334153576676], [-72.32016972304936, 43.83334470471813], [-72.32015130825323, 43.8333465760865], [-72.32013272873824, 43.83334713184946], [-72.3201141634365, 43.83334636665467], [-72.32005648617704, 43.83334192582938], [-72.32003278826399, 43.83333899087866], [-72.31986904546596, 43.83331087075708], [-72.31985183614006, 43.83330728576933], [-72.31974378520593, 43.83328071504879], [-72.31968516960131, 43.83326630094293], [-72.31967331101859, 43.833263060696694], [-72.31944097711578, 43.83319306486953], [-72.31942418055861, 43.833187289085885], [-72.31940824694675, 43.83318034933702], [-72.3193933297301, 43.83317231245689], [-72.31937957257001, 43.83316325584547], [-72.31936710795554, 43.83315326672332], [-72.31935605592764, 43.83314244129158], [-72.31934652292298, 43.833130883805474], [-72.31933860074905, 43.833118705570335], [-72.31933236569994, 43.83310602386953], [-72.31932787782159, 43.83309296083506], [-72.31932518033369, 43.83307964227129], [-72.3193242992133, 43.83306619644338], [-72.31932524294493, 43.83305275284207], [-72.31932800243864, 43.833039440936524], [-72.31933255111787, 43.83302638892754], [-72.31933884517527, 43.83301372251288], [-72.31934682399468, 43.833001563676795], [-72.31935641073493, 43.83299002951514], [-72.3193675130699, 43.832979231107856], [-72.3193800240777, 43.83296927244902], [-72.31939382327037, 43.83296024944559], [-72.31940877775425, 43.83295224899355], [-72.31942474350987, 43.83294534814121], [-72.31944156677885, 43.832939613347165], [-72.31945908554468, 43.8329350998403], [-72.31947713109305, 43.83293185108785], [-72.31949552963653, 43.832929898376904], [-72.31951410398827, 43.83292926051297], [-72.31953267526832, 43.83292994363903], [-72.31955106462632, 43.83293194117622], [-72.31956909496388, 43.832935233887326], [-72.31958659264006, 43.83293979006192], [-72.31981307135953, 43.83300802184202], [-72.31986568266028, 43.83302095942738], [-72.31996524608995, 43.83304544298494], [-72.32010854639411, 43.8330700524417], [-72.32015424562377, 43.83307357102309], [-72.32017261783609, 43.833075649796875], [-72.32019062011022, 43.83307902213368], [-72.32020807907548, 43.83308365555628]]]}}, {"type": "Feature", "properties": {}, "geometry": {"type": "Polygon", "coordinates": [[[-72.31252722865737, 43.839788951807876], [-72.31258192747146, 43.84002173384505], [-72.31258210204092, 43.840022489519946], [-72.31260244884227, 43.840112104408554], [-72.31263630287411, 43.84020109635511], [-72.31273439817076, 43.84044712864815], [-72.31277965455688, 43.84056063161871], [-72.31278266531935, 43.84056921314298], [-72.31281941544721, 43.84069020550073], [-72.31282236383558, 43.840702596155836], [-72.31284424609339, 43.84082893920571], [-72.31284497796672, 43.84083389193512], [-72.31285927113798, 43.84095062356746], [-72.31287692833212, 43.841065405077096], [-72.31297155646439, 43.841552711601075], [-72.31297323817574, 43.841566117381056], [-72.31297309634259, 43.84157957791501], [-72.31297113232962, 43.841592963570626], [-72.31296736505017, 43.841606145436614], [-72.31296183078406, 43.84161899656424], [-72.31295458282831, 43.84163139318988], [-72.31294569098384, 43.841643215926894], [-72.31293524088329, 43.84165435091553], [-72.31292333316642, 43.84166469091934], [-72.31291008251083, 43.84167413635801], [-72.31289561652758, 43.84168259626634], [-72.31288007453226, 43.84168998917039], [-72.3128636062033, 43.84169624387202], [-72.31284637014038, 43.8417013001347], [-72.3128285323371, 43.84170510926355], [-72.31281026458228, 43.84170763457431], [-72.31279174280553, 43.841708851746745], [-72.31277314538289, 43.8417087490587], [-72.31275465141894, 43.84170732749915], [-72.31273643902186, 43.841704600758575], [-72.31271868358812, 43.841700595097144], [-72.31270155611321, 43.841695349091864], [-72.312685221545, 43.841688913264896], [-72.31266983719492, 43.84168134959716], [-72.31265555122314, 43.841672730931315], [-72.31264250121161, 43.84166314027027], [-72.31263081283903, 43.841652669977755], [-72.31262059867058, 43.84164142088887], [-72.31261195707376, 43.84162950133887], [-72.31260497127121, 43.84161702611989], [-72.31259970853911, 43.841604115375425], [-72.31259621955945, 43.841590893443225], [-72.31250121527628, 43.8411016340411], [-72.31250053468025, 43.84109772180793], [-72.31248234090323, 43.84097944737603], [-72.31248191690851, 43.84097637750706], [-72.31246774011188, 43.8408605903446], [-72.31244736813868, 43.84074296306638], [-72.31241379951736, 43.840632442921674], [-72.31237024032174, 43.840523194828776], [-72.31227182354525, 43.84027635246519], [-72.3122711928891, 43.84027473349047], [-72.31223436696686, 43.84017792778512], [-72.3122300757865, 43.840163757783706], [-72.31220818809679, 43.840067353608724], [-72.31215331866227, 43.83983383925275], [-72.31215282231798, 43.839831616692884], [-72.31212783020739, 43.83971356285385], [-72.31209646086722, 43.8395986769867], [-72.31205707518167, 43.839483533341706], [-72.31205685840497, 43.83948289300341], [-72.31198253172656, 43.839261032817845], [-72.31191860510879, 43.839094754346036], [-72.31191450455908, 43.83908162470949], [-72.31191220173238, 43.83906826737616], [-72.31191171880495, 43.839054810984564], [-72.3119130604264, 43.83904138512712], [-72.311916213675, 43.8390281191021], [-72.3119211481821, 43.839015140668465], [-72.31192781642459, 43.83900257481536], [-72.3119361541828, 43.83899054255856], [-72.31194608115881, 43.838979159774894], [-72.31195750174989, 43.8389685360864], [-72.3119703059692, 43.838958773804585], [-72.31198437050504, 43.838949966945115], [-72.31199955990846, 43.838942200322435], [-72.31201572789757, 43.83893554873296], [-72.31203271876646, 43.83893007623474], [-72.31205036888457, 43.838925835530596], [-72.31206850827262, 43.83892286746059], [-72.31208696223946, 43.83892120060866], [-72.31210555306454, 43.83892085102739], [-72.31212410170923, 43.83892182208343], [-72.31214242954118, 43.83892410442504], [-72.3121603600545, 43.83892767607217], [-72.3121777205696, 43.83893250262812], [-72.31219434389612, 43.83893853761083], [-72.31221006994309, 43.83894572290046], [-72.31222474726059, 43.83895398929916], [-72.31223823449834, 43.83896325719739], [-72.31225040176692, 43.838973437340684], [-72.3122611318887, 43.83898443168911], [-72.31227032152633, 43.83899613436153], [-72.31227788217795, 43.83900843265514], [-72.31228374102953, 43.839021208131015], [-72.31234851995114, 43.83918970083731], [-72.31235011970035, 43.839194149111016], [-72.31242508872009, 43.83941792254332], [-72.31246544942809, 43.839535914529655], [-72.31246740760368, 43.839542285149676], [-72.31250044342713, 43.83966327152991], [-72.31250185313125, 43.839669090385335], [-72.31252722865737, 43.839788951807876]]]}}, {"type": "Feature", "properties": {}, "geometry": {"type": "Polygon", "coordinates": [[[-72.27722828202255, 43.86061334344037], [-72.27723768577229, 43.86062495803647], [-72.27724547085766, 43.860637183624796], [-72.27725156230323, 43.86064990246659], [-72.27725590144406, 43.86066299207273], [-72.27725844649078, 43.86067632638335], [-72.27725917293199, 43.86068977698186], [-72.27725807377048, 43.86070321433168], [-72.27725515959054, 43.86071650902371], [-72.27725045845612, 43.860729533022685], [-72.27724401564069, 43.860742160900145], [-72.27723589319116, 43.86075427104245], [-72.27722616933035, 43.860765746821954], [-72.27721493770383, 43.86077647772024], [-72.277202306478, 43.86078636039246], [-72.27718839729835, 43.860795299662655], [-72.27717334411803, 43.860803209440306], [-72.27715729190778, 43.86081001354953], [-72.27714039525978, 43.860815646462676], [-72.27712281689877, 43.86082005393133], [-72.27710472611494, 43.86082319350892], [-72.27708629713354, 43.8608250349594], [-72.2770677074369, 43.86082556054848], [-72.2770491360552, 43.86082476521439], [-72.27703076184218, 43.86082265661673], [-72.27701276175277, 43.860819255062566], [-72.27674042435561, 43.86075731469471], [-72.27672297178097, 43.860752652901525], [-72.27670623476563, 43.86074677580808], [-72.27669037449694, 43.86073974001436], [-72.2766755437185, 43.86073161327927], [-72.27666188525914, 43.86072247386815], [-72.27664953065738, 43.86071240979897], [-72.27663859889466, 43.86070151799465], [-72.27662919524944, 43.86068990334964], [-72.27662141028337, 43.860677677719686], [-72.27661531896909, 43.860664958844644], [-72.27661097996837, 43.860651869214465], [-72.27660843506703, 43.86063853488969], [-72.27660770877269, 43.86062508428724], [-72.27660880807875, 43.860611646943816], [-72.27661172239706, 43.86059835226829], [-72.27661642365997, 43.86058532829558], [-72.2766228665907, 43.8605727004534], [-72.27663098913935, 43.86056059035449], [-72.27664071308061, 43.86054911462539], [-72.27665194476702, 43.860538383783236], [-72.27666457603101, 43.86052850117149], [-72.27667848522648, 43.860519561964686], [-72.27669353840044, 43.860511652251795], [-72.27670959058297, 43.8605048482073], [-72.27672648718338, 43.86049921535744], [-72.276744065479, 43.86049480794936], [-72.27676215618214, 43.86049166842851], [-72.27678058507058, 43.86048982703], [-72.27679917466523, 43.860489301487384], [-72.27681774593935, 43.86049009686189], [-72.27683612004262, 43.860492205493706], [-72.27685412002356, 43.860495607075656], [-72.27712645634936, 43.86055754717314], [-72.27714390889882, 43.86056220890482], [-72.27716064590587, 43.86056808593432], [-72.2771765061847, 43.860575121663025], [-72.27719133699276, 43.860583248333384], [-72.27720499550155, 43.86059238768155], [-72.27721735017228, 43.86060245169103], [-72.27722828202255, 43.86061334344037]]]}}, {"type": "Feature", "properties": {}, "geometry": {"type": "Polygon", "coordinates": [[[-72.27464214975761, 43.86207965974623], [-72.27464047710389, 43.86209306609202], [-72.27463699635038, 43.862106289259685], [-72.27463174101749, 43.862119201902736], [-72.27462476171594, 43.862131679665104], [-72.27461612565932, 43.862143602378836], [-72.2746059160169, 43.86215485522129], [-72.27459423111262, 43.862165329821025], [-72.27458118347825, 43.862174925301545], [-72.27456689876962, 43.86218354925264], [-72.2745515145565, 43.86219111862053], [-72.27453517899775, 43.862197560507646], [-72.27451804941437, 43.862202812874756], [-72.27450029077448, 43.86220682513835], [-72.2744820741045, 43.8622095586579], [-72.27446357484204, 43.86221098710796], [-72.27444497114634, 43.862211096731656], [-72.27442644218236, 43.86220988647325], [-72.27440816639536, 43.862207367988304], [-72.2743903197923, 43.862203565531345], [-72.27437307424675, 43.86219851572237], [-72.27435659584363, 43.86219226719407], [-72.27434104327966, 43.86218488012359], [-72.27432656633502, 43.862176425652834], [-72.27431330443086, 43.86216698520343], [-72.27430138528658, 43.8621566496925], [-72.2742909236898, 43.86214551865708], [-72.27428202039103, 43.86213369929554], [-72.27418523342165, 43.86198870176718], [-72.27418495413596, 43.861988281542985], [-72.27408523973932, 43.86183759166368], [-72.27407888807218, 43.86182683857236], [-72.27401570246421, 43.86170583772491], [-72.27401007499937, 43.86169321652221], [-72.27400756547283, 43.86168928006057], [-72.27400236996696, 43.86168030658488], [-72.27399200981033, 43.86166046622269], [-72.27378714672527, 43.861319121713514], [-72.2737821296256, 43.861309855792506], [-72.27376012334328, 43.861264425706295], [-72.27375483880947, 43.86125151931832], [-72.27375132812304, 43.8612383002993], [-72.27374962509263, 43.86122489595578], [-72.27374974611818, 43.861211435378976], [-72.27375169003291, 43.861198048201615], [-72.27375543811465, 43.86118486334942], [-72.27376095426621, 43.86117200779957], [-72.27376818536302, 43.86115960535776], [-72.27377706176483, 43.861147775465994], [-72.27378749798635, 43.8611366320522], [-72.27379939352062, 43.861126282433176], [-72.27381263380693, 43.86111682628095], [-72.27382709133408, 43.86110835466299], [-72.27384262686846, 43.861100949165206], [-72.27385909079484, 43.86109468110615], [-72.27387632455736, 43.861089610850335], [-72.27389416218631, 43.86108578722678], [-72.2739124318966, 43.861083247058815], [-72.2739309577421, 43.861082014809504], [-72.27394956130996, 43.861082102346], [-72.27396806343891, 43.861083508825295], [-72.27398628594453, 43.86108622070232], [-72.27400405333523, 43.86109021186036], [-72.27402119450237, 43.86109544386267], [-72.27403754436796, 43.86110186632249], [-72.27405294547455, 43.86110941738843], [-72.2740672495015, 43.86111802433998], [-72.27408031869342, 43.86112760428792], [-72.27409202718685, 43.86113806497257], [-72.27410226222234, 43.86114930565225], [-72.27411092523039, 43.86116121807345], [-72.27411793278084, 43.861173687513414], [-72.27413766315989, 43.8612144186927], [-72.2743416160944, 43.86155424336447], [-72.27434506845759, 43.861560399561085], [-72.27435467412128, 43.861578794814804], [-72.27436747733108, 43.86159887783263], [-72.27437432899426, 43.86161114983199], [-72.27437951406056, 43.86162384250053], [-72.27438089120322, 43.86162899961963], [-72.27443071069987, 43.861724403169625], [-72.27452679370953, 43.861869603975705], [-72.27462344117833, 43.86201439127932], [-72.27463070049563, 43.8620267851179], [-72.27463624587298, 43.862039634099936], [-72.2746400239044, 43.86205281448295], [-72.2746419982042, 43.86206619933282], [-72.27464214975761, 43.86207965974623]]]}}, {"type": "Feature", "properties": {}, "geometry": {"type": "Polygon", "coordinates": [[[-72.26982411787392, 43.862041647919426], [-72.2697874782409, 43.8621181666234], [-72.26975003149734, 43.86221779400553], [-72.26971614222401, 43.86232209616183], [-72.26971427416886, 43.862327372913], [-72.26965263339372, 43.86248814027271], [-72.26965180071454, 43.86249024655907], [-72.2695820231909, 43.86266156396531], [-72.26958042330297, 43.86266529518076], [-72.26941708983028, 43.86302788618393], [-72.26941316412163, 43.863035774158234], [-72.26931423425296, 43.86321697978014], [-72.26931130289175, 43.86322204937652], [-72.26926510821532, 43.86329764964453], [-72.26925656063774, 43.863309933194046], [-72.26924635596914, 43.86332153572893], [-72.26916367863413, 43.863405882637394], [-72.26915412158922, 43.8634148272334], [-72.26909730139184, 43.86346370269242], [-72.26905070575714, 43.86350458427967], [-72.26904803750024, 43.86350687393409], [-72.26898577105783, 43.86355913665635], [-72.26891745709855, 43.863622183587346], [-72.26890622412478, 43.863631632701185], [-72.26881501776055, 43.86370165140782], [-72.26881201517837, 43.86370390441138], [-72.26873497470689, 43.863760407515485], [-72.26864908396075, 43.863823746144924], [-72.26850916962476, 43.86393974963224], [-72.26839502745302, 43.864049800252914], [-72.26826418280007, 43.86420756337216], [-72.2682547480923, 43.864217858100076], [-72.26824407158543, 43.86422749699738], [-72.26816402693389, 43.86429344307009], [-72.2680984340503, 43.864350807022056], [-72.26809216529173, 43.86435601649904], [-72.26802481247003, 43.864409221611076], [-72.2680175890601, 43.86441462285191], [-72.26793573749549, 43.86447256237796], [-72.26792361352057, 43.86448043592011], [-72.26791060000423, 43.86448752729795], [-72.2678139479241, 43.86453562978431], [-72.26779078384519, 43.86454548574313], [-72.26766045885101, 43.86459228205281], [-72.26764796975606, 43.864596366401024], [-72.26754031859244, 43.86462823366628], [-72.26745308516516, 43.86467185312423], [-72.26739291764984, 43.86470342576156], [-72.26731141970993, 43.86476124296196], [-72.2672371721755, 43.864826341865225], [-72.26714213250825, 43.86492719226661], [-72.2671003625822, 43.864996838093234], [-72.2670653585652, 43.86506050430394], [-72.26706430966178, 43.86506237199279], [-72.26700226172709, 43.865170568220606], [-72.2669945160918, 43.86518243622288], [-72.26698523814855, 43.865193714304375], [-72.26688607001826, 43.86530210201764], [-72.26687453485665, 43.86531340578598], [-72.26661711616494, 43.865540343963495], [-72.2665062188199, 43.865661466346744], [-72.26650536767366, 43.86566238786038], [-72.26645467824434, 43.86571679083019], [-72.26640962323337, 43.86578526665532], [-72.26639346742625, 43.86584525315376], [-72.26637571157025, 43.865932544031715], [-72.26637578344172, 43.866019712775824], [-72.26637578271739, 43.86602018248351], [-72.2663751907366, 43.86617163591787], [-72.26637517595285, 43.86617300431734], [-72.26637331107034, 43.866278369370384], [-72.26637245336465, 43.866289762938976], [-72.26635963657752, 43.866386041252284], [-72.26635829758678, 43.86639378425869], [-72.26631735014938, 43.86658600699767], [-72.26629979467795, 43.86670103773813], [-72.26629684778474, 43.86671432866936], [-72.26629211442163, 43.86672734662678], [-72.26628564017243, 43.866739966240104], [-72.26627748738677, 43.86675206597527], [-72.26626773457967, 43.86676352930487], [-72.26625647567546, 43.866774245830385], [-72.26624381910321, 43.86678411234537], [-72.26622988675253, 43.86679303382948], [-72.26621481279975, 43.866800924363496], [-72.26619874241564, 43.86680770795685], [-72.2661818303674, 43.86681331927945], [-72.26616423952812, 43.866817704290874], [-72.26614613930813, 43.866820820760765], [-72.26612770402359, 43.86682263867563], [-72.26610911121752, 43.866823140527856], [-72.26609053995001, 43.86682232148428], [-72.26607216907378, 43.86682018943282], [-72.26605417551156, 43.866816764906424], [-72.26603673255224, 43.86681208088535], [-72.266020008182, 43.866806182479614], [-72.2660041634664, 43.8667991264944], [-72.26598935099929, 43.866790980883124], [-72.26597571343315, 43.866781824092875], [-72.26596338210526, 43.866771744309005], [-72.26595247577289, 43.86676083860576], [-72.26594309946964, 43.86674921201145], [-72.26593534349378, 43.86673697649692], [-72.26592928253883, 43.86672424989718], [-72.26592497497411, 43.86671115477664], [-72.26592246228272, 43.866697817248635], [-72.26592176866211, 43.86668436576096], [-72.26592290079094, 43.86667092985888], [-72.26594090384852, 43.866552971209806], [-72.26594197092565, 43.866547131854375], [-72.26598271794866, 43.86635585558], [-72.26599426141031, 43.8662691464602], [-72.26599601375305, 43.86617017528801], [-72.26599660309567, 43.86601964093734], [-72.26599652372163, 43.86592262693847], [-72.2659985440882, 43.86590257413694], [-72.26601896860755, 43.86580216675084], [-72.26602044818524, 43.865795903799004], [-72.26604203488115, 43.86571575424549], [-72.26604573078511, 43.8657045573443], [-72.26605071137776, 43.86569362409153], [-72.26605694157755, 43.865683031495564], [-72.26611838893314, 43.86558964296161], [-72.26612492176578, 43.865580597591894], [-72.26613236610197, 43.86557192868626], [-72.26619052889046, 43.865509505215044], [-72.26630635658897, 43.86538299859456], [-72.26631785883053, 43.865371730983334], [-72.26657525889456, 43.86514481025241], [-72.26665901273019, 43.8650532704231], [-72.26671355123042, 43.86495816973684], [-72.26674912002866, 43.86489347697489], [-72.26675136197223, 43.86488957538092], [-72.26680144837216, 43.86480606372558], [-72.26680934622318, 43.86479443296664], [-72.26681872585617, 43.864783393342925], [-72.26692877871614, 43.86466661249807], [-72.26693919153541, 43.864656581431404], [-72.26702532255678, 43.86458106361923], [-72.26703881672744, 43.86457042618005], [-72.26713749047677, 43.86450042413344], [-72.26714786792581, 43.86449358839798], [-72.26715891585815, 43.8644873268046], [-72.26723221321052, 43.86444886442246], [-72.26723573326375, 43.86444706114163], [-72.26734167993494, 43.86439408455129], [-72.2673591502975, 43.86438632364911], [-72.26737767675182, 43.864379972932234], [-72.2674980385183, 43.86434434307119], [-72.26761015472174, 43.86430408510589], [-72.26768224863136, 43.86426820496569], [-72.26774870862486, 43.86422116066999], [-72.26780932702385, 43.864173275564305], [-72.26787365702056, 43.864117016296404], [-72.26787728113763, 43.86411394027572], [-72.26794786929543, 43.86405578532728], [-72.26807494608084, 43.86390256617996], [-72.26808587159505, 43.86389081412751], [-72.26821009351382, 43.86377104566341], [-72.26821888788936, 43.86376318745806], [-72.26836703932149, 43.86364035504666], [-72.26837455542679, 43.863634478807995], [-72.26846450393188, 43.86356814807741], [-72.26846486669587, 43.86356788129292], [-72.2685405697507, 43.863512359260845], [-72.26862437915457, 43.86344801939645], [-72.26869009606179, 43.8633873695504], [-72.2686956993618, 43.86338243901837], [-72.26875949541602, 43.86332889264906], [-72.26880536119855, 43.86328865158101], [-72.26880654197721, 43.86328762581547], [-72.26885892259314, 43.86324256937552], [-72.26892603913817, 43.863174097856906], [-72.26896298337589, 43.86311363702865], [-72.2690583891037, 43.8629388883106], [-72.26921909163893, 43.86258214258683], [-72.26928767891069, 43.86241374998688], [-72.26934790940763, 43.86225666332283], [-72.26938168913513, 43.862152700281776], [-72.26938330232605, 43.86214809492185], [-72.26942330300191, 43.86204167450541], [-72.26942710491738, 43.86203276687601], [-72.26946463659095, 43.86195438621014], [-72.26949958309531, 43.86187094936435], [-72.26953271049618, 43.86178623198624], [-72.269566049056, 43.861698513531564], [-72.26960500619869, 43.8615913303535], [-72.26960811964004, 43.86158367661685], [-72.26965316225133, 43.8614837726951], [-72.26965979285548, 43.86147119579418], [-72.26966809529884, 43.86145914969401], [-72.26967798962362, 43.86144775040477], [-72.26968938054151, 43.86143710770746], [-72.26970215835146, 43.86142732409664], [-72.26971619999611, 43.86141849379338], [-72.2697313702469, 43.861410701837926], [-72.26974752300646, 43.86140402327062], [-72.26976450271549, 43.86139852240933], [-72.26978214585093, 43.8613942522301], [-72.26980028250073, 43.86139125385676], [-72.26981873800014, 43.86138955616511], [-72.26983733461381, 43.86138917550476], [-72.26985589324741, 43.86139011554163], [-72.26987423517237, 43.86139236722275], [-72.26989218374706, 43.86139590886332], [-72.26990956611796, 43.86140070635564], [-72.26992621488426, 43.861406713497516], [-72.26994196970998, 43.86141387243727], [-72.26995667886803, 43.86142211423076], [-72.26997020070151, 43.861431359505474], [-72.26998240498783, 43.86144151922477], [-72.26999317419286, 43.86145249554543], [-72.27000240460288, 43.861464182759924], [-72.27001000732335, 43.86147646831437], [-72.27001590913511, 43.86148923389245], [-72.2700200531995, 43.86150235655496], [-72.27002239960579, 43.86151570992366], [-72.27002292575564, 43.86152916539843], [-72.2700216265807, 43.86154259339569], [-72.27001851459154, 43.86155586459646], [-72.27001361975714, 43.86156885119164], [-72.26997028826892, 43.86166496115279], [-72.26993246455646, 43.86176902765659], [-72.26993191308982, 43.86177051111204], [-72.26989810847151, 43.86185945726041], [-72.26989773336179, 43.86186043021417], [-72.26986393834304, 43.861946856249475], [-72.26986295100065, 43.86194929478077], [-72.26982641608132, 43.86203652531983], [-72.26982411787392, 43.862041647919426]]]}}, {"type": "Feature", "properties": {}, "geometry": {"type": "Polygon", "coordinates": [[[-72.2751670164252, 43.86361415768557], [-72.27517323531308, 43.86360147110188], [-72.27518114294318, 43.86358928663254], [-72.27519066315996, 43.86357772162024], [-72.2752017042779, 43.863566887442055], [-72.27521415996469, 43.86355688843657], [-72.2752279102651, 43.863547820899264], [-72.27524282275634, 43.86353977215503], [-72.27525875382332, 43.863532819717264], [-72.27527555004175, 43.86352703054133], [-72.27529304965564, 43.86352246037986], [-72.27531108413507, 43.86351915324569], [-72.27532947979923, 43.863517140988165], [-72.27534805948899, 43.86351644298624], [-72.275366644273, 43.86351706596205], [-72.27538505517089, 43.86351900391605], [-72.27540311487677, 43.86352223818478], [-72.2754206494669, 43.86352673762069], [-72.27543749007454, 43.86353245889203], [-72.27545347451624, 43.863539346900176], [-72.27546844885364, 43.86354733531021], [-72.27548226887606, 43.86355634718981], [-72.27549480148924, 43.86356629575009], [-72.27550592599717, 43.8635770851814], [-72.27551553526439, 43.86358861157606], [-72.2755235367478, 43.86360076392895], [-72.27552985338802, 43.86361342520663], [-72.27581455155743, 43.86428569198284], [-72.27581933317519, 43.86429950625024], [-72.27611245323807, 43.865382046203955], [-72.27611512992031, 43.86539536702476], [-72.27611598904684, 43.86540881351895], [-72.27611502234257, 43.86542225618948], [-72.27611223911616, 43.86543556557603], [-72.27610766617046, 43.86544861350179], [-72.27610134754433, 43.86546127430791], [-72.27609334408864, 43.86547342606362], [-72.27608373288031, 43.86548495174052], [-72.27607260647994, 43.86549574033964], [-72.27606007204052, 43.865505687960464], [-72.27604625027543, 43.865514698801526], [-72.27603127429595, 43.86552268608308], [-72.27601528832932, 43.865529572882814], [-72.27599844632972, 43.86553529287667], [-72.27598091049562, 43.86553979097765], [-72.27596284970764, 43.86554302386633], [-72.27594443790208, 43.86554496040803], [-72.27592585239594, 43.86554558195264], [-72.27590727217898, 43.865544882514314], [-72.2758888761901, 43.8655428688291], [-72.27587084159387, 43.865539560289996], [-72.2758533420744, 43.86553498876025], [-72.27583654616258, 43.8655291982665], [-72.27582061561297, 43.86552224457468], [-72.27580570384605, 43.865514194653045], [-72.27579195447065, 43.86550512602717], [-72.27577949990085, 43.865495126033316], [-72.27576846008087, 43.86548429097732], [-72.2757589413298, 43.86547272520713], [-72.27575103531787, 43.86546054010778], [-72.2757448181835, 43.865447853028826], [-72.27574034980012, 43.865434786154005], [-72.27544913073939, 43.864359242324745], [-72.27516732328793, 43.863693791890135], [-72.27516275239964, 43.863680743608064], [-72.27515997121658, 43.86366743400322], [-72.27515900652193, 43.8636539912545], [-72.27515986760498, 43.86364054482298], [-72.27516254617183, 43.863627224205096], [-72.2751670164252, 43.86361415768557]]]}}, {"type": "Feature", "properties": {}, "geometry": {"type": "Polygon", "coordinates": [[[-72.27722995319834, 43.86753203648481], [-72.27735564711234, 43.86769352335015], [-72.27735870397355, 43.86769761115501], [-72.27743821631125, 43.86780838331109], [-72.27752030957564, 43.86789440148699], [-72.27761431224843, 43.86797988080631], [-72.27772393105366, 43.8680620302153], [-72.27785969825395, 43.86814597505397], [-72.27802261130618, 43.86823190845545], [-72.27802588140295, 43.86823367265148], [-72.27820359206864, 43.86833171580738], [-72.27830932499387, 43.868390048814575], [-72.27831812991981, 43.86839521485047], [-72.27842189952486, 43.868459913314574], [-72.27843875678784, 43.86847182158946], [-72.27851035085438, 43.86852910328268], [-72.27852213774098, 43.868539518628715], [-72.27853245675767, 43.8685507196432], [-72.27854120852618, 43.86856259845467], [-72.27854830876151, 43.868575040664034], [-72.27855368908367, 43.86858792644633], [-72.27855729767614, 43.86860113170465], [-72.2785590997851, 43.86861452926531], [-72.27855907805404, 43.86862799010256], [-72.27855723269103, 43.86864138458119], [-72.2785535814667, 43.868654583704945], [-72.27854815954323, 43.86866746035888], [-72.27854101913566, 43.86867989053352], [-72.27853222900917, 43.868691754519205], [-72.27852187381681, 43.868702938058874], [-72.27851005328428, 43.86871333344852], [-72.27849688124954, 43.86872284057445], [-72.27848248456647, 43.86873136787737], [-72.27846700188326, 43.86873883323428], [-72.27845058230709, 43.86874516474931], [-72.27843338396815, 43.86875030144614], [-72.27841557249668, 43.86875419385526], [-72.27839731942795, 43.868756804490424], [-72.27837880055013, 43.86875810820961], [-72.27836019421132, 43.86875809245718], [-72.27834167960195, 43.868756757384865], [-72.27832343502908, 43.86875411585025], [-72.27830563619898, 43.868750193292904], [-72.2782884545252, 43.86874502748946], [-72.27827205547749, 43.86873866818972], [-72.2782565969883, 43.86873117663761], [-72.27824222793181, 43.86872262498126], [-72.27822908669013, 43.86871309557823], [-72.27816540894888, 43.86866214747396], [-72.27807487592207, 43.86860570162666], [-72.27797365270077, 43.86854985650776], [-72.27779756391278, 43.86845270794169], [-72.27763038339899, 43.868364523355204], [-72.27761890287972, 43.86835796216681], [-72.27747065911629, 43.86826630283701], [-72.27745743346131, 43.86825729751001], [-72.27733519258484, 43.86816568868514], [-72.27732323057728, 43.86815581997206], [-72.2772195728765, 43.868061560638715], [-72.27721192078019, 43.868054096705805], [-72.27711941783244, 43.86795717062016], [-72.2771071769243, 43.86794245118675], [-72.27702366340144, 43.86782610391293], [-72.27690457531385, 43.86767310289626], [-72.2767588127722, 43.86752565749775], [-72.27675038160379, 43.86751635339001], [-72.2765876752329, 43.86731985739036], [-72.27658128167657, 43.86731148733981], [-72.27641501247064, 43.86707467391704], [-72.27640943645979, 43.86706599480259], [-72.27631347304535, 43.866901876705974], [-72.27631280014973, 43.866900710974356], [-72.27621316279183, 43.86672583728401], [-72.27620698090738, 43.866713290326885], [-72.27612598565896, 43.866519641306695], [-72.276121823767, 43.86650781694746], [-72.27611974470992, 43.866500577429115], [-72.2761166388594, 43.86648571251252], [-72.27611580021734, 43.86647069096996], [-72.27611723885644, 43.86645569325177], [-72.27613489978245, 43.86635327604399], [-72.27613810626049, 43.86634001659957], [-72.27614309367779, 43.866327048386395], [-72.27614981400174, 43.8663144962952], [-72.27615820251103, 43.86630248120918], [-72.27616817841901, 43.86629111883985], [-72.27617964565172, 43.86628051861262], [-72.27619249377315, 43.86627078261304], [-72.2762065990488, 43.86626200460369], [-72.27622182563735, 43.86625426912116], [-72.27623802689887, 43.86624765066194], [-72.27625504680697, 43.86624221296508], [-72.27627272145143, 43.866238008398206], [-72.27629088061683, 43.866235077453354], [-72.27630934942151, 43.86623344835695], [-72.27632795000203, 43.866233136797966], [-72.27634650322584, 43.86623414577688], [-72.27636483041645, 43.86623646557672], [-72.2763827550742, 43.86624007385673], [-72.27640010457583, 43.8662449358674], [-72.27641671183707, 43.86625100478521], [-72.27643241692168, 43.866258222163545], [-72.27644706858159, 43.866266518495486], [-72.2764605257136, 43.86627581388326], [-72.27647265871825, 43.86628601880761], [-72.27648335074787, 43.866297034990005], [-72.27649249883193, 43.866308756338974], [-72.27650001486876, 43.866321069971896], [-72.27650582647401, 43.8663338573021], [-72.27650987767773, 43.866346995180855], [-72.27651212946348, 43.86636035708338], [-72.27651256014418, 43.86637381432736], [-72.27651116557091, 43.86638723731218], [-72.27649820574717, 43.866462395204486], [-72.27656724315825, 43.86662745216332], [-72.27666303612367, 43.86679557680836], [-72.27675608153226, 43.86695470290972], [-72.27691635929735, 43.86718298102437], [-72.27707171317664, 43.867370596394615], [-72.27721896188116, 43.86751954430578], [-72.27722995319834, 43.86753203648481]]]}}, {"type": "Feature", "properties": {}, "geometry": {"type": "Polygon", "coordinates": [[[-72.28153870094579, 43.87092536098618], [-72.2815989675389, 43.87096040767753], [-72.28180622457094, 43.87108093516745], [-72.28181413762763, 43.87108580087158], [-72.2818630905392, 43.87111761278887], [-72.28187810863231, 43.8711285351815], [-72.28192178026526, 43.871164083857145], [-72.2819275274171, 43.87116898890561], [-72.28197566172095, 43.871212078534384], [-72.28198017526941, 43.871216283413354], [-72.28202459589185, 43.87125936682933], [-72.28203748134084, 43.871273635422305], [-72.28206706288876, 43.87131131454074], [-72.2820699979256, 43.87131519757078], [-72.2821032638769, 43.871360946286764], [-72.28210892474732, 43.87136942561747], [-72.282138467197, 43.87141785474099], [-72.28214123057505, 43.87142262641691], [-72.28216337244375, 43.87146297883715], [-72.2821706319043, 43.871479025330956], [-72.28217982638073, 43.871504572557825], [-72.28218677141741, 43.87152387290599], [-72.28222134832524, 43.87159265169302], [-72.28225869208289, 43.87165011642175], [-72.28228297234058, 43.87168298358208], [-72.28230847137637, 43.87170635050919], [-72.28233785642526, 43.87172642189848], [-72.28238761829758, 43.871755376561666], [-72.28252482882957, 43.87183467683858], [-72.28256349718586, 43.871849580932], [-72.28262178472475, 43.87186657592816], [-72.28267648040053, 43.871879185519354], [-72.28274675904997, 43.87188991695551], [-72.28283048790345, 43.87189634417222], [-72.28316790689654, 43.87192224335708], [-72.28318060771137, 43.87192353376627], [-72.28328828767549, 43.871937174939546], [-72.28330228371527, 43.87193934478392], [-72.2833160136044, 43.871942272245], [-72.28340509168981, 43.87196394057417], [-72.28342691570076, 43.871970366661586], [-72.28351224961949, 43.87200008947772], [-72.28352797352194, 43.87200624295382], [-72.28360215266956, 43.8720386320758], [-72.28361427597275, 43.87204439437276], [-72.28362575485667, 43.872050810270714], [-72.28375634031656, 43.87212974923349], [-72.28376722632458, 43.872136864941375], [-72.28390347772442, 43.87223310966666], [-72.28391361344765, 43.872240848295476], [-72.28405065407226, 43.87235397731848], [-72.2840612460397, 43.872363552988965], [-72.28418339905633, 43.87248471536308], [-72.28419248672542, 43.872494601239104], [-72.28437008667561, 43.872707214329985], [-72.28441976707064, 43.87276668860439], [-72.28446482595169, 43.872815859231586], [-72.28456558963136, 43.8729258193821], [-72.28457310255747, 43.872934737561636], [-72.28457965573567, 43.87294404339881], [-72.28467926927485, 43.8730999002691], [-72.28475812445215, 43.87322225563082], [-72.28486088020104, 43.87333438668787], [-72.28492634220186, 43.87340456621737], [-72.28498905671009, 43.87346103608179], [-72.28505894164545, 43.87350575755429], [-72.28514019070928, 43.873543758123496], [-72.28524750240987, 43.873580392884165], [-72.28524807427948, 43.87358058895708], [-72.28593078205486, 43.87381567131196], [-72.28594726347283, 43.873822086423964], [-72.2860214474323, 43.87385447397629], [-72.2860357438738, 43.87386137363264], [-72.28604911800073, 43.87386918134048], [-72.28606145994523, 43.87387783296004], [-72.28612814637766, 43.87392901815771], [-72.28614059095618, 43.873939595299106], [-72.28624055774421, 43.87403384044632], [-72.2862507031563, 43.874044394706885], [-72.28633949717658, 43.87414668051704], [-72.28634396736435, 43.87415210314194], [-72.28646600381573, 43.874308198829475], [-72.28646711166205, 43.87430963590915], [-72.28655922402476, 43.87443082539427], [-72.2866582274459, 43.87453761002674], [-72.28676511618937, 43.874637207523996], [-72.2869776670926, 43.874789544384235], [-72.28699022740103, 43.874799476193154], [-72.28700138148483, 43.87481025074881], [-72.28701102192372, 43.87482176428675], [-72.28701905587441, 43.874833905925705], [-72.28702540596483, 43.874846558735406], [-72.28703001103916, 43.87485960086264], [-72.28703282674698, 43.87487290670481], [-72.28703382597027, 43.874886348119524], [-72.28703299908476, 43.87489979565862], [-72.28703035405259, 43.87491311981494], [-72.28702591634568, 43.87492619226944], [-72.2870197287005, 43.874938887127016], [-72.28701185070648, 43.874951082129], [-72.28700235823224, 43.87496265983048], [-72.28699134269492, 43.8749735087315], [-72.28697891017977, 43.87498352435079], [-72.2869651804186, 43.87499261023202], [-72.28695028563664, 43.87500067887276], [-72.28693436927911, 43.875007652567156], [-72.2869175846298, 43.87501346415432], [-72.28690009333486, 43.875018057665166], [-72.28688206384595, 43.87502138886142], [-72.28686366979798, 43.87502342566158], [-72.28684508833685, 43.875024148450045], [-72.28682649841345, 43.875023550265915], [-72.28680807906007, 43.87502163687008], [-72.28679000766637, 43.875018426689714], [-72.28677245827082, 43.87501395064082], [-72.28675559988466, 43.87500825183043], [-72.28673959486414, 43.87500138514161], [-72.28672459734693, 43.87499341670465], [-72.28671075176773, 43.87498442326042], [-72.28648944087888, 43.87482580752133], [-72.28647311884332, 43.87481248289216], [-72.28635463321353, 43.874702079065855], [-72.28634693315392, 43.874694366155275], [-72.28623961159018, 43.87457860895385], [-72.2862309330113, 43.87456829394989], [-72.28613534392652, 43.8744425293415], [-72.28601601674332, 43.87428989798341], [-72.28593427489658, 43.87419573531159], [-72.28584557487478, 43.87411211167777], [-72.28580327819614, 43.87407964673753], [-72.28575933142908, 43.874060460236954], [-72.28508536701477, 43.87382838830541], [-72.2849669206218, 43.87378795226602], [-72.28494489520412, 43.873779093481154], [-72.28484105124205, 43.87373052509324], [-72.28482938589731, 43.873724608054324], [-72.28481836764756, 43.873718074101525], [-72.28472570682153, 43.87365877749153], [-72.2847141204362, 43.873650703849336], [-72.28470352181817, 43.87364194878959], [-72.28462576054353, 43.87357193010022], [-72.28461640131096, 43.87356274491067], [-72.28454608989362, 43.873487366073434], [-72.28454522657138, 43.87348643230499], [-72.2844342149248, 43.873365291374945], [-72.28442684869627, 43.8733565630519], [-72.28442040187386, 43.87334746198136], [-72.2843354341359, 43.87321562093343], [-72.2843351804528, 43.873215225664175], [-72.28424151308067, 43.87306867096542], [-72.28414874513574, 43.87296743570124], [-72.28410149486531, 43.87291587341507], [-72.28409725121311, 43.87291102524277], [-72.28404551923646, 43.8728490945439], [-72.28387216778928, 43.87264156620649], [-72.28375985466975, 43.872530163365006], [-72.28363326617045, 43.87242566231168], [-72.28350754320698, 43.87233685434512], [-72.2833937467827, 43.87226806419977], [-72.28333967518768, 43.87224445467922], [-72.28327303923395, 43.87222124456525], [-72.28320874584419, 43.87220560513014], [-72.28312151521959, 43.87219455452651], [-72.28279047487257, 43.87216914493308], [-72.28269709048143, 43.87216197653044], [-72.28267793811015, 43.872159785060774], [-72.28258883191056, 43.87214617868526], [-72.28257041926143, 43.87214265997756], [-72.28249989566771, 43.87212640139736], [-72.28248658731985, 43.87212293262955], [-72.28241236953328, 43.87210129280821], [-72.28239409268109, 43.87209512733732], [-72.28233102865791, 43.87207082029768], [-72.28231598971168, 43.87206436265388], [-72.28230183721446, 43.87205693008056], [-72.28215067499829, 43.87196956630562], [-72.28215018737994, 43.871969283533616], [-72.2820943186203, 43.87193677541214], [-72.2820829841111, 43.87192962665376], [-72.28203805739734, 43.8718989394732], [-72.28201940508607, 43.87188419654112], [-72.28197487244223, 43.87184338731901], [-72.2819650471934, 43.871833512710865], [-72.28195647016335, 43.87182304710818], [-72.28192194485008, 43.8717763113018], [-72.28191757877741, 43.87177001758232], [-72.28187450535053, 43.87170373542704], [-72.28186790766814, 43.87169225914758], [-72.28182733921118, 43.87161156129122], [-72.28182203624718, 43.87159923539089], [-72.28181284414984, 43.87157368999818], [-72.28180659661773, 43.87155633068245], [-72.28179008799329, 43.871526244234985], [-72.28176461878762, 43.871484492010666], [-72.28173580893214, 43.87144487119532], [-72.28171356715656, 43.8714165408224], [-72.28167840357895, 43.871382435612695], [-72.28163537661875, 43.87134391788754], [-72.28160174251695, 43.87131653965145], [-72.28156458762497, 43.87129239457748], [-72.28136138109615, 43.87117422232295], [-72.28129905585554, 43.8711379783867], [-72.28129498420263, 43.871135542265364], [-72.28101968487839, 43.87096609830913], [-72.28100823689702, 43.870958443447535], [-72.28073668744584, 43.87076128650908], [-72.28073128479878, 43.870757198739305], [-72.280462707672, 43.870545411989966], [-72.28003004720904, 43.87021191209669], [-72.28002432482536, 43.870207296411266], [-72.27960997539691, 43.86985748487378], [-72.27914011491015, 43.869466093923045], [-72.27912861836029, 43.869455509987844], [-72.27911861115376, 43.86944416179489], [-72.2791101896649, 43.86943215863391], [-72.27910343499654, 43.86941961610222], [-72.27909841219889, 43.869406654991586], [-72.27909516964323, 43.8693934001248], [-72.27909373855594, 43.86937997915363], [-72.27909413271799, 43.869366521329425], [-72.27909634833215, 43.86935315625837], [-72.27910036405966, 43.86934001265331], [-72.27910614122575, 43.86932721709413], [-72.27911362419215, 43.86931489280882], [-72.27912274089302, 43.869303158486666], [-72.27913340352885, 43.869292127135196], [-72.27914550941226, 43.869281904991986], [-72.27915894195677, 43.869272590501396], [-72.27917357179969, 43.869264273366625], [-72.27918925804794, 43.86925703368583], [-72.27920584963488, 43.86925094118066], [-72.27922318677518, 43.869246054524936], [-72.27924110250362, 43.869242420779536], [-72.27925942428301, 43.86924007493916], [-72.27927797566572, 43.86923903959542], [-72.27929657799302, 43.86923932471915], [-72.27931505211556, 43.8692409275645], [-72.27933322011863, 43.869243832695275], [-72.27935090703552, 43.86924801213367], [-72.27936794253259, 43.86925342562967], [-72.27938416254946, 43.8692600210487], [-72.27939941087917, 43.86926773487361], [-72.27941354067238, 43.869276492816475], [-72.27942641585165, 43.869286210533964], [-72.27989668974185, 43.86967794428765], [-72.27989751244172, 43.869678634197996], [-72.28030948301584, 43.87002643601743], [-72.28073994677545, 43.8703582414652], [-72.28074141065463, 43.8703593827395], [-72.28100807233909, 43.870569658306664], [-72.28127135591127, 43.870760813239706], [-72.28153870094579, 43.87092536098618]]]}}, {"type": "Feature", "properties": {}, "geometry": {"type": "Polygon", "coordinates": [[[-72.23056487646883, 43.83991745879039], [-72.23056067922977, 43.83993057237693], [-72.23055472637107, 43.839943325042626], [-72.23054707522105, 43.83995559397204], [-72.23053779946368, 43.839967261008354], [-72.23052698842892, 43.839978213791234], [-72.23051474623257, 43.839988346839], [-72.23050119077354, 43.83999756256442], [-72.23048645259834, 43.84000577221457], [-72.230470673644, 43.840012896725625], [-72.23045400587104, 43.84001886748425], [-72.23043660979992, 43.84002362698842], [-72.23041865296528, 43.84002712940123], [-72.23040030830232, 43.84002934099231], [-72.2303817524813, 43.84003024046269], [-72.23036316420615, 43.84002981914992], [-72.23034472249334, 43.840028081111505], [-72.23032660494785, 43.84002504308581], [-72.23030898605262, 43.840020734330906], [-72.23029203548823, 43.8400151963427], [-72.23027591649868, 43.84000848245539], [-72.23026078431926, 43.84000065732776], [-72.23024678468153, 43.83999179632049], [-72.23023405240981, 43.839981984770326], [-72.23022271012276, 43.83997131716835], [-72.23021286705249, 43.83995989624979], [-72.23006436743661, 43.83976713006967], [-72.23005611843305, 43.83975506581363], [-72.230049542878, 43.839742474418856], [-72.23004470409668, 43.83972947714768], [-72.2300416486882, 43.8397161991711], [-72.23004040607658, 43.83970276836345], [-72.2300409882277, 43.83968931407081], [-72.23004338953386, 43.839675965865354], [-72.230047586868, 43.83966285229746], [-72.2300535398064, 43.83965009965777], [-72.23006119101804, 43.8396378307609], [-72.23007046681676, 43.8396261637627], [-72.23008127787092, 43.83961521102238], [-72.2300935200638, 43.83960507802037], [-72.2301070754962, 43.83959586234261], [-72.230121813622, 43.839587652740654], [-72.23013759250529, 43.83958052827706], [-72.23015426018735, 43.83957455756389], [-72.23017165615003, 43.83956979810205], [-72.23018961286164, 43.839566295727444], [-72.23020795739026, 43.83956408416967], [-72.23022651306925, 43.83956318472707], [-72.23024510119848, 43.83956360606173], [-72.23026354276531, 43.83956534411598], [-72.23028166016857, 43.83956838215155], [-72.23029927892885, 43.839572690910664], [-72.23031622936885, 43.839578228897906], [-72.23033234824736, 43.839584942779744], [-72.23034748033137, 43.839592767898225], [-72.23036147989106, 43.83960162889358], [-72.23037421210316, 43.83961144043004], [-72.2303855543494, 43.83962210801756], [-72.23039539739747, 43.839633528921865], [-72.23054389775199, 43.839826294678254], [-72.23055214686373, 43.83983835889921], [-72.23055872253506, 43.83985095026515], [-72.23056356143776, 43.8398639475146], [-72.23056661696945, 43.839877225477196], [-72.23056785970256, 43.83989065627902], [-72.23056727766766, 43.83990411057416], [-72.23056487646883, 43.83991745879039]]]}}, {"type": "Feature", "properties": {}, "geometry": {"type": "Polygon", "coordinates": [[[-72.19480890478889, 43.842577383314165], [-72.19476263175159, 43.84268588559557], [-72.1947102509152, 43.84281285511174], [-72.19470859548376, 43.842816664628565], [-72.19465551106727, 43.84293288437833], [-72.19465457560251, 43.842934880811455], [-72.19459887222162, 43.84305082352161], [-72.19459747647996, 43.843053629917115], [-72.19454762894017, 43.843150537872525], [-72.19454480508418, 43.84315570508496], [-72.19449833163563, 43.84323595228188], [-72.19449769046189, 43.84323704610281], [-72.19445537487482, 43.84330837413836], [-72.19445174704141, 43.84331412050472], [-72.19439040994669, 43.84340563969571], [-72.19438605480426, 43.84341174368208], [-72.19431400600925, 43.8435068064692], [-72.19430530180544, 43.84351717528893], [-72.19422242042037, 43.84360672645234], [-72.19415919957902, 43.84368197136806], [-72.19414738107886, 43.84369443455017], [-72.19413373952214, 43.843705880830484], [-72.19402505667965, 43.84378751024256], [-72.19393759266801, 43.843853836037766], [-72.19385109712546, 43.84392231521022], [-72.19374742099538, 43.84400505211036], [-72.19364952898985, 43.84408623622405], [-72.19354120100964, 43.844183789387436], [-72.19353522040124, 43.84418891333036], [-72.19344353146272, 43.84426368085749], [-72.19343530190106, 43.84426997898573], [-72.1933516510789, 43.844330074361736], [-72.1932159371386, 43.844431682504414], [-72.19321173427379, 43.8444347318582], [-72.19314195899392, 43.84448379144824], [-72.19313052257293, 43.844491204985054], [-72.1929603614541, 43.84459282757323], [-72.19295331320274, 43.844596837888176], [-72.19269803726836, 43.84473514046474], [-72.19247247653547, 43.84485727937602], [-72.19228359065553, 43.84497950906988], [-72.19214849993075, 43.845083860508666], [-72.1920627186456, 43.84517358928501], [-72.19205139837753, 43.84518426963998], [-72.19203868616475, 43.84519409551435], [-72.19202470443277, 43.84520297227915], [-72.19200958783343, 43.84521081444582], [-72.19199348194827, 43.845217546489614], [-72.1919765418864, 43.845223103576885], [-72.19195893079068, 43.84522743218952], [-72.19194081826653, 43.84523049064035], [-72.1919223787486, 43.84523224947461], [-72.1919037898207, 43.84523269175369], [-72.19188523050559, 43.845231813218156], [-72.19186687954084, 43.845229622328844], [-72.19184891365742, 43.84522614018536], [-72.19183150587769, 43.845221400322885], [-72.19181482384899, 43.84521544838916], [-72.1917990282291, 43.84520834170492], [-72.19178427113904, 43.845200148711804], [-72.19177069469796, 43.84519094831327], [-72.19175842965448, 43.845180829114575], [-72.1917475941275, 43.84516988856963], [-72.1917382924687, 43.8451582320422], [-72.19173061425748, 43.845145971791474], [-72.19172463343844, 43.84513322589065], [-72.19172040760914, 43.845120117090005], [-72.19171797746552, 43.845106771634626], [-72.19171736641002, 43.845093318048654], [-72.19171858032621, 43.84507988589754], [-72.19172160752218, 43.84506660454014], [-72.19172641884327, 43.845053601883066], [-72.19173296795272, 43.84504100314877], [-72.1917411917781, 43.84502892966966], [-72.1917510111188, 43.84501749771961], [-72.19184476455567, 43.84491943044051], [-72.19185313890735, 43.84491132679133], [-72.19186231595249, 43.84490369203473], [-72.19201271697911, 43.84478751450061], [-72.19202469606925, 43.84477904442908], [-72.1922259955531, 43.844648782131934], [-72.19223878313383, 43.844641206620146], [-72.19247090878106, 43.84451551314193], [-72.19272257566881, 43.84437916614227], [-72.19288335219535, 43.844283148392066], [-72.1929454823609, 43.84423946427681], [-72.1930804877352, 43.84413838696501], [-72.19308323600498, 43.84413637141123], [-72.19316402299455, 43.84407833362239], [-72.19324865789346, 43.84400931855652], [-72.19335648928147, 43.84391221300795], [-72.19336142263225, 43.84390795027712], [-72.19346303123852, 43.843823684230905], [-72.19346543733391, 43.84382172685618], [-72.19357058176622, 43.84373781851422], [-72.19357108741472, 43.84373741659435], [-72.1936592106012, 43.84366764905656], [-72.19366199102814, 43.843665494727595], [-72.19375117501622, 43.84359786487047], [-72.19375180407725, 43.84359739012547], [-72.19384624360048, 43.84352645883109], [-72.19390072259829, 43.84346161877867], [-72.19390519487602, 43.84345654971225], [-72.19398572022601, 43.84336954468674], [-72.19405145115817, 43.84328281845625], [-72.1941088113193, 43.843197233849004], [-72.1941490808983, 43.8431293552673], [-72.19419375315444, 43.843052219024834], [-72.19424154260858, 43.84295931323328], [-72.19429609146269, 43.84284577499862], [-72.1943478533205, 43.842732452266695], [-72.19439969563818, 43.84260678994124], [-72.19440020374688, 43.842605578730684], [-72.19444740170186, 43.842494909241275], [-72.19444878580525, 43.84249179598895], [-72.19450536926806, 43.84236954096921], [-72.19450642686648, 43.84236731927131], [-72.19455040952157, 43.84227743220774], [-72.19455319032853, 43.84227210338039], [-72.19461491763876, 43.84216086061383], [-72.19461515619136, 43.84216043278381], [-72.19466890228908, 43.842064507315925], [-72.19471508483235, 43.84198065756374], [-72.19475815827396, 43.84190177960215], [-72.1947590701324, 43.84190014072089], [-72.19479531562914, 43.841836188425916], [-72.19480320967875, 43.84182400032513], [-72.19481271626567, 43.84181243094163], [-72.19482374383568, 43.84180159169447], [-72.19483618618692, 43.8417915869711], [-72.19484992349261, 43.84178251312208], [-72.19486482345509, 43.841774457533056], [-72.19488074257995, 43.841767497783366], [-72.19489752755788, 43.84176170089879], [-72.19491501674113, 43.8417571227062], [-72.19493304170027, 43.84175380729576], [-72.19495142884615, 43.841751786596504], [-72.19497000110171, 43.84175108006876], [-72.19498857960716, 43.84175169451672], [-72.19500698544256, 43.84175362402296], [-72.19502504135085, 43.841756850005396], [-72.19504257344482, 43.841761341396264], [-72.19505941288179, 43.84176705494131], [-72.19507539748955, 43.841773935616295], [-72.19509037332816, 43.84178191715694], [-72.19510419617248, 43.8417909226971], [-72.19511673290108, 43.8418008655089], [-72.19512786277829, 43.841811649838085], [-72.19513747861699, 43.841823171826086], [-72.19514548781076, 43.84183532051022], [-72.19515181322596, 43.8418479788924], [-72.19515639394443, 43.841861025065725], [-72.19515918585024, 43.84187433338866], [-72.19516016205469, 43.84188777569487], [-72.19515931315513, 43.84190122252766], [-72.19515664732573, 43.84191454438663], [-72.1951521902387, 43.84192761297488], [-72.19514598481715, 43.84194030243454], [-72.19511020284757, 43.84200343752372], [-72.19506747610308, 43.84208168143776], [-72.1950672706892, 43.84208205599359], [-72.19502077754295, 43.84216647057929], [-72.19502035859735, 43.842167224726694], [-72.19496652172386, 43.84226331321378], [-72.19490638058254, 43.84237169859136], [-72.1948642542711, 43.84245779290218], [-72.19480890478889, 43.842577383314165]]]}}, {"type": "Feature", "properties": {}, "geometry": {"type": "Polygon", "coordinates": [[[-72.19058095777766, 43.85400395481441], [-72.1905743595994, 43.854016929797254], [-72.19053077545142, 43.85409090074255], [-72.19052392050163, 43.854101300950845], [-72.19047486844099, 43.854168322225945], [-72.19047318056461, 43.854170577195866], [-72.19036361551039, 43.854313741409214], [-72.1900540109185, 43.854832516885836], [-72.19004511753319, 43.85484549030525], [-72.19003438348402, 43.85485771291148], [-72.19002192842262, 43.854869048458845], [-72.19000789118502, 43.854879370589664], [-72.1899588417112, 43.854911819142565], [-72.18994486523813, 43.85492021213036], [-72.18992984287023, 43.85492759865081], [-72.18988820442044, 43.854946026589126], [-72.18987393642175, 43.85495174591562], [-72.18985904176796, 43.854956556467464], [-72.18980298752187, 43.85497260513983], [-72.1897831247872, 43.85497739226153], [-72.1897626536583, 43.85498056515696], [-72.18970540506575, 43.85498707007067], [-72.18968690878485, 43.854988503133285], [-72.18966830745516, 43.85498861739879], [-72.18964978021886, 43.85498741176673], [-72.18963150550458, 43.85498489784808], [-72.18961365930893, 43.85498109985341], [-72.18959641350158, 43.85497605435974], [-72.18957993416996, 43.854969809958234], [-72.18956438001972, 43.85496242678623], [-72.18954990084633, 43.85495397594817], [-72.18953663609238, 43.85494453883063], [-72.18952471350475, 43.85493420631866], [-72.18951424790421, 43.85492307792044], [-72.1895053400798, 43.854911260808926], [-72.18949807581805, 43.85489886878971], [-72.18949252507691, 43.85488602120507], [-72.18948874131206, 43.85487284178449], [-72.18948676096207, 43.85485945745315], [-72.18948660309762, 43.85484599710961], [-72.1894882692378, 43.8548325903843], [-72.18949174333555, 43.85481936639123], [-72.18949699193227, 43.85480645248455], [-72.1895039644801, 43.85479397303199], [-72.18951259382868, 43.85478204821718], [-72.189522796872, 43.85477079288226], [-72.18953447534868, 43.85476031542184], [-72.18954751678837, 43.85475071673915], [-72.18956179559481, 43.854742089274346], [-72.18957717425555, 43.85473451611417], [-72.18959350466614, 43.8547280701919], [-72.18961062955646, 43.85472281358491], [-72.18962838400529, 43.85471879691691], [-72.18964659702863, 43.85471605887034], [-72.18968306826687, 43.854711914802145], [-72.18970435662104, 43.85470581981953], [-72.18971649380711, 43.85470044826989], [-72.18972208937919, 43.854696746544924], [-72.19001926825956, 43.85419879619981], [-72.1900274649351, 43.85418672497826], [-72.19014067977857, 43.85403879281811], [-72.19018517313418, 43.853978000702945], [-72.19022188071906, 43.85391570126431], [-72.19023660839039, 43.85388151473003], [-72.19025147380458, 43.8538359504879], [-72.190268389781, 43.85377104245514], [-72.19028131332549, 43.85366294745568], [-72.19029639405967, 43.85353637231232], [-72.19029943043739, 43.853521052246414], [-72.19034239263456, 43.85336681103183], [-72.19034695838289, 43.85335376197851], [-72.19035326963332, 43.85334109960525], [-72.19036126560411, 43.853328945857356], [-72.19037086928896, 43.853317417781746], [-72.19038198819852, 43.85330662639968], [-72.19039451525128, 43.85329667563762], [-72.19040832980481, 43.85328766132646], [-72.19042329881746, 43.853279670278475], [-72.1904392781299, 43.85327277945141], [-72.19045611385314, 43.853267055207304], [-72.1904736438508, 43.85326255267345], [-72.19049169930034, 43.853259315211396], [-72.19051010631901, 43.85325737399951], [-72.19052868763833, 43.85325674773258], [-72.19054726431126, 43.85325744244185], [-72.19056565743551, 43.85325945143697], [-72.1905836898764, 43.85326275537034], [-72.19060118797276, 43.85326732242348], [-72.19061798320928, 43.85327310861344], [-72.19063391383943, 43.85328005821642], [-72.1906488264431, 43.85328810430433], [-72.1906625774041, 43.85329716938936], [-72.19067503429329, 43.85330716617021], [-72.19068607714385, 43.85331799837288], [-72.19069559960676, 43.853329561677725], [-72.1907035099749, 43.853341744724204], [-72.1907097320663, 43.85335443018325], [-72.19071420595787, 43.853367495887234], [-72.1907168885625, 43.85338081600647], [-72.19071775404409, 43.85339426226107], [-72.19071679406632, 43.85340770515628], [-72.1907140178731, 43.853421015229635], [-72.19067317288007, 43.85356765862447], [-72.1906590105246, 43.853686531939005], [-72.19064526204447, 43.85380153298257], [-72.190642684095, 43.8538151301296], [-72.1906232106675, 43.853889853106104], [-72.19062142270406, 43.85389594977935], [-72.1906040351629, 43.85394924564119], [-72.19060051721836, 43.85395855192512], [-72.19058095777766, 43.85400395481441]]]}}, {"type": "Feature", "properties": {}, "geometry": {"type": "Polygon", "coordinates": [[[-72.2239966417524, 43.87208829268671], [-72.22397858509063, 43.872085042124866], [-72.22396105580593, 43.872080526870015], [-72.22394422271582, 43.87207479040684], [-72.22392824793297, 43.87206788798092], [-72.22391328530385, 43.87205988606679], [-72.2238994789271, 43.87205086172769], [-72.22388696176577, 43.87204090187337], [-72.2238758543669, 43.87203010242311], [-72.22386626370042, 43.87201856738192], [-72.22385828212911, 43.872006407838974], [-72.22385198651912, 43.871993740897636], [-72.22384743749963, 43.87198068854775], [-72.22384467887912, 43.87196737649079], [-72.2238437372234, 43.871953932929266], [-72.22384462159997, 43.87194048733209], [-72.22384732349055, 43.87192716918762], [-72.22385181687326, 43.871914106756776], [-72.22385805847333, 43.87190142583769], [-72.22386598817975, 43.87188924855425], [-72.22387552962437, 43.87187769218003], [-72.22388659091725, 43.871866868008844], [-72.22389906553177, 43.871856880282934], [-72.22391283333042, 43.87184782518914], [-72.22392776172191, 43.87183978993254], [-72.22394370693803, 43.8718328518966], [-72.22396051541821, 43.87182707789803], [-72.22447260551311, 43.87167295916763], [-72.22448714151814, 43.871669080337995], [-72.2245020667552, 43.871666072998444], [-72.22479228356205, 43.87161674246715], [-72.22481058447248, 43.87161431016226], [-72.22482912681464, 43.87161318723847], [-72.22484773201684, 43.87161338451005], [-72.22486622090204, 43.87161490007722], [-72.22488441541337, 43.87161771934431], [-72.22490214032888, 43.87162181516045], [-72.22491922494889, 43.871627148080925], [-72.22493550474006, 43.87163366674714], [-72.2249508229197, 43.87164130838113], [-72.22496503196585, 43.87164999939019], [-72.22497799503779, 43.87165965607562], [-72.22498958729402, 43.871670185438674], [-72.2249996970945, 43.87168148607625], [-72.22500822707583, 43.87169344915745], [-72.22501509508889, 43.87170595947159], [-72.22502023499008, 43.87171889653783], [-72.2250235972783, 43.871732135765384], [-72.22502514957169, 43.87174554965339], [-72.22502487691966, 43.871759009018845], [-72.22502278194675, 43.87177238424069], [-72.22501888482748, 43.871785546508136], [-72.22501322309215, 43.87179836906115], [-72.22500585126535, 43.8718107284113], [-72.22499684034096, 43.87182250553095], [-72.22498627709847, 43.87183358699963], [-72.22497426326726, 43.87184386609634], [-72.22496091454686, 43.8718532438273], [-72.2249463594928, 43.87186162987941], [-72.2249307382785, 43.871868943489986], [-72.22491420134529, 43.87187511422454], [-72.22489690795358, 43.871880082655174], [-72.22487902464908, 43.8718838009329], [-72.2246039271841, 43.87193056153182], [-72.22410617607795, 43.872080364852025], [-72.22408866614185, 43.87208491922605], [-72.22407062343518, 43.87208821009066], [-72.22405222172011, 43.87209020575281], [-72.22403363821643, 43.872090886993064], [-72.22401505189464, 43.87209024725066], [-72.2239966417524, 43.87208829268671]]]}}, {"type": "Feature", "properties": {}, "geometry": {"type": "Polygon", "coordinates": [[[-72.23001230167124, 43.874003762267165], [-72.22993646409843, 43.874154234914265], [-72.22986618401573, 43.874368536463365], [-72.22986055821049, 43.874382395941765], [-72.22985294878426, 43.87439575060188], [-72.2298434401224, 43.874408452343786], [-72.22978171569103, 43.87448144305944], [-72.2297240419236, 43.87457896097389], [-72.22971798967086, 43.87458822196321], [-72.2296209465994, 43.87472340588286], [-72.22943695393971, 43.87502617565861], [-72.22942853695692, 43.87503834823357], [-72.22936456379729, 43.87512041660548], [-72.2292956825566, 43.87525318784784], [-72.2292892234584, 43.8752641620347], [-72.22928147082598, 43.87527468882455], [-72.22917072180867, 43.8754104874376], [-72.22916077977511, 43.87542144562504], [-72.22914943718796, 43.87543166732406], [-72.22913679762169, 43.87544105919486], [-72.22912297649442, 43.87544953547526], [-72.2290025562975, 43.875516504487386], [-72.22885892147363, 43.87561137996409], [-72.22883721649579, 43.87562374515542], [-72.2286148596507, 43.875732419288966], [-72.22861059003918, 43.87574325301652], [-72.2286034869691, 43.875756154617804], [-72.22859461689576, 43.87576847056104], [-72.22858407073848, 43.875780074604855], [-72.22857195659705, 43.87579084780492], [-72.22855839864363, 43.87580067973325], [-72.22854353585011, 43.87580946961003], [-72.22845209538129, 43.87585817646635], [-72.22830991148764, 43.87595209175922], [-72.22829821556766, 43.875959213434676], [-72.22828576454765, 43.87596563040543], [-72.2282628398485, 43.87597646480235], [-72.22795118117358, 43.87619207821756], [-72.22795104044393, 43.87619217547737], [-72.22765050509351, 43.87639966437108], [-72.22763642937548, 43.87640846912141], [-72.22762122836704, 43.87641623347921], [-72.22760504846262, 43.876422882669075], [-72.22758804548417, 43.87642835265529], [-72.22757038318052, 43.87643259075857], [-72.22755223165026, 43.87643555616341], [-72.22753376570371, 43.876437220311146], [-72.22751516317916, 43.87643756717503], [-72.22749660323038, 43.87643659341453], [-72.22747826460099, 43.8764343084076], [-72.22746032390319, 43.87643073416022], [-72.22744295391676, 43.8764259050946], [-72.22742632192507, 43.876419867717544], [-72.22741058810402, 43.87641268017268], [-72.22739590397944, 43.876404411680376], [-72.22738241096776, 43.876395141871164], [-72.22737023901414, 43.876384960018825], [-72.22735950534094, 43.87637396418057], [-72.2273503133189, 43.87636226025278], [-72.22734275147158, 43.87634996095102], [-72.22733689262289, 43.87633718472463], [-72.22733279319574, 43.87632405461593], [-72.22733049266874, 43.87631069707519], [-72.22733001319607, 43.876297240742964], [-72.22733135939404, 43.87628381521112], [-72.22733451829684, 43.876270549774766], [-72.22733945948134, 43.876257572187164], [-72.22734613536021, 43.87624500742937], [-72.22735448164013, 43.87623297650655], [-72.22736441794117, 43.87622159528273], [-72.22737584857079, 43.87621097336491], [-72.22738866344547, 43.87620121304755], [-72.22768912830084, 43.87599377343868], [-72.22801338682939, 43.87576944373933], [-72.22802655992776, 43.87576113632959], [-72.2280407343974, 43.87575374150332], [-72.22806550656104, 43.875742034003764], [-72.22820375252181, 43.87565072001609], [-72.22821917842556, 43.87564155974068], [-72.22824643304473, 43.87562704229091], [-72.22824915223124, 43.875618648749686], [-72.22825525979543, 43.87560573825681], [-72.22826311045873, 43.87559333061899], [-72.22827262652498, 43.875581548629945], [-72.22828371381642, 43.875570508891514], [-72.22829626260555, 43.87556032065971], [-72.22831014870128, 43.875551084763444], [-72.22832523467784, 43.87554289260671], [-72.2286134271748, 43.87540204256954], [-72.22875276034112, 43.875310008705696], [-72.22876504962119, 43.87530255554657], [-72.22886273559396, 43.87524822981366], [-72.2289464345735, 43.87514560016688], [-72.22901466080025, 43.87501409293945], [-72.2290203285656, 43.875004331199364], [-72.22902702031647, 43.87499491477732], [-72.22909357259658, 43.87490953839112], [-72.22927624898335, 43.874608937416184], [-72.22928155378645, 43.87460092326014], [-72.229378163988, 43.87446634341281], [-72.22943845838701, 43.874364395368545], [-72.22945103904429, 43.87434676996458], [-72.22950416844371, 43.87428394352683], [-72.22957003092108, 43.874083116032516], [-72.22957638086487, 43.87406779419299], [-72.22966416549635, 43.87389361888994], [-72.22967018307828, 43.8738830660178], [-72.22967739283833, 43.87387291165549], [-72.22968574483987, 43.87386322613384], [-72.22969474583262, 43.873853695493935], [-72.22969893422156, 43.873841508559956], [-72.22970364264499, 43.87382998874425], [-72.22971367216354, 43.873808895149935], [-72.22973490126226, 43.87374691379553], [-72.22974025722995, 43.873734022642076], [-72.22974733410805, 43.873721573327295], [-72.2297560637415, 43.8737096857446], [-72.22976636205847, 43.873698474377505], [-72.22977812988005, 43.87368804719723], [-72.22979125387543, 43.87367850462277], [-72.2298056076534, 43.873669938553896], [-72.22982105297945, 43.87366243148612], [-72.2298374411071, 43.87365605571619], [-72.22985461421044, 43.87365087264589], [-72.22987240690391, 43.87364693219071], [-72.2298906478352, 43.873644272299146], [-72.22990916133533, 43.87364291858725], [-72.2299277691103, 43.8736428840919], [-72.22994629195837, 43.87364416914534], [-72.22996455149556, 43.87364676137186], [-72.22998237187366, 43.873650635807074], [-72.22999958147375, 43.8736557551383], [-72.23001601455881, 43.87366207006391], [-72.23003151286994, 43.873669519768065], [-72.23004592715043, 43.87367803250645], [-72.23005911858307, 43.873687526297175], [-72.23007096012721, 43.87369790971028], [-72.23008133774202, 43.87370908274826], [-72.23009015148496, 43.87372093780905], [-72.23009731647416, 43.87373336072231], [-72.23010276370601, 43.873746231848884], [-72.2301064407197, 43.87375942723304], [-72.23010831210236, 43.8737728197962], [-72.23010835983044, 43.87378628056072], [-72.230106583443, 43.87379967989208], [-72.23010300004646, 43.87381288874732], [-72.23007975434882, 43.873880759058125], [-72.23007500958194, 43.87389238501926], [-72.23006495554606, 43.873913530447545], [-72.23005454976277, 43.87394380862769], [-72.23004976023115, 43.873955498801585], [-72.23004355453922, 43.87396683511299], [-72.23003598172127, 43.87397772798659], [-72.2300271016142, 43.873988091350924], [-72.23001230167124, 43.874003762267165]]]}}, {"type": "Feature", "properties": {}, "geometry": {"type": "Polygon", "coordinates": [[[-72.21559464788176, 43.88368292316839], [-72.21559534226719, 43.88368215034749], [-72.21570905572946, 43.88355651770105], [-72.21571215247894, 43.88355320286471], [-72.2158111336146, 43.883450511514305], [-72.21589790267542, 43.883352261665515], [-72.21589835500905, 43.88335175196468], [-72.21601607957079, 43.88321973869395], [-72.21601799968502, 43.88321762844112], [-72.21603557218897, 43.883198697766474], [-72.21611793555726, 43.8831099643406], [-72.21612588608035, 43.88310202715603], [-72.21621594600815, 43.883018565431634], [-72.21633156465371, 43.882889832433875], [-72.2163319955041, 43.8828893548877], [-72.21644006000462, 43.88277012028054], [-72.21650360128379, 43.88269411521604], [-72.21651121907908, 43.88268571422411], [-72.21656937061137, 43.88262643751038], [-72.21663024828362, 43.88256000618225], [-72.21664236543705, 43.882548208705856], [-72.21665615816406, 43.88253741663641], [-72.21682982898551, 43.88241535162277], [-72.21684191398982, 43.88240755494202], [-72.21695522043171, 43.8823405126138], [-72.21696069686986, 43.88233739200687], [-72.21710094704703, 43.88226045320113], [-72.21721074630527, 43.882198141764], [-72.21744472768286, 43.88205298210651], [-72.21745259742144, 43.88204835806598], [-72.2176775391499, 43.88192325669586], [-72.21786442021754, 43.88181437124329], [-72.21815162599599, 43.88164566896276], [-72.21827792285406, 43.88154916138506], [-72.2183505524126, 43.881493663227836], [-72.21865449724606, 43.881261074595194], [-72.21867463658037, 43.881247733730866], [-72.21875914758142, 43.8811993620541], [-72.21875968072574, 43.88119905801807], [-72.21884815254741, 43.88114879063644], [-72.21885163395078, 43.881146859274], [-72.21893217151815, 43.88110324070621], [-72.21894645630546, 43.88109621508038], [-72.21907468618913, 43.88103914613135], [-72.21918457574218, 43.88098501277112], [-72.21919621496835, 43.88097971543373], [-72.21931365325995, 43.88093047199409], [-72.21932236002517, 43.88092703792053], [-72.21943839292048, 43.8808840807218], [-72.21957455299659, 43.88082344442178], [-72.21957761149966, 43.880822110934176], [-72.21972408328136, 43.88075960240712], [-72.21972674908254, 43.88075848575598], [-72.21985566725844, 43.880705491060276], [-72.2199486254636, 43.88065934151959], [-72.22004084336518, 43.88060369601466], [-72.22005099826656, 43.88059797963735], [-72.220160721328, 43.880540429062044], [-72.22031948640213, 43.88043795547435], [-72.22042453727505, 43.880363821624194], [-72.22055664282863, 43.88026188967849], [-72.2205578009899, 43.88026100396682], [-72.22069391478331, 43.880157832052355], [-72.22069490478924, 43.88015708727933], [-72.22081874315427, 43.88006462406166], [-72.22098870935764, 43.87992387804918], [-72.2210839365389, 43.8798250618501], [-72.22108768663853, 43.87982130717424], [-72.2212013211119, 43.87971148879515], [-72.22121240853093, 43.87970174278467], [-72.22137367289544, 43.87957258962987], [-72.22139227232876, 43.87955959621749], [-72.22158689228121, 43.87944107826575], [-72.22174883952016, 43.879328417961986], [-72.22175197438968, 43.87932628613941], [-72.22188663961464, 43.87923676879301], [-72.22202367348433, 43.87912644746927], [-72.22204020610596, 43.87911467363723], [-72.22216263066674, 43.87903756783145], [-72.22217467873143, 43.87903058258657], [-72.22232935502177, 43.87894815475067], [-72.2223437680763, 43.87894118592943], [-72.22249962173298, 43.87887307136396], [-72.22250476156705, 43.87887090391045], [-72.22266296145062, 43.87880657498741], [-72.22266441696098, 43.878805989200686], [-72.22279709633285, 43.87875314138302], [-72.22289787395064, 43.878710589803376], [-72.22297162328354, 43.87867663818821], [-72.22306673363654, 43.87861545533935], [-72.22323504437627, 43.87850453421345], [-72.22333766143667, 43.878409604561256], [-72.22334533559635, 43.87840294972107], [-72.22366644988733, 43.87814172475443], [-72.22366798833362, 43.878140488406736], [-72.22393574443382, 43.87792791585165], [-72.22393789698803, 43.87792623532938], [-72.22414018690908, 43.877770926732815], [-72.2241409022224, 43.877770380556], [-72.22433698715383, 43.877621479590495], [-72.22444583177437, 43.87752850655551], [-72.2244605853664, 43.87751726014218], [-72.2244769992737, 43.87750728990341], [-72.224576914244, 43.87745325826944], [-72.22458043144508, 43.87745140139972], [-72.2246991676181, 43.87739021468574], [-72.2247148353943, 43.877382951760296], [-72.22473141188256, 43.87737683466002], [-72.224748737443, 43.87737192229558], [-72.22476664522186, 43.87736826197544], [-72.22478496275855, 43.877365888950266], [-72.22480351364628, 43.87736482607343], [-72.2248221192311, 43.87736508358097], [-72.22484060033227, 43.877366658992926], [-72.22485877896787, 43.877369537137355], [-72.22487648006884, 43.877373690296345], [-72.22489353316489, 43.877379078472934], [-72.22490977402619, 43.877385649776386], [-72.22492504624502, 43.87739334092183], [-72.224939202742, 43.87740207783974], [-72.22495210718246, 43.87741177638925], [-72.22496363528961, 43.87742234316847], [-72.22497367604115, 43.87743367641398], [-72.22498213273862, 43.877445666980805], [-72.2249889239387, 43.877458199393594], [-72.2249939842375, 43.87747115295866], [-72.22499726490055, 43.87748440292633], [-72.2249987343321, 43.877497821692295], [-72.22499837837951, 43.87751128002659], [-72.22499620046958, 43.87752464831806], [-72.22499222157558, 43.87753779782266], [-72.2249864800153, 43.87755060190329], [-72.22497903108213, 43.87756293724939], [-72.22496994651254, 43.87757468506448], [-72.22495931379525, 43.87758573221035], [-72.22494723532874, 43.877595972296504], [-72.22493382743502, 43.87760530670489], [-72.22491921923952, 43.877613645539604], [-72.22480225618713, 43.87767391864726], [-72.22472133434646, 43.877717679348166], [-72.22462282531775, 43.877801824229], [-72.22461541904599, 43.87780778802758], [-72.22441586921018, 43.87795932066841], [-72.22421502196391, 43.87811352218782], [-72.22394910700635, 43.878324633826054], [-72.22363273947182, 43.87858199832289], [-72.22352396358218, 43.87868262585686], [-72.22351361931072, 43.8786914075265], [-72.22350229138353, 43.8786995293456], [-72.2233213165788, 43.87881879676937], [-72.22331962249025, 43.87881989981251], [-72.22321229321383, 43.87888894305414], [-72.22320055884741, 43.878895903770946], [-72.22318809255492, 43.87890216348199], [-72.22309843627269, 43.87894343816936], [-72.22309221672086, 43.87894618146494], [-72.22298624389126, 43.8789909266895], [-72.22298211713375, 43.878992619436275], [-72.22284808890709, 43.87904600458293], [-72.22269320799711, 43.87910898398645], [-72.22254732734191, 43.879172740025346], [-72.22240585768408, 43.87924813012013], [-72.22229802543205, 43.879316045531525], [-72.22216269587248, 43.87942499515219], [-72.22214995274153, 43.87943431688682], [-72.2220101917568, 43.87952722186114], [-72.22184527455994, 43.879641948579085], [-72.22183595589007, 43.879648015288495], [-72.22164645121129, 43.87976341849523], [-72.22149972686506, 43.87988092729295], [-72.22139324492376, 43.87998383383048], [-72.22129392104245, 43.88008690166439], [-72.22128117290411, 43.88009870081894], [-72.22110117028859, 43.88024775839915], [-72.22109455157648, 43.88025296219313], [-72.2209678080701, 43.88034759484158], [-72.22083276918096, 43.88044995234757], [-72.22069834657987, 43.880553672472736], [-72.22069242488034, 43.88055804207693], [-72.22058132512682, 43.8806364448309], [-72.22057515576884, 43.880640608806935], [-72.22040607894579, 43.880749738309746], [-72.22039114426414, 43.88075843791651], [-72.22027886082854, 43.8808173315516], [-72.22018475496068, 43.880874116404414], [-72.22017058908912, 43.880881879786486], [-72.22006366944794, 43.88093496063968], [-72.22005005525709, 43.88094112285842], [-72.21991548826927, 43.8809964396996], [-72.21977188067727, 43.88105772598054], [-72.2196308750673, 43.88112052022672], [-72.21961785474167, 43.881125818727625], [-72.21949958243367, 43.88116960504418], [-72.21939238762101, 43.88121455331457], [-72.21928455504029, 43.88126767345839], [-72.21927718537091, 43.88127112598668], [-72.21915257890981, 43.8813265824134], [-72.21908071833937, 43.881365501656084], [-72.21899423860087, 43.881414637292984], [-72.21892072911615, 43.881456712116545], [-72.2186261414672, 43.88168214106525], [-72.21855337256542, 43.881737745942644], [-72.21841854045017, 43.88184077593125], [-72.21840036610693, 43.88185296004574], [-72.21810322965293, 43.882027495949444], [-72.21810264537692, 43.88202783776007], [-72.21791380157354, 43.88213786703761], [-72.21791043180178, 43.88213978538603], [-72.21768781021079, 43.88226359668172], [-72.21745453410675, 43.88240831913873], [-72.21744813157241, 43.882412118872026], [-72.21733385034996, 43.882476973980616], [-72.21733138843513, 43.88247834769069], [-72.2171926771777, 43.88255444243208], [-72.21708834200355, 43.88261617669438], [-72.21693511866935, 43.88272387048099], [-72.21688385094062, 43.882779815488206], [-72.21688044249014, 43.88278340956631], [-72.21682456912025, 43.88284036434189], [-72.21676283815047, 43.88291420446686], [-72.21675915983693, 43.88291842873657], [-72.21664941949733, 43.88303951311524], [-72.21652953900532, 43.883172992140985], [-72.21652000561156, 43.88318266293786], [-72.21642906084536, 43.883266945075505], [-72.21635047570808, 43.88335160852788], [-72.21633387340913, 43.88336949411194], [-72.21621732281852, 43.88350019169508], [-72.21612871840658, 43.8836005203357], [-72.21612446775691, 43.883605125793046], [-72.21602487908305, 43.88370844801607], [-72.21591302993343, 43.883832021652594], [-72.21581933722534, 43.883937068725174], [-72.21574646968055, 43.884118913760034], [-72.21574057832838, 43.88413135216554], [-72.21573306746032, 43.884143325456144], [-72.21563299397499, 43.88428445642575], [-72.21552621251234, 43.88444311915738], [-72.21546844671747, 43.884427312198575], [-72.2153252165416, 43.884374573114705], [-72.2152681709603, 43.88435922030535], [-72.21517819815097, 43.88433455541743], [-72.2151837145811, 43.88432522126889], [-72.21518461736086, 43.88432387994555], [-72.21529282253097, 43.884163103130746], [-72.21529459247591, 43.88416054154679], [-72.2153872455903, 43.88402987639602], [-72.21546276740355, 43.883841410239754], [-72.215468732357, 43.88382883804369], [-72.21547635174579, 43.883816742453774], [-72.21548555402059, 43.88380523705134], [-72.21559464788176, 43.88368292316839]]]}}, {"type": "Feature", "properties": {}, "geometry": {"type": "Polygon", "coordinates": [[[-72.23130166886631, 43.8724885673315], [-72.23123578865594, 43.87252062824479], [-72.23123030514341, 43.87252319866045], [-72.23102087246139, 43.87261770444297], [-72.23081726353558, 43.87270958054769], [-72.23075424160723, 43.872769560861315], [-72.23074247143532, 43.872779706206295], [-72.23072940349829, 43.87278898303203], [-72.230715159642, 43.87279730484069], [-72.23069987267685, 43.872804594039096], [-72.23068368513945, 43.87281078266211], [-72.23066674796354, 43.87281581300651], [-72.23064921907267, 43.87281963816891], [-72.23040785841403, 43.87286323234388], [-72.2303896055963, 43.87286584834876], [-72.23037108621612, 43.872867157519444], [-72.23035247862646, 43.872867147247824], [-72.23033396202982, 43.87286581763285], [-72.23031571475234, 43.87286318147948], [-72.23029791252641, 43.87285926417555], [-72.2302807267982, 43.87285410344703], [-72.23026432307655, 43.87284774899491], [-72.23024885933896, 43.87284026201638], [-72.23023448451009, 43.87283171461555], [-72.23022133702769, 43.872822189108994], [-72.23020954350915, 43.87281177723298], [-72.23019921753227, 43.87280057926001], [-72.2301904585414, 43.87278870303308], [-72.23018335088969, 43.87277626292711], [-72.23017796302686, 43.87276337874744], [-72.23017434683993, 43.872750174576], [-72.23017253715365, 43.87273677757634], [-72.23017255139506, 43.87272331676897], [-72.23017438942578, 43.87270992178882], [-72.23017803354338, 43.872696721636785], [-72.23018344865186, 43.872683843437365], [-72.23019058259977, 43.87267141121444], [-72.23019936668244, 43.87265954469676], [-72.23020971630365, 43.87264835816502], [-72.23022153179043, 43.872637959351266], [-72.23023469935295, 43.87262844840129], [-72.2302490921804, 43.87261991691031], [-72.23026457166222, 43.87261244704082], [-72.23028098872302, 43.872606110731326], [-72.23029818525822, 43.872600969003614], [-72.23031599565665, 43.87259707137503], [-72.2304926747777, 43.87256515993714], [-72.23053642127726, 43.87252352491131], [-72.2305474457743, 43.87251396606354], [-72.2305596228726, 43.87250516965325], [-72.23057285226878, 43.87249720813659], [-72.23058702499179, 43.872490147092634], [-72.23082016970115, 43.872384943522654], [-72.23102682904178, 43.87229168934001], [-72.23109026172793, 43.87226081957533], [-72.23109078981891, 43.87226056350676], [-72.23173903457375, 43.87194736761651], [-72.23214317221066, 43.87175039192863], [-72.23215714390055, 43.87174419967657], [-72.23241898270547, 43.87163912830739], [-72.23243407776175, 43.87163369120389], [-72.23272667808823, 43.87153980124907], [-72.23274266947335, 43.87153528490074], [-72.23295051397415, 43.87148430004277], [-72.23295709229288, 43.87148278239062], [-72.23319253994474, 43.871431860681646], [-72.23320941722334, 43.87142881300073], [-72.23340608101752, 43.87140016094623], [-72.23342448020205, 43.871398154092546], [-72.23344306269932, 43.871397461544426], [-72.23346164955103, 43.871398089971414], [-72.23348006175678, 43.87140003332149], [-72.2334981219982, 43.87140327287925], [-72.23351565634633, 43.87140777744619], [-72.23353249593677, 43.871413503641136], [-72.23354847859586, 43.871420396318044], [-72.23356345040243, 43.871428389097076], [-72.23357726717015, 43.87143740500378], [-72.23358979583612, 43.87144735721051], [-72.2336009157423, 43.871458149872524], [-72.23361051979758, 43.87146967905099], [-72.23361851550908, 43.871481833714014], [-72.23362482587295, 43.871494496805845], [-72.23362939011596, 43.87150754637433], [-72.23363216428092, 43.87152085674516], [-72.2336331216499, 43.8715342997323], [-72.23363225300172, 43.871547745872505], [-72.23362956670066, 43.87156106567205], [-72.23362508861614, 43.87157413085385], [-72.23361886187347, 43.871586815592835], [-72.23361094643862, 43.87159899772778], [-72.2336014185408, 43.87161055993773], [-72.23359036993827, 43.871621390871844], [-72.23357790703477, 43.87163138622196], [-72.23356414985474, 43.87164044972689], [-72.23354923088748, 43.87164849409972], [-72.23353329381113, 43.871655441868334], [-72.23351649210905, 43.87166122612152], [-72.23349898759157, 43.87166579115341], [-72.23348094883775, 43.87166909299999], [-72.2332928195967, 43.87169650165992], [-72.23306902122144, 43.871744903916564], [-72.23287258316692, 43.871793090764825], [-72.23259555093945, 43.871881985274435], [-72.23234826264557, 43.87198121789064], [-72.23195060679029, 43.87217503467178], [-72.23194996965819, 43.87217534385283], [-72.23130166886631, 43.8724885673315]]]}}, {"type": "Feature", "properties": {}, "geometry": {"type": "Polygon", "coordinates": [[[-72.26626226237407, 43.87138049703472], [-72.26627651129357, 43.87137184027683], [-72.26629186450852, 43.871364235560996], [-72.2663081741595, 43.87135775612434], [-72.26632528317634, 43.87135246436707], [-72.2663430267907, 43.87134841125133], [-72.26636123412285, 43.87134563581061], [-72.26637972982739, 43.87134416477377], [-72.26639833578177, 43.871344012307574], [-72.26641687280168, 43.87134517988036], [-72.26643516236673, 43.871347656247835], [-72.26645302833951, 43.8713514175614], [-72.266470298662, 43.87135642759779], [-72.26648680701244, 43.871362638107904], [-72.26650239440708, 43.8713699892815], [-72.26651691073128, 43.87137841032318], [-72.26653021618517, 43.87138782013412], [-72.26654218262999, 43.871398128093126], [-72.26655269482211, 43.87140923492937], [-72.2665616515229, 43.87142103367835], [-72.26656896647381, 43.87143341071205], [-72.26657456922702, 43.87144624683315], [-72.2665784058239, 43.87145941842307], [-72.26658043931485, 43.87147279863235], [-72.266580650115, 43.87148625860236], [-72.26657903619302, 43.87149966870624], [-72.26654486241047, 43.871680417067296], [-72.26654329684293, 43.87168736459846], [-72.2665105662767, 43.87181232874336], [-72.26650991670748, 43.87181469482762], [-72.26648722428683, 43.871893709868935], [-72.26648302558249, 43.871905621700655], [-72.26644761051514, 43.8719900873624], [-72.26642190048864, 43.872052369971854], [-72.26640825241952, 43.872101017902494], [-72.26639999893047, 43.872164699677576], [-72.26639512462766, 43.87222429194861], [-72.26639846777954, 43.87232625547009], [-72.2663985197301, 43.8723289878076], [-72.26639925073157, 43.87246842617297], [-72.26641636519123, 43.87265049351295], [-72.26641656741583, 43.872652977479476], [-72.26642834066948, 43.87282400943437], [-72.26642814964679, 43.87284001740182], [-72.26641671931382, 43.8729632096838], [-72.26641619545128, 43.87296773380221], [-72.26640076811722, 43.873078828882136], [-72.26638686299646, 43.87320441530224], [-72.26638620551667, 43.87320926796811], [-72.26637112400779, 43.87330332652937], [-72.26637099611892, 43.873304104701305], [-72.26634875347096, 43.873436224851716], [-72.26634560029771, 43.87344949101076], [-72.26634066479936, 43.87346246971266], [-72.26633399450644, 43.87347503596521], [-72.26632565365658, 43.87348706874824], [-72.266315722576, 43.8734984521791], [-72.26630429690593, 43.873509076628736], [-72.2662914866815, 43.873518839777475], [-72.26627741527211, 43.87352764760039], [-72.26626221819333, 43.87353541527293], [-72.26624604180174, 43.873542067987735], [-72.26622904188544, 43.87354754167514], [-72.26621138216377, 43.873551783620215], [-72.26619323271049, 43.87355475297048], [-72.26617476831585, 43.87355642112926], [-72.26615616680326, 43.87355677203118], [-72.2661376073167, 43.87355580229682], [-72.26611926859535, 43.87355352126533], [-72.26610132725229, 43.87354995090445], [-72.26608395607353, 43.8735451255989], [-72.26606732235392, 43.87353909181937], [-72.266051586286, 43.873531907674746], [-72.26603689941722, 43.8735236423527], [-72.26602340319049, 43.87351437545322], [-72.26601122758188, 43.873504196222044], [-72.26600048984898, 43.87349320269118], [-72.26599129340161, 43.87348150073474], [-72.26598372680598, 43.873469203049346], [-72.26597786293169, 43.873456428068764], [-72.26597375825007, 43.87344329882328], [-72.26597145229036, 43.873429941754914], [-72.26597096725902, 43.87341648549963], [-72.2659723078259, 43.87340305964855], [-72.26599448580926, 43.87327132852613], [-72.2660091171129, 43.87318008133736], [-72.26602290676696, 43.87305554487338], [-72.26602325102844, 43.87305278608687], [-72.26603855674006, 43.87294257184496], [-72.26604903533922, 43.872829644739156], [-72.26603789989356, 43.87266786341927], [-72.26602049083066, 43.87248264954156], [-72.26602005537497, 43.872473863832596], [-72.26601930938406, 43.87233139391816], [-72.26601582541123, 43.87222511490667], [-72.26601610323152, 43.87221376030924], [-72.26602163455023, 43.87214614072617], [-72.2660221314542, 43.87214143851938], [-72.2660316353219, 43.87206811271222], [-72.26603459580936, 43.87205363503614], [-72.26605195651382, 43.871991754953555], [-72.26605609607263, 43.87197978860887], [-72.26608436524855, 43.87191130746579], [-72.26608460044203, 43.871910742156594], [-72.26611766572724, 43.87183188192099], [-72.26613828935575, 43.871760071961425], [-72.2661698034113, 43.871639755275005], [-72.26620331959404, 43.87146249205951], [-72.26620674277578, 43.87144926097966], [-72.26621194216511, 43.871436336340786], [-72.26621886768805, 43.871423842613986], [-72.26622745264713, 43.87141190012035], [-72.26623761436379, 43.87140062387227], [-72.26624925497468, 43.87139012246577], [-72.26626226237407, 43.87138049703472]]]}}, {"type": "Feature", "properties": {}, "geometry": {"type": "Polygon", "coordinates": [[[-72.23769980151667, 43.87558821267148], [-72.23770571787675, 43.875593324567824], [-72.23781351756391, 43.87569120391865], [-72.23794098602052, 43.87579318882058], [-72.23813147490236, 43.87594040887647], [-72.23814425672602, 43.875951386134034], [-72.23838291879403, 43.876179590781184], [-72.23839026183279, 43.876187125517475], [-72.23876168974583, 43.876596821266205], [-72.23877111881549, 43.87660842612629], [-72.23877892999322, 43.87662064364063], [-72.23878504805226, 43.876633356148254], [-72.23878941407145, 43.876646441221006], [-72.23879198600247, 43.876659772842686], [-72.2387927390751, 43.876673222622614], [-72.23879166603558, 43.87668666103207], [-72.23878877721667, 43.8766999586518], [-72.23878410043807, 43.876712987418294], [-72.23877768073869, 43.87672562185722], [-72.23876957994278, 43.8767377402917], [-72.2387598760647, 43.87674922601427], [-72.23874866255753, 43.87675996841074], [-72.23873604741311, 43.876769864025526], [-72.23872215212215, 43.876778817558026], [-72.23870711050398, 43.876786742780375], [-72.23869106741803, 43.876793563367954], [-72.23867417736855, 43.87679921363437], [-72.23865660301678, 43.876803639164166], [-72.23863851361429, 43.876806797336755], [-72.23862008337301, 43.87680865773706], [-72.23860148978741, 43.876809202448264], [-72.23858291192512, 43.87680842622446], [-72.23856452870234, 43.876806336541186], [-72.2385465171607, 43.87680295352335], [-72.23852905076225, 43.8767983097515], [-72.23851229771893, 43.87679244994797], [-72.23849641937244, 43.876785430546214], [-72.23848156864048, 43.87677731914731], [-72.23846788854408, 43.876768193868905], [-72.23845551083012, 43.87675814259283], [-72.23844455470261, 43.87674726211878], [-72.2380766244302, 43.876341422029746], [-72.23784780288167, 43.87612262567499], [-72.23766298509531, 43.875979788016224], [-72.23766077103461, 43.875978047006505], [-72.2375282390064, 43.87587201044093], [-72.23752058618405, 43.87586548986695], [-72.23741197314476, 43.87576687158303], [-72.23735216308667, 43.875717674061825], [-72.23733776261375, 43.87570582834043], [-72.2371102290879, 43.875544741837274], [-72.23693205901242, 43.8754453284799], [-72.23679329200414, 43.875377037946706], [-72.23671709356326, 43.875341955870944], [-72.23653236134393, 43.875264896991446], [-72.23634480817438, 43.875191561832544], [-72.23614277292371, 43.87513114845046], [-72.23583544426042, 43.875059920959785], [-72.23550551333574, 43.874997575806525], [-72.23529556451508, 43.87496121632074], [-72.23529119597166, 43.87496041995227], [-72.23514515559954, 43.87493245847232], [-72.23500430377608, 43.874905446155445], [-72.23498657257481, 43.874901362372924], [-72.23496948010535, 43.87489604104697], [-72.23495319097833, 43.87488953342517], [-72.23493786206764, 43.874881902179865], [-72.23492364099948, 43.8748732208045], [-72.23491066473073, 43.87486357290594], [-72.23489905822991, 43.874853051399135], [-72.23488893327368, 43.87484175761238], [-72.23488038737041, 43.87482980031142], [-72.23487350282109, 43.87481729465195], [-72.23486834592681, 43.874804361070616], [-72.23486496635026, 43.874791124125075], [-72.23486339663742, 43.87477771129456], [-72.2348636519043, 43.87476425175199], [-72.23486572969131, 43.874750875120114], [-72.23486960998702, 43.874737710223116], [-72.23487525542095, 43.87472488384595], [-72.23488261162348, 43.87471251951341], [-72.23489160774952, 43.874700736300426], [-72.2349021571608, 43.87468964768543], [-72.23491415826032, 43.87467936045742], [-72.23492749547069, 43.87466997368762], [-72.23494204034733, 43.87466157777525], [-72.23495765281544, 43.874654253577184], [-72.23497418251887, 43.874648071629], [-72.23499147026827, 43.87464309146593], [-72.23500934957407, 43.87463936104931], [-72.23502764824981, 43.87463691630491], [-72.2350461900704, 43.87463578077677], [-72.23506479646919, 43.87463596540059], [-72.23508328825758, 43.874637468398355], [-72.23510148735078, 43.87464027529547], [-72.23524222748061, 43.874667266194756], [-72.23538605248692, 43.874694803504354], [-72.23559570290726, 43.87473111129814], [-72.23559947976838, 43.87473179511174], [-72.23593629771162, 43.87479544163981], [-72.23594622859737, 43.87479752905264], [-72.23626588331769, 43.87487161323255], [-72.23628046679441, 43.87487547622747], [-72.23649876628869, 43.87494075295864], [-72.23651649476918, 43.874946849489156], [-72.23671498972406, 43.87502446291309], [-72.2367195476568, 43.87502630419574], [-72.23691013279523, 43.87510580444572], [-72.23691722274134, 43.875108913269685], [-72.23699789992784, 43.875146057322134], [-72.23700065028926, 43.87514746536209], [-72.23700420174518, 43.875149034468], [-72.23715005203846, 43.87522081072562], [-72.23715920560754, 43.87522561025128], [-72.23735069329054, 43.87533245418157], [-72.23736751211025, 43.87534303535395], [-72.23756790885191, 43.87548490954298], [-72.2375716040016, 43.8754867540392], [-72.23758581015437, 43.875495448309756], [-72.23759876982841, 43.875505107970355], [-72.2376178582607, 43.87552080890299], [-72.23761786016625, 43.87552081063483], [-72.23761786229723, 43.87552081222328], [-72.23763694842246, 43.875536512267345], [-72.23769980151667, 43.87558821267148]]]}}, {"type": "Feature", "properties": {}, "geometry": {"type": "Polygon", "coordinates": [[[-72.23993825903352, 43.87761097736665], [-72.2400282496516, 43.87764880482879], [-72.24012043646124, 43.8776874501843], [-72.24022762875948, 43.87772786503816], [-72.24031671293616, 43.87775818361209], [-72.24040650189374, 43.877783329129855], [-72.24041639695947, 43.87778633584189], [-72.24053966130589, 43.877826796253665], [-72.24066660080818, 43.87785831938667], [-72.2406699931713, 43.8778591879304], [-72.24075042852073, 43.877880405039306], [-72.24084629065824, 43.877893727650125], [-72.24097675295663, 43.87790391321282], [-72.24097915149531, 43.87790411165274], [-72.24106211568055, 43.877911362847925], [-72.24113498622768, 43.87791403833331], [-72.24122448158703, 43.87791493453843], [-72.2413430741929, 43.87791209388022], [-72.24136168098927, 43.87791230903143], [-72.24138016903535, 43.87791384236471], [-72.24139836028235, 43.877916679113355], [-72.2414160795397, 43.8779207919581], [-72.24143315616229, 43.87792614129027], [-72.24144942569373, 43.877932675593186], [-72.24146473145021, 43.87794033193831], [-72.24147892602934, 43.877949036591275], [-72.24149187272977, 43.87795870572194], [-72.24150344686763, 43.87796924621175], [-72.24151353697738, 43.877980556550405], [-72.24152204588525, 43.877992527813625], [-72.24152889164506, 43.878005044711905], [-72.24153400832752, 43.87801798670099], [-72.24153734665515, 43.87803122914268], [-72.24153887447684, 43.878044644505195], [-72.24153857707766, 43.87805810359128], [-72.24153645732048, 43.8780714767826], [-72.24153253561852, 43.87808463528792], [-72.2415268497388, 43.87809745238341], [-72.24151945443847, 43.87810980463321], [-72.24151042093747, 43.87812157307808], [-72.24149983623269, 43.87813264438106], [-72.24148780226022, 43.8781429119191], [-72.24147443491357, 43.87815227680968], [-72.24145986292767, 43.8781606488634], [-72.24144422663896, 43.87816794745236], [-72.24142767663396, 43.87817410228676], [-72.24141037229903, 43.87817905409184], [-72.24139248028521, 43.878182755178685], [-72.24137417290346, 43.8781851699036], [-72.241355626465, 43.878186275011295], [-72.24123258395338, 43.878189222254534], [-72.2412236832163, 43.8781892842538], [-72.24112624015437, 43.87818830845986], [-72.24111925247945, 43.87818814524953], [-72.24103630309267, 43.8781850997116], [-72.24102316873825, 43.8781842856048], [-72.24093485497747, 43.87817656685056], [-72.24079782974512, 43.878165868893845], [-72.24078239990754, 43.8781641972698], [-72.24066395342122, 43.87814773595164], [-72.24064919869095, 43.87814523943396], [-72.24063476664607, 43.878141898722426], [-72.24054175130355, 43.87811736327704], [-72.24040796145478, 43.87808413895971], [-72.24039117610185, 43.87807931267777], [-72.24026456645205, 43.87803775417505], [-72.24017355792702, 43.87801226709367], [-72.24016129158224, 43.878008467720846], [-72.24006267290623, 43.87797490418221], [-72.24005575570756, 43.87797242437392], [-72.23994137643119, 43.877929299756644], [-72.23993394201193, 43.87792634189775], [-72.23983798673805, 43.87788611672496], [-72.23983779327114, 43.87788603551173], [-72.23973526468532, 43.87784293766142], [-72.2397231324415, 43.87783738309424], [-72.23971161600245, 43.87783118043977], [-72.2395999668259, 43.87776615291092], [-72.23959017011276, 43.877760036954584], [-72.23947724921393, 43.877684528135795], [-72.23946747682666, 43.877677500204896], [-72.23936599394146, 43.877599011042314], [-72.2392292256426, 43.87750410567954], [-72.23922371896104, 43.87750012429264], [-72.23911084060171, 43.87741509007602], [-72.23909917286969, 43.87740543492712], [-72.23902572209434, 43.877338588634146], [-72.23902278829895, 43.87733584825419], [-72.2389659890857, 43.87728138579862], [-72.23895552449393, 43.87727025498676], [-72.23894661856961, 43.87725843582491], [-72.23893935708101, 43.87724604213845], [-72.23893380995939, 43.87723319328567], [-72.23893003062555, 43.877220013008255], [-72.23892805547541, 43.8772066282397], [-72.23892790352953, 43.8771931678827], [-72.23892957625002, 43.87717976156785], [-72.23893305752645, 43.877166538405255], [-72.2389383138311, 43.877153625741], [-72.23894529454184, 43.87714114793086], [-72.23895393242972, 43.87712922514267], [-72.23896414430648, 43.877117972199045], [-72.23897583182568, 43.877107497471556], [-72.23898888242987, 43.87709790183713], [-72.23900317043456, 43.877089277706546], [-72.23901855823868, 43.87708170813444], [-72.23903489764974, 43.877075266019546], [-72.23905203131096, 43.877070013402566], [-72.23906979421663, 43.87706600086877], [-72.23908801530129, 43.87706326706082], [-72.23910651908709, 43.87706183830658], [-72.23912512737361, 43.877061728365646], [-72.23914366095413, 43.877062938296824], [-72.23916194134135, 43.877065456447895], [-72.23917979248628, 43.87706925856784], [-72.23919704247368, 43.87707430804042], [-72.2392135251776, 43.87708055623674], [-72.2392290818613, 43.877087942983636], [-72.2392435627059, 43.87709639714309], [-72.23925682825319, 43.877105837297364], [-72.23926875074872, 43.87711617253306], [-72.23932410711592, 43.877169251246606], [-72.23939054562784, 43.87722971553095], [-72.23949458099824, 43.87730808781885], [-72.23963224944218, 43.87740361750334], [-72.23963947120744, 43.877408907980104], [-72.23973975631407, 43.877486470488456], [-72.23984286031803, 43.877555414672145], [-72.23993825903352, 43.87761097736665]]]}}, {"type": "Feature", "properties": {}, "geometry": {"type": "Polygon", "coordinates": [[[-72.26551481832986, 43.87893607711231], [-72.26551514816609, 43.87895294184385], [-72.26550972413646, 43.879035694970135], [-72.26550575286771, 43.8790970301159], [-72.26550390433793, 43.87911075754246], [-72.26550015926095, 43.87912428129269], [-72.26548017802148, 43.87918136221441], [-72.26547585111463, 43.879191921628376], [-72.2654703669472, 43.879202195907496], [-72.26544889743126, 43.879238061491684], [-72.2654302892031, 43.87927487912454], [-72.26542396709569, 43.87928588082877], [-72.26541634894757, 43.879296444198374], [-72.26540749223486, 43.87930648953573], [-72.26532137912737, 43.87939539165177], [-72.26517433584115, 43.87955454542992], [-72.26516324895569, 43.87956535666816], [-72.26515075042556, 43.879575329808176], [-72.2651369606183, 43.879584368802746], [-72.26512201233749, 43.87959238660097], [-72.26510604954352, 43.87959930598664], [-72.26508922596746, 43.87960506032191], [-72.26507170363031, 43.879609594189056], [-72.2650536512827, 43.879612863924166], [-72.26503524277969, 43.87961483803772], [-72.26501665540641, 43.87961549751778], [-72.26499806817066, 43.879614836013154], [-72.26497966007888, 43.87961285989455], [-72.26496160841225, 43.879609588193205], [-72.26494408701927, 43.87960505241759], [-72.26492726464144, 43.879599296249964], [-72.26491130328829, 43.879592375125746], [-72.26489635667693, 43.879584355699535], [-72.26488256875172, 43.87957531520317], [-72.26487007229805, 43.87956534070206], [-72.2648589876635, 43.879554528256506], [-72.26484942159878, 43.87954298199669], [-72.26484146622974, 43.879530813119814], [-72.26483519817015, 43.87951813881915], [-72.26483067778389, 43.8795050811554], [-72.2648279486037, 43.87949176588121], [-72.26482703691188, 43.879478321230096], [-72.26482795148728, 43.87946487668142], [-72.26483068352083, 43.87945156171348], [-72.2648352067004, 43.8794385045566], [-72.26484147746419, 43.87942583095809], [-72.26484943542037, 43.87941366297137], [-72.26485900392872, 43.87940211778048], [-72.26500720837704, 43.879241708111365], [-72.2650095677582, 43.879239214324166], [-72.26508261717534, 43.87916379942818], [-72.26509458419017, 43.87914012215279], [-72.26509866802515, 43.879132716909524], [-72.26511626373767, 43.87910332294298], [-72.26512780059139, 43.87907036589534], [-72.26513087927671, 43.87902282109409], [-72.26513575832412, 43.8789483893562], [-72.26513054686785, 43.87889866271613], [-72.26509747920477, 43.878787750804705], [-72.26504121400656, 43.87867078496138], [-72.26504032715694, 43.87866889725567], [-72.26492691029499, 43.87842159727778], [-72.26492472478367, 43.878416502404576], [-72.26483456877867, 43.87819092139184], [-72.26483049652708, 43.87817863768441], [-72.26473343278734, 43.87781216800085], [-72.26473083225505, 43.877798839266354], [-72.26473005036392, 43.87778539033535], [-72.26473109464277, 43.87777195072843], [-72.2647339550334, 43.877758649876306], [-72.26473860398752, 43.8777456158733], [-72.26474499673209, 43.877732974243806], [-72.26475307170054, 43.87772084673332], [-72.26476275112574, 43.877709350136044], [-72.26477394178899, 43.87769859517012], [-72.26478653591774, 43.877688685411314], [-72.26480041222355, 43.877679716295596], [-72.26481543707014, 43.877671774199996], [-72.26483146576042, 43.87766493561086], [-72.26484834392994, 43.8776592663871], [-72.26486590903346, 43.877654821126136], [-72.26488399191045, 43.877651642638], [-72.26490241841395, 43.87764976153306], [-72.26492101108789, 43.87764919592725], [-72.26493959087584, 43.87764995126764], [-72.26495797884554, 43.87765202027996], [-72.26497599791193, 43.8776553830386], [-72.26499347454265, 43.87766000715859], [-72.2650102404291, 43.8776658481074], [-72.26502613410743, 43.87767284963383], [-72.26504100251334, 43.87768094430979], [-72.26505470245633, 43.87769005417952], [-72.26506710199854, 43.87770009151042], [-72.26507808172545, 43.87771095963797], [-72.26508753589593, 43.87772255389657], [-72.26509537346055, 43.87773476262754], [-72.2651015189385, 43.87774746825447], [-72.26510591314444, 43.8777605484155], [-72.26520133431627, 43.87812080805302], [-72.26528803975589, 43.87833775202088], [-72.26539986273445, 43.87858157340577], [-72.26545949571994, 43.8787055387467], [-72.26546576635937, 43.87872169916821], [-72.2655040227639, 43.87885001191317], [-72.26550774192019, 43.87886855954588], [-72.26551481832986, 43.87893607711231]]]}}, {"type": "Feature", "properties": {}, "geometry": {"type": "Polygon", "coordinates": [[[-72.24263984691815, 43.878280757621], [-72.2426923102379, 43.878327131814764], [-72.2427334531928, 43.878360407096686], [-72.24278113537392, 43.878395111993925], [-72.2427930589718, 43.87840464505203], [-72.24286216734689, 43.87846539303948], [-72.24291684501429, 43.87851277568336], [-72.24293130225423, 43.878527092031206], [-72.24297323734636, 43.8785748137775], [-72.24298307302452, 43.87858743269286], [-72.24302102483736, 43.87864276520563], [-72.24302851426961, 43.87865519179462], [-72.24303427133968, 43.87866809243944], [-72.24307664115476, 43.878782013091204], [-72.24308077918946, 43.87879601620513], [-72.24308287642604, 43.87881025506024], [-72.24308842125095, 43.87888456945302], [-72.24308866078236, 43.87889463566548], [-72.24308631133057, 43.878981788488375], [-72.2430847849316, 43.878996685932805], [-72.24306615053449, 43.87910103578966], [-72.2430524449027, 43.87918943348273], [-72.24304264746071, 43.879256452930825], [-72.24303191337403, 43.879355114117025], [-72.2430326913139, 43.879384727037035], [-72.24303213147677, 43.87939818174746], [-72.24302975109686, 43.879411531978306], [-72.24302557309737, 43.87942464915938], [-72.24301963771359, 43.87943740696491], [-72.24301200210556, 43.87944968252995], [-72.24300273980752, 43.87946135763379], [-72.24299194001989, 43.8794723198384], [-72.24297970675009, 43.87948246357137], [-72.24296615781104, 43.879491691142526], [-72.24295142368653, 43.8794999136849], [-72.24293564627453, 43.87950705201052], [-72.24291897752069, 43.879513037372966], [-72.24290157795497, 43.879517812129585], [-72.2428836151456, 43.87952133029659], [-72.24286526208536, 43.87952355799189], [-72.24284669552537, 43.87952447376141], [-72.242828094273, 43.87952406878571], [-72.24280963746968, 43.87952234696501], [-72.24279150286571, 43.87951932488147], [-72.24277386510836, 43.87951503163959], [-72.24275689405982, 43.87950950858592], [-72.24274075316141, 43.87950280891082], [-72.2427255978594, 43.8794949971362], [-72.24271157410804, 43.87948614849413], [-72.24269881696387, 43.8794763482023], [-72.24268744928509, 43.87946569064333], [-72.24267758054836, 43.879454278455775], [-72.24266930579445, 43.87944222154561], [-72.24266270471303, 43.87942963602782], [-72.24265784087518, 43.87941664310812], [-72.24265476112129, 43.879403367915664], [-72.24265349510988, 43.87938993829791], [-72.24265254156676, 43.879353632127675], [-72.24265309191412, 43.87934026505994], [-72.2426647522579, 43.879233096518625], [-72.24266521915332, 43.879229433902736], [-72.24267534754156, 43.87916015360496], [-72.24267547758507, 43.8791592902249], [-72.2426894279686, 43.879069317603], [-72.24268980904405, 43.879067033047555], [-72.24270732303899, 43.878968960743684], [-72.24270933558334, 43.878894323043816], [-72.24270523765051, 43.87883939593485], [-72.24267291899187, 43.878752498615455], [-72.2426477837843, 43.87871585199032], [-72.24261781563357, 43.87868174830589], [-72.24257058200887, 43.87864081635124], [-72.2425697345517, 43.8786400767072], [-72.24250585698837, 43.878583926499516], [-72.2424609291686, 43.87855122621825], [-72.2424540869257, 43.878545976995326], [-72.24240684417678, 43.87850776822374], [-72.24240143459798, 43.8785031950018], [-72.24234873336823, 43.878456610313926], [-72.2422863349936, 43.87840573968187], [-72.24224389320632, 43.87837190580121], [-72.2421845379147, 43.87833949523597], [-72.24218416663413, 43.87833929198236], [-72.24209877198139, 43.87829242413253], [-72.24208451690474, 43.878283771290995], [-72.2420715029925, 43.87827414943579], [-72.24205985557577, 43.87826365123102], [-72.24204968682524, 43.878252377780626], [-72.24204109467105, 43.878240437654455], [-72.24203416185965, 43.87822794584284], [-72.2420289551569, 43.87821502264902], [-72.24202552470514, 43.878201792530675], [-72.24202390354037, 43.87818838290125], [-72.24202410727408, 43.87817492290285], [-72.24202613394297, 43.8781615421626], [-72.2420299640279, 43.87814836954428], [-72.242035560642, 43.87813553190719], [-72.24204286988572, 43.87812315288455], [-72.24205182136625, 43.8781113516928], [-72.24206232887529, 43.87810024198351], [-72.24207429121934, 43.87808993074881], [-72.24208759319426, 43.87808051729112], [-72.2421021066948, 43.87807209226673], [-72.2421176919483, 43.87806473681281], [-72.24213419886073, 43.87805852176601], [-72.2421514684622, 43.87805350698024], [-72.2421693344379, 43.87804974075034], [-72.2421876247298, 43.87804725934694], [-72.24220616319347, 43.87804608666716], [-72.24222477129464, 43.87804623400445], [-72.24224326982831, 43.878047699939906], [-72.24226148064469, 43.87805047035585], [-72.24227922836481, 43.87805451857185], [-72.24229634206941, 43.87805980560163], [-72.242312656945, 43.87806628052852], [-72.24232801587107, 43.87807388099581], [-72.24241322492543, 43.87812064688449], [-72.24248660958435, 43.87816071800013], [-72.24250026192514, 43.878168925834025], [-72.2425127933332, 43.87817802117234], [-72.2425679136409, 43.878221962002], [-72.24256932490609, 43.878223099708194], [-72.24263493703445, 43.878276590163225], [-72.24263984691815, 43.878280757621]]]}}, {"type": "Feature", "properties": {}, "geometry": {"type": "Polygon", "coordinates": [[[-72.26328346321215, 43.88146005895534], [-72.26327151799714, 43.88147038099093], [-72.26325823151713, 43.8814798064572], [-72.26324373172825, 43.88148824458133], [-72.26322815827163, 43.88149561409913], [-72.26321166112866, 43.8815018440377], [-72.26319439917657, 43.881506874399], [-72.26317653865829, 43.88151065673759], [-72.26315825158136, 43.881513154627214], [-72.26313971406152, 43.881514344011705], [-72.26312110462644, 43.88151421343657], [-72.26310260249633, 43.88151276415932], [-72.26308438585805, 43.88151001013737], [-72.2630666301489, 43.88150597789363], [-72.26304950636708, 43.8815007062611], [-72.26303317942481, 43.881494246008785], [-72.26301780656014, 43.88148665935281], [-72.26300353582259, 43.88147801935723], [-72.26299050464738, 43.88146840923038], [-72.26297883853181, 43.881457921523456], [-72.26296864982672, 43.88144665723923], [-72.26296003665438, 43.88143472485934], [-72.26295308196364, 43.88142223929946], [-72.26294785273113, 43.881409320802696], [-72.26294439931614, 43.88139609378142], [-72.26294275497581, 43.88138268561928], [-72.26294293554483, 43.88136922544425], [-72.26294493928299, 43.881355842885206], [-72.262948746892, 43.88134266682336], [-72.26295432170139, 43.88132982415122], [-72.26296161002166, 43.881317438550525], [-72.26297054166149, 43.88130562930102], [-72.26310947245572, 43.88114160363869], [-72.2631130076162, 43.88113758805332], [-72.26326346713249, 43.88097305407626], [-72.26335872308286, 43.88083930744964], [-72.26337265882167, 43.88082273533664], [-72.26354525261421, 43.88064683715551], [-72.26364506997035, 43.88051536973232], [-72.2636523077896, 43.88050662372316], [-72.26366042356082, 43.88049829063421], [-72.26377758261197, 43.88038701812132], [-72.26378957084128, 43.88037672233789], [-72.26380289653702, 43.88036732605946], [-72.26381743136545, 43.880358919776896], [-72.26383303534853, 43.88035158444686], [-72.26384955821189, 43.88034539071221], [-72.26386684083198, 43.8803403982216], [-72.26388471676869, 43.880336655055174], [-72.26390301386795, 43.88033419726142], [-72.26392155591985, 43.8803330485101], [-72.26394016435555, 43.88033321986424], [-72.26395865996682, 43.880334709673605], [-72.26397686463204, 43.88033750359063], [-72.26399460303143, 43.880341574708524], [-72.26401170433553, 43.88034688382051], [-72.26402800385027, 43.88035337979719], [-72.26404334460305, 43.88036100007917], [-72.26405757885449, 43.88036967127936], [-72.26407056952117, 43.88037930988982], [-72.26408219149583, 43.880389823085864], [-72.26409233285223, 43.88040110962013], [-72.26410089592305, 43.880413060797515], [-72.26410779824054, 43.88042556152201], [-72.26411297333071, 43.88043849140508], [-72.26411637135358, 43.880451725925134], [-72.26411795958316, 43.88046513762668], [-72.26411772272274, 43.880478597347725], [-72.2641156630522, 43.88049197546383], [-72.26411180040608, 43.88050514313631], [-72.26410617198266, 43.880517973553104], [-72.26409883198572, 43.88053034315001], [-72.26408985110261, 43.88054213280074], [-72.2640793158235, 43.88055322896414], [-72.26397071294997, 43.880656375703666], [-72.26387243875524, 43.88078581156309], [-72.26386086552549, 43.88079917208549], [-72.26368973376194, 43.88097358121085], [-72.26359591053948, 43.881105317177735], [-72.2635854965764, 43.88111817223389], [-72.26343116297112, 43.88128694369213], [-72.26329395212342, 43.8814489397577], [-72.26328346321215, 43.88146005895534]]]}}, {"type": "Feature", "properties": {}, "geometry": {"type": "Polygon", "coordinates": [[[-72.24721552737991, 43.89065323157822], [-72.24719885484375, 43.89065921595224], [-72.24718145149505, 43.89066398967975], [-72.2471634849385, 43.89066750678684], [-72.24714512820292, 43.89066973340164], [-72.24712655807485, 43.89067064808047], [-72.24710795339602, 43.89067024201444], [-72.24708949334087, 43.89066851911421], [-72.24707135569102, 43.89066549597234], [-72.24705371512304, 43.89066120170356], [-72.24703674152624, 43.8906556776643], [-72.24702059836645, 43.89064897705439], [-72.24700544111171, 43.89064116440474], [-72.24699141573508, 43.89063231495589], [-72.24697865730879, 43.89062251393329], [-72.24696728870335, 43.890611855726576], [-72.24695741940432, 43.89060044298052], [-72.24694914445796, 43.89058838560651], [-72.24694254355572, 43.89057579972401], [-72.24693768026701, 43.89056280654223], [-72.24693460142689, 43.890549531192825], [-72.24693333668509, 43.89053610152481], [-72.24693389822058, 43.89052264687329], [-72.2469362806242, 43.89050929681389], [-72.24694046095095, 43.89049617991485], [-72.24694639894089, 43.89048342249889], [-72.24698707206912, 43.89040842862955], [-72.2469877633738, 43.890407172241005], [-72.247220221087, 43.8899906843228], [-72.24722802638763, 43.88997846428353], [-72.24723745032489, 43.889966856368915], [-72.24724840214053, 43.889955972369144], [-72.24726077636217, 43.88994591710267], [-72.24727445381919, 43.88993678740677], [-72.24728930279028, 43.889928671204956], [-72.24730518027208, 43.88992164666027], [-72.24732193335635, 43.88991578142254], [-72.24733940070243, 43.88991113197684], [-72.24735741409123, 43.88990774309963], [-72.24737580004502, 43.8899056474274], [-72.24739438149818, 43.88990486514252], [-72.24741297950237, 43.88990540377874], [-72.2474314149499, 43.889907258148774], [-72.24744951029848, 43.88991041039412], [-72.24746709128114, 43.889914830157146], [-72.24748398858432, 43.8899204748734], [-72.2475000394786, 43.8899272901815], [-72.24751508938564, 43.88993521044668], [-72.247528993367, 43.8899441593929], [-72.24754161751989, 43.88995405083735], [-72.2475528402667, 43.88996478952043], [-72.24756255352591, 43.8899762720232], [-72.24757066375297, 43.889988387763246], [-72.24757709284117, 43.890001020059735], [-72.24758177887396, 43.89001404725702], [-72.2475846767212, 43.89002734389627], [-72.24758575847386, 43.890040781923744], [-72.24758501371286, 43.89005423192389], [-72.24758244960944, 43.89006756436586], [-72.24757809085611, 43.890080650850805], [-72.24757197942897, 43.89009336534853], [-72.24733987369201, 43.89050922701648], [-72.24729954230509, 43.890583591583614], [-72.24729190389542, 43.89059586667885], [-72.24728263855947, 43.89060754121855], [-72.24727183552687, 43.8906185027701], [-72.24725959883635, 43.89062864576739], [-72.24724604633374, 43.89063787252735], [-72.24723130853715, 43.89064609419081], [-72.24721552737991, 43.89065323157822]]]}}]}