{"type": "FeatureCollection", "features": [{"type": "Feature", "properties": {}, "geometry": {"type": "Polygon", "coordinates": [[[-72.3283898024834, 43.8072748648362], [-72.3283146898679, 43.8073379104665], [-72.3282694496854, 43.8074693107719], [-72.328231135912, 43.8075011572774], [-72.3282430797304, 43.8075292386112], [-72.3282229284871, 43.8076661472316], [-72.3281968657686, 43.8077252064059], [-72.3282218166623, 43.8078074609722], [-72.3281947803979, 43.8079310876648], [-72.3280735975806, 43.8080587861386], [-72.3278826588775, 43.8081071381973], [-72.3278325358016, 43.8081396024432], [-72.3277434316787, 43.8081621664021], [-72.3276300010327, 43.8081516138339], [-72.3275224056106, 43.8080736798737], [-72.3274352723757, 43.8079634113526], [-72.3274056117763, 43.8078580968883], [-72.3274063863115, 43.8077759175608], [-72.3275217759959, 43.8076027653812], [-72.3275929423097, 43.8073836084949], [-72.327763489671, 43.807091041683], [-72.32775869326669, 43.80706868307044], [-72.32840017623474, 43.807255572671295], [-72.3283898024834, 43.8072748648362]]]}}, {"type": "Feature", "properties": {}, "geometry": {"type": "Polygon", "coordinates": [[[-72.3233083831681, 43.8179036581822], [-72.3234064059514, 43.8178595988593], [-72.323477166272, 43.8177143596541], [-72.3234404880331, 43.8175670601486], [-72.3234432537908, 43.8174029202822], [-72.3234971650707, 43.8170834809218], [-72.3235865127452, 43.8169693882212], [-72.3237201992535, 43.8169336964886], [-72.32382716036, 43.8169661929667], [-72.3241731207681, 43.8171237650934], [-72.3243310905191, 43.8171285842108], [-72.3244456341164, 43.8170015210012], [-72.3245886577049, 43.8166595183568], [-72.3247038558346, 43.8165233259799], [-72.3248958989288, 43.8163410518558], [-72.3250037625661, 43.816269191807], [-72.3251819021778, 43.8161879731553], [-72.325326302276, 43.8161838371242], [-72.3254402748775, 43.8162074393292], [-72.325545683093, 43.8164042967987], [-72.325530217995, 43.8167242838586], [-72.3255604199337, 43.8168935228477], [-72.3255689222251, 43.8172040171649], [-72.3256000059758, 43.8172725951131], [-72.3256505886901, 43.8173188365108], [-72.3258022272025, 43.8173197230854], [-72.3261332175717, 43.8171341638703], [-72.3262223463033, 43.8170570285638], [-72.3262488489573, 43.816974923652], [-72.326186659916, 43.8168414638975], [-72.3260935017345, 43.8167772680185], [-72.3259806540709, 43.8165577789022], [-72.3259756166406, 43.816433836886], [-72.326001217453, 43.8163506435554], [-72.3270425122875, 43.8167046394673], [-72.3272622504791, 43.8168113874639], [-72.3273433697599, 43.8169168568984], [-72.3272650735842, 43.8171633907829], [-72.3273314997677, 43.8174557928449], [-72.3275137684766, 43.8176574420086], [-72.3273930248812, 43.8176529535331], [-72.3272145658433, 43.8176841674056], [-72.3270687190084, 43.8177287412715], [-72.3269863802546, 43.8177830683825], [-72.3268202895586, 43.8179793375098], [-72.3267428732766, 43.8181252099762], [-72.3267395851293, 43.8181708573027], [-72.3265787459168, 43.8181377685048], [-72.3264321239053, 43.8181590754476], [-72.3262992098198, 43.8182180350429], [-72.3261215112639, 43.8183270859575], [-72.32602394486, 43.8184498521949], [-72.3258643958442, 43.8187185390218], [-72.3257684737053, 43.8188184827912], [-72.3255519002284, 43.8189500282684], [-72.325241611592, 43.8190080252401], [-72.3247891797457, 43.8193073633208], [-72.3245779586974, 43.8195074090661], [-72.3243034477407, 43.8197116140983], [-72.3239870100146, 43.8198378586675], [-72.3232470858742, 43.819967184824], [-72.3232779513508, 43.8199164007432], [-72.3233374346164, 43.8196285029566], [-72.3233406569953, 43.8192812990026], [-72.3233841701091, 43.8188239867617], [-72.3234302903072, 43.8185956207004], [-72.3234200325013, 43.8183810015956], [-72.3233083831681, 43.8179036581822]]]}}, {"type": "Feature", "properties": {}, "geometry": {"type": "Polygon", "coordinates": [[[-72.3004646643693, 43.8009448224137], [-72.3002369267764, 43.8009734527539], [-72.3000163660206, 43.8010653704268], [-72.2995948533717, 43.8010122911288], [-72.2997054251162, 43.8009437236153], [-72.2999196315382, 43.8008515689967], [-72.3003740430751, 43.8007210400255], [-72.3005954472935, 43.8006884774989], [-72.3010676117285, 43.8004751703216], [-72.3012255509237, 43.8004291429384], [-72.3015387854782, 43.8003736054486], [-72.3016241550645, 43.8004669261697], [-72.3017250088748, 43.8006509541739], [-72.3018384744398, 43.8007521891001], [-72.3019267956382, 43.8008081244776], [-72.3020668692829, 43.800863352032], [-72.302223922746, 43.8008634129621], [-72.3025117760165, 43.8009012784413], [-72.302701534376, 43.8009470968903], [-72.3029436071706, 43.801048735476], [-72.3033375079437, 43.8011143261433], [-72.3035270435871, 43.8011971027253], [-72.30381960573, 43.8012071514796], [-72.3039080133477, 43.8012991762431], [-72.3039334821335, 43.8013907849959], [-72.3039323593767, 43.801575578283], [-72.3039705044469, 43.801722231618], [-72.3041351797293, 43.8019623334005], [-72.3041234292199, 43.8020536082945], [-72.3041090786816, 43.8021740067337], [-72.3041345481371, 43.8022656168352], [-72.3041205071971, 43.8023851480934], [-72.3037243776228, 43.8029833026312], [-72.3036981345041, 43.8032680262237], [-72.3037288658098, 43.8032902976796], [-72.3034982016235, 43.8034506748852], [-72.3033412410484, 43.8035338835162], [-72.303097005902, 43.8037361776608], [-72.3029582782494, 43.8039059728272], [-72.30284607675, 43.8039936710051], [-72.302689270014, 43.8041999346466], [-72.3024253690784, 43.8043015040733], [-72.3019749745101, 43.8042172516284], [-72.3017886760085, 43.8041979670862], [-72.3016874334761, 43.8040767679648], [-72.3015778691343, 43.8038809707733], [-72.3014251917389, 43.8037087362389], [-72.3012393094719, 43.803572050734], [-72.3009743464828, 43.8034514211812], [-72.3010971056675, 43.8032213546612], [-72.3011145303563, 43.803143142162], [-72.3010731792255, 43.8028784247698], [-72.3009827926305, 43.8026648603685], [-72.3011804000702, 43.802220013602], [-72.3011463613698, 43.8019964090462], [-72.301055437815, 43.8017226216672], [-72.3009452184444, 43.8015359539812], [-72.3007809872465, 43.801472603559], [-72.3006521655071, 43.801309358009], [-72.3005932870797, 43.8010904591182], [-72.3004646643693, 43.8009448224137]]]}}, {"type": "Feature", "properties": {}, "geometry": {"type": "Polygon", "coordinates": [[[-72.3147237464419, 43.8141070931715], [-72.3152800547318, 43.8142596763764], [-72.3154821495669, 43.8142744247629], [-72.3158587027781, 43.8143710170294], [-72.3161581644537, 43.8144017141589], [-72.3163282893704, 43.8144485414859], [-72.3164519430054, 43.8146774195133], [-72.316469192281, 43.8148831457151], [-72.316523778786, 43.8150707226716], [-72.316515759945, 43.8151987548781], [-72.3164622742574, 43.8154405748904], [-72.3163779156741, 43.8156823002673], [-72.3164955500209, 43.815957252599], [-72.3165903050336, 43.8160568984207], [-72.3161589736413, 43.8161112450044], [-72.315774823336, 43.8164794621169], [-72.3157056242703, 43.8165112109863], [-72.315596361795, 43.8165106606623], [-72.315594679151, 43.81623193013], [-72.3155389768126, 43.8161310977006], [-72.315256673111, 43.8158593379081], [-72.3151946176245, 43.8157582686154], [-72.3151715687744, 43.8156125297856], [-72.3151859422194, 43.8154338603382], [-72.315169922905, 43.8151229086027], [-72.315070353479, 43.814967806363], [-72.3149885781965, 43.8149260297247], [-72.3143503161422, 43.8148629867587], [-72.3142436927307, 43.814825916997], [-72.3141507907067, 43.8147719315909], [-72.3141936672408, 43.8147381466841], [-72.3142005929678, 43.8146422883157], [-72.3143980020515, 43.8145794071188], [-72.3147237464419, 43.8141070931715]]]}}, {"type": "Feature", "properties": {}, "geometry": {"type": "Polygon", "coordinates": [[[-72.3112454408548, 43.8155357022624], [-72.3110651338348, 43.8155721067727], [-72.3110724890333, 43.81510077569], [-72.3110922384202, 43.8149869109501], [-72.3112622290239, 43.8150559206269], [-72.3115343814323, 43.8150982854451], [-72.3117481734424, 43.8151817772975], [-72.3119502918042, 43.8151928361269], [-72.3122403869428, 43.8152717793395], [-72.3123410951367, 43.8152855678753], [-72.3126259803929, 43.8152738339569], [-72.31276479337, 43.815292740346], [-72.3129359979919, 43.8153619689065], [-72.3130167838774, 43.8154174388408], [-72.3131405581343, 43.8156241455743], [-72.3133410749357, 43.8158032573312], [-72.3136061077043, 43.8159238651094], [-72.3140592128475, 43.816077007299], [-72.3141656169304, 43.8161510366608], [-72.3142343347527, 43.8162514746408], [-72.3142717415001, 43.816374863653], [-72.3142759662723, 43.8165301097945], [-72.3142400598159, 43.8165623956507], [-72.3139753590811, 43.8167933501847], [-72.3138565950718, 43.8167614609249], [-72.3137365128217, 43.8166969551679], [-72.3136181868607, 43.8165911467956], [-72.3131344501542, 43.8162955026901], [-72.3128391372859, 43.8160750073795], [-72.3126566522993, 43.8159685669479], [-72.3125186078182, 43.8159220511873], [-72.3122718478699, 43.815884331946], [-72.3121716902959, 43.8158290181035], [-72.3116487562584, 43.8156112997933], [-72.3114275073807, 43.8155597430886], [-72.3112454408548, 43.8155357022624]]]}}, {"type": "Feature", "properties": {}, "geometry": {"type": "Polygon", "coordinates": [[[-72.3171823708351, 43.8203720015351], [-72.3170428665313, 43.8204168005545], [-72.3166546862604, 43.8206436903677], [-72.3164901122412, 43.8206792820298], [-72.3163641952428, 43.8206784638076], [-72.3162754310965, 43.820023988032], [-72.3162327637227, 43.8199190634444], [-72.316176290448, 43.8198458406349], [-72.3160440375673, 43.8197393387978], [-72.3159312713587, 43.8197159485672], [-72.3158976263769, 43.8197236741951], [-72.3156515153855, 43.8197785828325], [-72.3155771869432, 43.8197048696471], [-72.3155465514627, 43.8196132427841], [-72.3155419925665, 43.8194625597762], [-72.3156022956873, 43.8190924855829], [-72.3156674886534, 43.8189194039506], [-72.315807537672, 43.8188330813455], [-72.3159468178002, 43.8187743678186], [-72.3161119370002, 43.8187481284958], [-72.3162260199378, 43.8187532594658], [-72.3163375587586, 43.8188818747194], [-72.3165336452215, 43.8189426942224], [-72.3170893930381, 43.81894068796], [-72.3175392845677, 43.8189757524936], [-72.3177355853605, 43.8189487364927], [-72.3179566647637, 43.8188772239474], [-72.3180403311205, 43.8188046428578], [-72.318028974552, 43.8186767682255], [-72.3178107256642, 43.8183695507253], [-72.3177429634277, 43.8182082406155], [-72.3177707223182, 43.818017216557], [-72.3178598584929, 43.8178892123728], [-72.318222733578, 43.8176900728325], [-72.3182918242012, 43.8176768014614], [-72.3183489747545, 43.8176863231653], [-72.3183607916219, 43.817787457138], [-72.3183337114661, 43.8179147812645], [-72.3185706959349, 43.8182272717415], [-72.3186202710487, 43.8183417821569], [-72.3185880618556, 43.8184145184959], [-72.3185541743332, 43.8186700976517], [-72.3186063430034, 43.8190135543675], [-72.3187751128985, 43.8192423508202], [-72.3188876453925, 43.8193572703041], [-72.3190370652439, 43.8195825297093], [-72.3191108014871, 43.8198614795683], [-72.3190839421694, 43.8200027184083], [-72.3190125324732, 43.8201533892715], [-72.3187376609717, 43.8204675947398], [-72.3186743732333, 43.8204717513098], [-72.3184916495806, 43.820402278254], [-72.3180697067084, 43.8201938023816], [-72.3179432612449, 43.8201799399382], [-72.3178591393547, 43.8203301369867], [-72.3178709330134, 43.8204349667618], [-72.3178568902416, 43.8205581993818], [-72.3178049816466, 43.8206865356839], [-72.317741566567, 43.8207637433542], [-72.3175835648823, 43.8207626123213], [-72.317456898516, 43.8207348333516], [-72.3173775634855, 43.8204826064543], [-72.3172957959247, 43.8203862602799], [-72.3171823708351, 43.8203720015351]]]}}, {"type": "Feature", "properties": {}, "geometry": {"type": "Polygon", "coordinates": [[[-72.297679636201, 43.8311316248507], [-72.297366542929, 43.8308958126559], [-72.2969922075639, 43.8307237268502], [-72.296579006032, 43.8305704323085], [-72.2962292852242, 43.8304814778624], [-72.2952905781414, 43.8303208459173], [-72.2950297671488, 43.8301991248838], [-72.2948819771195, 43.8300129741414], [-72.2946080600041, 43.829808373406], [-72.2944866938218, 43.8297547161766], [-72.2944036475503, 43.8296729182288], [-72.2942378481884, 43.8295593274777], [-72.2942792554876, 43.829911028985], [-72.2943252317769, 43.8301118551813], [-72.2943343519794, 43.8303003884205], [-72.2953081815973, 43.8308014013234], [-72.2955939643238, 43.8308999380622], [-72.2963177244423, 43.8311109755504], [-72.296597916854, 43.8312325382676], [-72.2969486106757, 43.8314095504974], [-72.2970939450697, 43.8315045922736], [-72.2965042606854, 43.8314457465799], [-72.2963318806032, 43.8314160627424], [-72.2961675337651, 43.831360094649], [-72.2960144620551, 43.8313413423988], [-72.2958364340049, 43.8312948983725], [-72.2953354916175, 43.8310839195612], [-72.2951457785224, 43.8310667881169], [-72.2948802797235, 43.83111442238], [-72.2942460298168, 43.8312611041815], [-72.2939040780321, 43.831237394743], [-72.2936094609218, 43.8311964424114], [-72.2932469522599, 43.8310709123343], [-72.2928529255191, 43.8308054773629], [-72.2925923559174, 43.8306939709979], [-72.2920347708873, 43.8304901906069], [-72.2915879386659, 43.8302465418261], [-72.2913343990906, 43.8301733214245], [-72.2914048783444, 43.8299891775514], [-72.2914045099389, 43.8299030772728], [-72.2913837648298, 43.8297836463948], [-72.2912937814281, 43.8296015918816], [-72.2908474805253, 43.8293709890502], [-72.2905304024703, 43.8292445110498], [-72.2904088255935, 43.8291769348901], [-72.290286855655, 43.8290269540899], [-72.2902359954618, 43.8289306904166], [-72.2902525858219, 43.8288439926148], [-72.2903043980339, 43.8287887191497], [-72.2904853902448, 43.8287469076585], [-72.2904373740237, 43.8286317369833], [-72.2905934114097, 43.8283698173303], [-72.2908132339092, 43.8282185516176], [-72.2908510306987, 43.8281773647482], [-72.2908644968828, 43.8281539262106], [-72.2908312627601, 43.8280951160285], [-72.2908303777581, 43.8280431491736], [-72.2904824191862, 43.8280146285391], [-72.2903430849513, 43.8279789560492], [-72.2902333595169, 43.8278561931989], [-72.2902700034969, 43.8277093357055], [-72.2904026542949, 43.8276041002114], [-72.2904703503666, 43.8275258299733], [-72.2904954758992, 43.8274295945735], [-72.2904496473143, 43.8273518277855], [-72.2901724429616, 43.8273852820178], [-72.289742066666, 43.8274656376103], [-72.2896020882291, 43.8273882161698], [-72.289544001824, 43.827334107616], [-72.2894672210118, 43.8272201492284], [-72.2893136772144, 43.8271337694431], [-72.2886340937328, 43.826936319148], [-72.2885703151119, 43.8268728432641], [-72.288424990375, 43.826443836772], [-72.2881865376666, 43.8264769782167], [-72.2878373553247, 43.8264519251054], [-72.2877494641183, 43.8264201124855], [-72.2876471705387, 43.8263199845312], [-72.2876317056481, 43.8260368547958], [-72.2875983010739, 43.825909555125], [-72.2875267473506, 43.8258317041742], [-72.2874001493189, 43.8257456278417], [-72.2872606055004, 43.8256960369734], [-72.2871326401708, 43.8256827915678], [-72.2869060790875, 43.8257985883743], [-72.2868378327969, 43.8258675048182], [-72.2866800782947, 43.8261124559277], [-72.2864546513028, 43.8259056055724], [-72.286454878564, 43.825774285828], [-72.2865100022261, 43.8256261856624], [-72.286528723055, 43.8254427453432], [-72.2866738628722, 43.8252297156301], [-72.2867884225906, 43.8251609503774], [-72.2868374868768, 43.8248702046266], [-72.2868103152412, 43.8246672642592], [-72.2870607193482, 43.8247056949342], [-72.2874280832067, 43.8247266791682], [-72.2875735501497, 43.8247486774228], [-72.2877512176834, 43.8247525177111], [-72.2879147758911, 43.8247380492636], [-72.288148640779, 43.8246633653476], [-72.2882919061617, 43.8245064215119], [-72.2883862920004, 43.8243238804062], [-72.2885427388005, 43.8241406707339], [-72.2886680355966, 43.8240488919948], [-72.2888448425748, 43.8239970692931], [-72.2890223174706, 43.8239832971948], [-72.2893265993908, 43.8240223328535], [-72.2894852230933, 43.8240217616563], [-72.2895985297069, 43.8240073444824], [-72.2898703997552, 43.8239053879519], [-72.2900721559449, 43.823881256246], [-72.290269819199, 43.8239303808031], [-72.2903637342269, 43.8239669939116], [-72.2904859243839, 43.8240800112075], [-72.2907804114412, 43.8244262249925], [-72.2908086890023, 43.8245026305828], [-72.2910497051959, 43.8250249953553], [-72.2914188739512, 43.8249029126475], [-72.291931021529, 43.8248134684561], [-72.2922348386643, 43.8247340038593], [-72.2924299488718, 43.8246596232441], [-72.2927188495043, 43.8244479184513], [-72.2928380389295, 43.8243152434846], [-72.2932457194653, 43.8233075184513], [-72.2933707136197, 43.8231657291374], [-72.2940197635396, 43.8229153927837], [-72.2942480220977, 43.8228637289655], [-72.2945885610594, 43.8226697969239], [-72.2947437007491, 43.8224502691443], [-72.2947917669047, 43.8222166994074], [-72.2947950347238, 43.8218370989028], [-72.294868830376, 43.821603611867], [-72.295036436505, 43.8213743390618], [-72.2955824961252, 43.8208877691675], [-72.2956636443305, 43.8207860608266], [-72.29572503204, 43.8206492854262], [-72.2957248518265, 43.8205807982341], [-72.2957515276222, 43.8205745778969], [-72.2960979357238, 43.8205056773289], [-72.2961797329937, 43.8204457138705], [-72.2963290653651, 43.8201844223632], [-72.2963912583003, 43.8201615748376], [-72.2965001747719, 43.8201704022844], [-72.2967802071805, 43.8203104422674], [-72.2969254518284, 43.8203185154148], [-72.2970520854962, 43.8203500086991], [-72.2971789492911, 43.8203445438943], [-72.2973310957357, 43.8203622044762], [-72.2974135523477, 43.8203911663722], [-72.2973449236923, 43.8204757395293], [-72.297252563135, 43.8206780774133], [-72.2972413123556, 43.8208332769175], [-72.2972037065073, 43.8209429531603], [-72.2971510136453, 43.8212404278254], [-72.2970134233104, 43.8214141409241], [-72.2968561841648, 43.821534305264], [-72.2966799937707, 43.8216352772404], [-72.2963642490196, 43.8217375417129], [-72.2961631149577, 43.8218580009569], [-72.2959678445438, 43.8220091339266], [-72.295829941096, 43.822183714129], [-72.2956460682997, 43.8227421062104], [-72.2955402601349, 43.8228661296237], [-72.2948864603317, 43.8233949699508], [-72.2942319596768, 43.8237913979149], [-72.293981292163, 43.8239897478528], [-72.2934125965499, 43.8247506240319], [-72.2931329497777, 43.8249834492846], [-72.2929796804306, 43.8250960127838], [-72.2928217548087, 43.8251781234251], [-72.2924687788802, 43.8252763465351], [-72.2922118370489, 43.8253144369967], [-72.292115532715, 43.8254661017912], [-72.2920210164545, 43.8255255863032], [-72.2919709419004, 43.8255941296421], [-72.2918664701228, 43.825841432213], [-72.2918609383662, 43.8259514279895], [-72.2919187542004, 43.8260970686058], [-72.2920870606307, 43.8263887352815], [-72.2921147636966, 43.8265575408944], [-72.2921594612115, 43.826671177599], [-72.2921476740994, 43.8268133317634], [-72.2920257212798, 43.8271934219208], [-72.2920478624125, 43.827283505202], [-72.2922380646967, 43.8276078565343], [-72.2922849284624, 43.8277625928336], [-72.2922416413676, 43.8278592048495], [-72.2920396188113, 43.8279239968327], [-72.2919108679497, 43.8279383657954], [-72.292098084638, 43.8281113839388], [-72.2922256860225, 43.8281837606269], [-72.2923092756619, 43.8282749118416], [-72.2923357707396, 43.8284434971693], [-72.2924198678495, 43.8285985710538], [-72.2928848049354, 43.8288020523872], [-72.2932340661865, 43.8289140603516], [-72.2934954145878, 43.8290451357489], [-72.2937126376905, 43.8292134646976], [-72.2942409480886, 43.829401707607], [-72.2943044211291, 43.8293208131553], [-72.2943612600464, 43.8292840344895], [-72.2944812612365, 43.8292652860131], [-72.2946846741916, 43.8292691997868], [-72.2950909595508, 43.8294129117171], [-72.2954454316347, 43.8294666623087], [-72.295578781957, 43.8294429553588], [-72.2958103725632, 43.8293456394125], [-72.2958410575656, 43.8293281263823], [-72.2959466177756, 43.8294408703592], [-72.2961116904055, 43.8294766199003], [-72.2962756671003, 43.8294936673068], [-72.2964535303414, 43.8295659839902], [-72.2965058032761, 43.8296800796403], [-72.2964628159359, 43.829826701369], [-72.2963696515751, 43.8300094705347], [-72.2964407879616, 43.8300594881435], [-72.2966301680401, 43.8300811817879], [-72.2967700917493, 43.8300716271797], [-72.297016015202, 43.8300065321623], [-72.2971181450576, 43.830038167435], [-72.2972132220726, 43.8301332647063], [-72.2973049459541, 43.8303794602386], [-72.2973624003519, 43.8304389991564], [-72.2974386618988, 43.830492726682], [-72.29752810391, 43.8305201890244], [-72.2975783585687, 43.8305201317866], [-72.2975848068219, 43.8305055863096], [-72.2976300177315, 43.8305379078421], [-72.2977003459316, 43.8306701062063], [-72.2979482562304, 43.8307737354579], [-72.2985842242878, 43.8309853501145], [-72.2990151976149, 43.8310558584605], [-72.2991488373049, 43.8311330307667], [-72.2992323252501, 43.8312426586503], [-72.2992967798423, 43.8312970012534], [-72.2993788743641, 43.831337919045], [-72.2994742168671, 43.8313414826512], [-72.2997842966772, 43.8312807174423], [-72.300065712328, 43.8315986083591], [-72.3002059299931, 43.8316899343641], [-72.3008932413886, 43.8319238782033], [-72.3010649777531, 43.8320098661969], [-72.3012223259805, 43.8321219008087], [-72.3009521468765, 43.8321427898707], [-72.3007344187676, 43.8322010233663], [-72.3004814829579, 43.8322241394681], [-72.3002277814274, 43.8322239887996], [-72.2998054475899, 43.8321254650388], [-72.2993920375553, 43.8319545660879], [-72.2991373290898, 43.8318228718101], [-72.2988638260389, 43.8316461104707], [-72.2981641648136, 43.8314034204087], [-72.297679636201, 43.8311316248507]], [[-72.2902483324665, 43.8260023084076], [-72.2901926033495, 43.8260069102846], [-72.2899159695262, 43.8261912555856], [-72.2898331832945, 43.8262140335677], [-72.289668046189, 43.8261421842071], [-72.2895310779737, 43.8258275697602], [-72.2894196642345, 43.825444550568], [-72.2893105089943, 43.8252802631546], [-72.2891580642217, 43.8252125851138], [-72.2889613738832, 43.8252006409658], [-72.2888293893845, 43.8252967461757], [-72.2887875958448, 43.8254435853143], [-72.2887831451581, 43.8257175186996], [-72.2888682614042, 43.8259495627143], [-72.2890095380117, 43.8262048374249], [-72.2892615306772, 43.8265691800544], [-72.2894273698601, 43.8267697441078], [-72.2896123143865, 43.8268692702541], [-72.2898154635349, 43.8269138477606], [-72.2900181086151, 43.826894502129], [-72.2900936618455, 43.826866699983], [-72.2902264623447, 43.8268336475785], [-72.2903391483739, 43.8267737872508], [-72.2903828706643, 43.8267050065721], [-72.2903866114173, 43.8264947743374], [-72.2903586615279, 43.8262213890312], [-72.2903259693058, 43.8261247494338], [-72.2902483324665, 43.8260023084076]]]}}, {"type": "Feature", "properties": {}, "geometry": {"type": "Polygon", "coordinates": [[[-72.2881438239951, 43.8273452112803], [-72.2878465332922, 43.8271557406725], [-72.2876450639287, 43.8270846408405], [-72.2874911410692, 43.8269630364032], [-72.2872664792406, 43.8266342182246], [-72.2870312040377, 43.8264042911224], [-72.2868861793131, 43.8263120665799], [-72.2866800782947, 43.8261124559277], [-72.2868378327969, 43.8258675048182], [-72.2869060790875, 43.8257985883743], [-72.2871326401708, 43.8256827915678], [-72.2872606055004, 43.8256960369734], [-72.2874001493189, 43.8257456278417], [-72.2875267473506, 43.8258317041742], [-72.2875983010739, 43.825909555125], [-72.2876317056481, 43.8260368547958], [-72.2876471705387, 43.8263199845312], [-72.2877494641183, 43.8264201124855], [-72.2878373553247, 43.8264519251054], [-72.2881865376666, 43.8264769782167], [-72.288424990375, 43.826443836772], [-72.2885703151119, 43.8268728432641], [-72.2886340937328, 43.826936319148], [-72.2893136772144, 43.8271337694431], [-72.2894672210118, 43.8272201492284], [-72.289544001824, 43.827334107616], [-72.2896020882291, 43.8273882161698], [-72.289742066666, 43.8274656376103], [-72.2901724429616, 43.8273852820178], [-72.2904496473143, 43.8273518277855], [-72.2904954758992, 43.8274295945735], [-72.2904703503666, 43.8275258299733], [-72.2904026542949, 43.8276041002114], [-72.2902700034969, 43.8277093357055], [-72.2902333595169, 43.8278561931989], [-72.2903430849513, 43.8279789560492], [-72.2904824191862, 43.8280146285391], [-72.2908303777581, 43.8280431491736], [-72.2908312627601, 43.8280951160285], [-72.2908644968828, 43.8281539262106], [-72.2908510306987, 43.8281773647482], [-72.2908132339092, 43.8282185516176], [-72.2905934114097, 43.8283698173303], [-72.2904373740237, 43.8286317369833], [-72.2904853902448, 43.8287469076585], [-72.2903043980339, 43.8287887191497], [-72.2902525858219, 43.8288439926148], [-72.2902359954618, 43.8289306904166], [-72.290286855655, 43.8290269540899], [-72.2904088255935, 43.8291769348901], [-72.2905304024703, 43.8292445110498], [-72.2908474805253, 43.8293709890502], [-72.2912937814281, 43.8296015918816], [-72.2913837648298, 43.8297836463948], [-72.2914045099389, 43.8299030772728], [-72.2914048783444, 43.8299891775514], [-72.2913343990906, 43.8301733214245], [-72.2912477571867, 43.830134341524], [-72.2911848758139, 43.830071955864], [-72.2907209163996, 43.8297604128456], [-72.2901774689283, 43.8294768767061], [-72.2898100434389, 43.8293652366547], [-72.2895378949596, 43.8293154341751], [-72.2891690667653, 43.829138779154], [-72.2890108843612, 43.8289710695158], [-72.2889474312056, 43.8288558486251], [-72.2889163255658, 43.8287474715724], [-72.2887678406427, 43.8285306564558], [-72.2884324276192, 43.827664452259], [-72.2883149725868, 43.8275199215708], [-72.2881438239951, 43.8273452112803]]]}}, {"type": "Feature", "properties": {}, "geometry": {"type": "Polygon", "coordinates": [[[-72.297016015202, 43.8300065321623], [-72.2967700917493, 43.8300716271797], [-72.2966301680401, 43.8300811817879], [-72.2964407879616, 43.8300594881435], [-72.2963696515751, 43.8300094705347], [-72.2964628159359, 43.829826701369], [-72.2965058032761, 43.8296800796403], [-72.2964535303414, 43.8295659839902], [-72.2962756671003, 43.8294936673068], [-72.2961116904055, 43.8294766199003], [-72.2959466177756, 43.8294408703592], [-72.2958410575656, 43.8293281263823], [-72.2958103725632, 43.8293456394125], [-72.2957899268058, 43.8292253407454], [-72.2958188351381, 43.829005839279], [-72.2959057698377, 43.8287534756978], [-72.2959488247565, 43.8286938216031], [-72.2966285272559, 43.8290253838183], [-72.2967339515777, 43.8290622469978], [-72.2969696806668, 43.829225628487], [-72.2970901928578, 43.8292708014109], [-72.2971676269465, 43.8293793245597], [-72.297316243008, 43.8297265827555], [-72.2974191947066, 43.829821270521], [-72.2976365426708, 43.8299711130648], [-72.2976818352626, 43.8300395281273], [-72.2977221172051, 43.8302818618874], [-72.2976792453387, 43.8304100037106], [-72.2975848068219, 43.8305055863096], [-72.2975783585687, 43.8305201317866], [-72.29752810391, 43.8305201890244], [-72.2974386618988, 43.830492726682], [-72.2973624003519, 43.8304389991564], [-72.2973049459541, 43.8303794602386], [-72.2972132220726, 43.8301332647063], [-72.2971181450576, 43.830038167435], [-72.297016015202, 43.8300065321623]]]}}, {"type": "Feature", "properties": {}, "geometry": {"type": "Polygon", "coordinates": [[[-72.3214039902621, 43.832182538355], [-72.3213346818689, 43.8321273230893], [-72.321110944792, 43.8320244630883], [-72.3209702641631, 43.8319562046817], [-72.3207941857822, 43.8318315278116], [-72.3205758738231, 43.8316297555971], [-72.3204691238569, 43.8315057228502], [-72.3202835820349, 43.8310842375402], [-72.3202319641169, 43.8309027527521], [-72.3205857181734, 43.8309803500807], [-72.3211242376419, 43.8311980864878], [-72.3212772375683, 43.8312824706489], [-72.3216641008081, 43.8313938640482], [-72.3220750424735, 43.8317899328993], [-72.3222270565635, 43.8318880118747], [-72.3226829325895, 43.8319500373566], [-72.3233234666997, 43.8319634767535], [-72.3242414558955, 43.831868074205325], [-72.32402652291717, 43.832172055371636], [-72.32389728213865, 43.832339144552705], [-72.323764934457, 43.8322661418516], [-72.323494775605, 43.8322325032681], [-72.3232937060655, 43.8322401650299], [-72.3231771885423, 43.8322854752864], [-72.3226702146933, 43.8323676645025], [-72.3219720338247, 43.8325314653128], [-72.3219311057215, 43.8325415608591], [-72.3218472993417, 43.8324799962512], [-72.3215415660445, 43.8323686289489], [-72.3214060661344, 43.8322421178439], [-72.3214039902621, 43.832182538355]]]}}, {"type": "Feature", "properties": {}, "geometry": {"type": "Polygon", "coordinates": [[[-72.2918010531502, 43.8320385605483], [-72.2917120431371, 43.8320389257353], [-72.2916295055681, 43.8320210471194], [-72.2915532473063, 43.8319673157383], [-72.2914316033381, 43.8318127718878], [-72.2913070116355, 43.8314523193151], [-72.2912604942495, 43.8312421402937], [-72.2911705464908, 43.8311507503226], [-72.2909918695588, 43.8310153712554], [-72.2909345340257, 43.8309373502154], [-72.2908518052148, 43.8309018606513], [-72.2908323299305, 43.8308696187021], [-72.2908519838656, 43.8308251106516], [-72.2909322338575, 43.8307731896103], [-72.2911103360793, 43.8307104963312], [-72.29128611778, 43.8306797559247], [-72.2913873668505, 43.830706607567], [-72.2915091656311, 43.8307881000908], [-72.2917392536658, 43.8310290930245], [-72.291855112166, 43.8311890530498], [-72.2920344392253, 43.8313661773705], [-72.2921684420273, 43.8315294580777], [-72.2924693382284, 43.8318250340611], [-72.2928510976618, 43.832019768878], [-72.2929728972233, 43.8321012584189], [-72.292966643228, 43.8321334168259], [-72.2930145507711, 43.8322670681245], [-72.2930149987972, 43.832389260488], [-72.2927619698481, 43.8325723838967], [-72.292751407311, 43.832663884294], [-72.2927832279372, 43.8327557385891], [-72.2930146458796, 43.8330765276873], [-72.2930349650543, 43.8331681276247], [-72.2930138862831, 43.8331984998657], [-72.2929401764285, 43.8332210911832], [-72.2928140193415, 43.8332063351903], [-72.2923159246449, 43.8330236183618], [-72.2922975234158, 43.8326252427752], [-72.2921508759131, 43.8324503975276], [-72.2919719544659, 43.8323048012044], [-72.2919180311304, 43.8322135266265], [-72.2919344562745, 43.8321527019382], [-72.2918961894048, 43.8320753939594], [-72.2918010531502, 43.8320385605483]]]}}, {"type": "Feature", "properties": {}, "geometry": {"type": "Polygon", "coordinates": [[[-72.297429168029, 43.8316380694086], [-72.298128654608, 43.8316633426287], [-72.2983635845925, 43.8317127917728], [-72.2985737385943, 43.8318030365163], [-72.2989235937816, 43.8319206857403], [-72.2992541322849, 43.832078277629], [-72.2993110426583, 43.8321284639244], [-72.2995132360364, 43.8322339023843], [-72.2998692248785, 43.8323887469757], [-72.3001374144065, 43.8325441823003], [-72.2997824447343, 43.8325680620189], [-72.2995193730824, 43.8325652719681], [-72.2991552284029, 43.8325060661161], [-72.2988554080987, 43.8323744438188], [-72.298617246256, 43.8322106218396], [-72.2983135141683, 43.8320755077486], [-72.2979606464839, 43.8319554563592], [-72.2978647440129, 43.8318953603606], [-72.2977349607283, 43.8317818890476], [-72.297429168029, 43.8316380694086]]]}}, {"type": "Feature", "properties": {}, "geometry": {"type": "Polygon", "coordinates": [[[-72.2938844157059, 43.8314780170688], [-72.2943229899967, 43.8314944258626], [-72.294934877435, 43.8315850958064], [-72.2957900925249, 43.8317378537176], [-72.2961827511688, 43.8317384562076], [-72.296862187773, 43.8318238964502], [-72.2968411219078, 43.8319995064753], [-72.2967856373022, 43.8321595688204], [-72.2966327411103, 43.8324054195882], [-72.2963910398753, 43.8327164302341], [-72.2961155693198, 43.8329555843041], [-72.295988476148, 43.8330923703222], [-72.2958826036892, 43.8333218471386], [-72.2958563577292, 43.8337953077196], [-72.2958184028308, 43.8337643119766], [-72.2957554317219, 43.833763894284], [-72.2956499897708, 43.8336798493391], [-72.2955992598227, 43.8333652954826], [-72.2953343233719, 43.833077233095], [-72.2947882931708, 43.8325684573711], [-72.2946174973686, 43.8325270351851], [-72.2943899110809, 43.8324169422933], [-72.2940428663222, 43.8320916527057], [-72.2938314791089, 43.8318596382124], [-72.2938844157059, 43.8314780170688]]]}}, {"type": "Feature", "properties": {}, "geometry": {"type": "Polygon", "coordinates": [[[-72.3077291967701, 43.8329880474441], [-72.3075137192789, 43.8329745496379], [-72.3073694557289, 43.8329999734493], [-72.3071275274464, 43.8331555467853], [-72.3070376781583, 43.8331946203933], [-72.3069291770671, 43.8332136335128], [-72.3066058389109, 43.8332137140466], [-72.3064633614402, 43.8331941372701], [-72.3063736035044, 43.8331675491008], [-72.306245978269, 43.8330951840087], [-72.3066322912415, 43.8330446423513], [-72.3067678185647, 43.8330620231409], [-72.3069543567405, 43.8330045524], [-72.3074418469692, 43.832893879774], [-72.3077272934644, 43.8328517177042], [-72.3082012862018, 43.8329208082073], [-72.3085571465258, 43.8330506252296], [-72.3087841297954, 43.8330134970747], [-72.3089103764924, 43.8330134536852], [-72.3092211393684, 43.8329398411412], [-72.3095971213005, 43.8326931430166], [-72.3096934160829, 43.8325886445338], [-72.309884572542, 43.8324672619351], [-72.3100117882921, 43.8324063418471], [-72.3103787185181, 43.832355946556], [-72.3107139964637, 43.832383941196], [-72.3110886907383, 43.8322498603222], [-72.3114366630776, 43.8320276417865], [-72.3120212877879, 43.831820933909], [-72.3121285964574, 43.8317979987741], [-72.3122360384717, 43.8318037654936], [-72.3124703614094, 43.8318549270819], [-72.3125392238841, 43.8318823157745], [-72.3126597283643, 43.8320329228942], [-72.3122327353104, 43.8321546724956], [-72.3113581388162, 43.8323509224803], [-72.3102398106749, 43.8327514424157], [-72.3099303683604, 43.8329085507581], [-72.3095799611424, 43.8332320780411], [-72.309386114237, 43.8334482476917], [-72.3092422686213, 43.8335052016003], [-72.3091401685122, 43.8335170608594], [-72.3087418279746, 43.8335034342261], [-72.3084279739626, 43.8333859232538], [-72.3081951516574, 43.833236050034], [-72.3079887459586, 43.8330734301764], [-72.3077291967701, 43.8329880474441]]]}}, {"type": "Feature", "properties": {}, "geometry": {"type": "Polygon", "coordinates": [[[-72.3096484477791, 43.8347866389522], [-72.3095242191026, 43.8348027791157], [-72.3091352472176, 43.834235843187], [-72.3089145642181, 43.834029913038], [-72.3091270166844, 43.8339429506281], [-72.3091800470639, 43.8338841928411], [-72.3092208294568, 43.8337982204406], [-72.3092722113482, 43.833762287356], [-72.3093061970274, 43.8336991226411], [-72.3093089482491, 43.8336441229726], [-72.3097893424931, 43.8333536127236], [-72.3101379883944, 43.8330713899251], [-72.310521753042, 43.8328390631056], [-72.311200961298, 43.8326635243358], [-72.3113002675473, 43.8326123011477], [-72.3124411293194, 43.832289895536], [-72.3128068466308, 43.83213751907], [-72.3132083689208, 43.8320222130844], [-72.3137042431739, 43.8318224014276], [-72.3140772577589, 43.8317148327445], [-72.314361813266, 43.8316678697245], [-72.3150119261066, 43.8314943972139], [-72.3159306863357, 43.8313006500392], [-72.3160817829737, 43.8312958909855], [-72.3161955163017, 43.8313638561298], [-72.316635463895, 43.8314562933594], [-72.3167565612136, 43.8314562260086], [-72.3169251412886, 43.8314130364386], [-72.3171232392309, 43.8313955930856], [-72.3174377068206, 43.8314095923721], [-72.3176052360552, 43.8314420605406], [-72.3168112228996, 43.8315818438358], [-72.3162981364221, 43.8317248692866], [-72.3160701484464, 43.8317285232892], [-72.3155876070988, 43.8318762046413], [-72.3150542595921, 43.8320654740382], [-72.3146614271842, 43.8321453724032], [-72.3144598300058, 43.832139972675], [-72.3141439291851, 43.8320609525712], [-72.3140495289185, 43.8320510981709], [-72.3134860872341, 43.8321072066124], [-72.3133776584911, 43.8321660123828], [-72.3130925279644, 43.8323090719769], [-72.3127757247426, 43.8323307115252], [-72.3125859814398, 43.8323681772956], [-72.3118446211584, 43.8327626926195], [-72.3118025663166, 43.8328086566823], [-72.311618497978, 43.8328083084254], [-72.3110518329323, 43.8329970246295], [-72.3100360691604, 43.8335587505479], [-72.3100034243825, 43.8336508374179], [-72.3100860002964, 43.8340174479863], [-72.3103374117031, 43.8343002207539], [-72.3104635932269, 43.834362139705], [-72.3107135159088, 43.8344383563282], [-72.3107152952851, 43.8345459868668], [-72.3107508575453, 43.8346745924594], [-72.3104427252758, 43.8348134445588], [-72.3102286703976, 43.8348649644964], [-72.3099752673063, 43.8348639640379], [-72.3096484477791, 43.8347866389522]]]}}, {"type": "Feature", "properties": {}, "geometry": {"type": "Polygon", "coordinates": [[[-72.3070544717534, 43.8346259618241], [-72.3061149398622, 43.8346382536435], [-72.3058198849734, 43.8345658008165], [-72.3054966738024, 43.8343438911591], [-72.3053649524886, 43.8342976026756], [-72.3051829499003, 43.8342550718311], [-72.3048664043906, 43.8342323399631], [-72.3047502137969, 43.834171315074], [-72.3046444790575, 43.834033574529], [-72.3045294531983, 43.8339801624452], [-72.3038965753109, 43.833850552634], [-72.3035292267348, 43.8338185268745], [-72.3030743895188, 43.8337353473667], [-72.3029475098542, 43.8336899419829], [-72.3028211191446, 43.8336141001679], [-72.3023154792108, 43.8335216269727], [-72.3018093663894, 43.8335067701228], [-72.3013660430828, 43.8335218961884], [-72.3007339447265, 43.8335135954425], [-72.3003051245609, 43.8334841916475], [-72.2995978856114, 43.8332882294422], [-72.2989652131294, 43.8329800946092], [-72.2985735644903, 43.8329621085986], [-72.2985764165161, 43.8329903836119], [-72.2985405035568, 43.8329717877339], [-72.2985397849115, 43.8329411299432], [-72.2983288038344, 43.8327878296131], [-72.2980342809058, 43.832681226044], [-72.297908295244, 43.8325897256718], [-72.2977434890247, 43.8325096250625], [-72.2976755670812, 43.8324287450941], [-72.2976552410523, 43.8323371459567], [-72.2978742174575, 43.8321265098206], [-72.2979796243794, 43.8320690114598], [-72.2981980546995, 43.8321431943845], [-72.2985281581143, 43.8323710139548], [-72.2987513360689, 43.8324608650475], [-72.2990763306198, 43.8326340944694], [-72.2993896627335, 43.8327348836762], [-72.2996550640198, 43.8327529016008], [-72.2997546994358, 43.8327479993769], [-72.299885372444, 43.8327173214061], [-72.3001506922016, 43.8326992460573], [-72.3003453403257, 43.8327024706418], [-72.3005628445881, 43.8326811985925], [-72.3012215353255, 43.8324982536985], [-72.3016848531844, 43.8324303581126], [-72.3020684994652, 43.8324200439884], [-72.3024238343664, 43.8324350779055], [-72.3028660605699, 43.8324993034783], [-72.3031263534077, 43.832560782542], [-72.3033919658861, 43.8326435844585], [-72.3038050495374, 43.8327209785462], [-72.3042019234129, 43.8328259326959], [-72.3049839568319, 43.8329707911153], [-72.3055217188679, 43.8329581223505], [-72.3059870814176, 43.8331024219403], [-72.3060057308104, 43.8331224825079], [-72.3061842303056, 43.833193049677], [-72.3062925871868, 43.8332979667773], [-72.3063905881805, 43.8333630643633], [-72.3065073326884, 43.8333825611014], [-72.3067668679577, 43.8333698890236], [-72.3071533826384, 43.8332860806892], [-72.3072253287893, 43.83325390858], [-72.307315072461, 43.8331824384971], [-72.3075487657901, 43.833137289763], [-72.3076743304561, 43.8331500722933], [-72.3078178178394, 43.8332031339055], [-72.3082122914721, 43.8334565683722], [-72.3084359235685, 43.8335742353235], [-72.3085709452493, 43.8336257474935], [-72.3088761831054, 43.8336658295817], [-72.3090732756443, 43.8336657877418], [-72.3093089482491, 43.8336441229726], [-72.3093061970274, 43.8336991226411], [-72.3092722113482, 43.833762287356], [-72.3092208294568, 43.8337982204406], [-72.3091800470639, 43.8338841928411], [-72.3091270166844, 43.8339429506281], [-72.3089145642181, 43.834029913038], [-72.3087471826093, 43.8340733135688], [-72.3086199437868, 43.8340870513333], [-72.308495674668, 43.8340597052812], [-72.3082137351103, 43.8339212029292], [-72.3081475092355, 43.8339081704444], [-72.3081655853924, 43.8339734529474], [-72.3081643647568, 43.8341258615696], [-72.3080588409931, 43.8343544797003], [-72.3077511000881, 43.8345285480661], [-72.3075295839568, 43.834612002142], [-72.3074445069197, 43.8346121724432], [-72.3072547098515, 43.8346570237208], [-72.3071811371165, 43.8346574466776], [-72.3070544717534, 43.8346259618241]]]}}, {"type": "Feature", "properties": {}, "geometry": {"type": "Polygon", "coordinates": [[[-72.311618497978, 43.8328083084254], [-72.3118025663166, 43.8328086566823], [-72.3118021713222, 43.8328243098594], [-72.311866174775, 43.8328545120439], [-72.3119391928474, 43.8329464878822], [-72.312001039598, 43.8330845236038], [-72.3120208107088, 43.8332213425277], [-72.3119896884849, 43.8333127813459], [-72.311797893665, 43.8335413538272], [-72.3114060561503, 43.8338073587369], [-72.3113207384997, 43.8338990651256], [-72.3110553623265, 43.8343315700422], [-72.3109232368936, 43.834402694487], [-72.3107624766892, 43.8344528578829], [-72.3107135159088, 43.8344383563282], [-72.3104635932269, 43.834362139705], [-72.3103374117031, 43.8343002207539], [-72.3100860002964, 43.8340174479863], [-72.3100034243825, 43.8336508374179], [-72.3100360691604, 43.8335587505479], [-72.3110518329323, 43.8329970246295], [-72.311618497978, 43.8328083084254]]]}}, {"type": "Feature", "properties": {}, "geometry": {"type": "Polygon", "coordinates": [[[-72.3106800268152, 43.8384681863956], [-72.3104814311539, 43.8382616730061], [-72.310285943797, 43.8379410227975], [-72.3102595285523, 43.8378520147693], [-72.3099745063136, 43.8373151853653], [-72.3096686971437, 43.8369133124253], [-72.3096044539257, 43.8367711369432], [-72.3094790001902, 43.8365872433919], [-72.3093537939545, 43.836311816552], [-72.3093543672965, 43.8362665942739], [-72.3093128646081, 43.8362201542372], [-72.3093339381304, 43.8361897804026], [-72.3092992772096, 43.8361131396658], [-72.309196362361, 43.835654930202], [-72.3090858072727, 43.8354108562188], [-72.3090863445301, 43.8352203969082], [-72.3092965547095, 43.8351542989362], [-72.3093221828923, 43.8350711054462], [-72.3094539433326, 43.8348593088068], [-72.3095242191026, 43.8348027791157], [-72.3096484477791, 43.8347866389522], [-72.3099752673063, 43.8348639640379], [-72.3102286703976, 43.8348649644964], [-72.3104427252758, 43.8348134445588], [-72.3107508575453, 43.8346745924594], [-72.310778173542, 43.8347138123252], [-72.3110363703982, 43.8355842986175], [-72.3111085126791, 43.8357223658439], [-72.3112345192969, 43.8358138544654], [-72.311298613045, 43.8358292709855], [-72.3113486527535, 43.8358661698151], [-72.3117402978635, 43.8359895668247], [-72.3117382684153, 43.8363804870413], [-72.3120297897512, 43.8369462481417], [-72.3121125339929, 43.8372361098813], [-72.3121514630913, 43.8376641188797], [-72.3120012258471, 43.8380297978445], [-72.3118521128281, 43.8382578511775], [-72.3116362193588, 43.8384635222795], [-72.3116950800852, 43.8384937076165], [-72.312019478616, 43.8384725279841], [-72.312135330697, 43.8385418084526], [-72.3122184091181, 43.8387253509559], [-72.3122078712968, 43.838816854504], [-72.3123838391436, 43.8393670421403], [-72.3124457148344, 43.8394505064592], [-72.3124991204268, 43.8394815445021], [-72.3125597635991, 43.8397719925302], [-72.3125595217326, 43.8398635270431], [-72.3127282141375, 43.8404669624672], [-72.3127986912374, 43.8408859378337], [-72.3128319721879, 43.8414498232328], [-72.312803134722, 43.8415130043745], [-72.3128002753621, 43.8418408731074], [-72.3128779264441, 43.842275961088], [-72.3129079302866, 43.8426274128016], [-72.3129420269158, 43.8427492760241], [-72.3130463392644, 43.8429783274581], [-72.3130459883884, 43.8431392202662], [-72.3129144211368, 43.8432668806557], [-72.3126737240003, 43.8434661746239], [-72.3126207969778, 43.8435573301934], [-72.3125880190629, 43.8436715951588], [-72.3126291560501, 43.8438317473358], [-72.3127237455622, 43.8440155458434], [-72.3128975516931, 43.8442702500686], [-72.3130576970619, 43.8445816599817], [-72.3130780468612, 43.8446732590385], [-72.3130565755364, 43.8447192866624], [-72.3130072578583, 43.8447639256837], [-72.3128774457278, 43.8447485249114], [-72.312687997717, 43.8446796717302], [-72.3125085175105, 43.8445645369866], [-72.3124148935791, 43.8444724955319], [-72.3121734003695, 43.8442960735029], [-72.3121103547923, 43.8442049961562], [-72.312006351699, 43.8439750753176], [-72.3119080923924, 43.843594494443], [-72.3118646541755, 43.8430592770714], [-72.311867036132, 43.8426092134981], [-72.3118885056697, 43.8425631846714], [-72.3118899153968, 43.8423266305071], [-72.3118492230066, 43.8421434333087], [-72.3118070780143, 43.8420515505918], [-72.3115973598537, 43.8418291322943], [-72.3114933173162, 43.841657480498], [-72.3116126601911, 43.8411427682475], [-72.3116552907778, 43.8410515806684], [-72.3116558437628, 43.8409591775805], [-72.3115532348951, 43.8405472772007], [-72.3115110914726, 43.8404553943518], [-72.3112604896714, 43.8401339209179], [-72.3111565151396, 43.8399511828137], [-72.3111255481953, 43.839813240028], [-72.3111508047362, 43.838677277287], [-72.3110651321235, 43.8385737369956], [-72.3108382219714, 43.8385452070082], [-72.310806612756, 43.8385144531884], [-72.3106800268152, 43.8384681863956]]]}}, {"type": "Feature", "properties": {}, "geometry": {"type": "Polygon", "coordinates": [[[-72.3132129435967, 43.8453102969209], [-72.3131172933401, 43.8451004041871], [-72.3130553670251, 43.84487169929], [-72.3130072578583, 43.8447639256837], [-72.3130565755364, 43.8447192866624], [-72.3130780468612, 43.8446732590385], [-72.3130576970619, 43.8445816599817], [-72.3128975516931, 43.8442702500686], [-72.3127237455622, 43.8440155458434], [-72.3126291560501, 43.8438317473358], [-72.3125880190629, 43.8436715951588], [-72.3126207969778, 43.8435573301934], [-72.3126737240003, 43.8434661746239], [-72.3129144211368, 43.8432668806557], [-72.312937100657, 43.8433228290258], [-72.3130443623949, 43.8433618598828], [-72.3131529207406, 43.8435389600757], [-72.3133417947232, 43.8437547893459], [-72.3136387716871, 43.8442253393386], [-72.3139889221203, 43.8447167071106], [-72.31403648254017, 43.84508140920664], [-72.31332704136389, 43.84599769480862], [-72.3132129435967, 43.8453102969209]]]}}, {"type": "Feature", "properties": {}, "geometry": {"type": "Polygon", "coordinates": [[[-72.261120241514, 43.7887723682966], [-72.2610198565782, 43.7887178864592], [-72.2607418865743, 43.7886160485789], [-72.2605715330754, 43.7884830587084], [-72.2604582378199, 43.7883235268262], [-72.2603897909042, 43.7881537143032], [-72.2602382165474, 43.7876125061697], [-72.2602477632889, 43.7873173048814], [-72.26025059125556, 43.78729706082562], [-72.26054236956543, 43.78738210464765], [-72.262903531593, 43.78807042220586], [-72.2629007963456, 43.7880904355289], [-72.2629025229005, 43.7881943604559], [-72.2630802304777, 43.7885858652938], [-72.263194074802, 43.7887547450424], [-72.2633507915113, 43.7888463775278], [-72.2634841857045, 43.7888514028509], [-72.2636863784067, 43.7887931824227], [-72.2638702425036, 43.788761204006], [-72.2639833340389, 43.7888161624206], [-72.2641028668121, 43.7889037526166], [-72.2642299702378, 43.788944625699], [-72.2641706767122, 43.7894888024784], [-72.2640995105669, 43.7897255278735], [-72.2640632850621, 43.7897586665735], [-72.2639168522083, 43.7897577285324], [-72.2635493160364, 43.789701460617], [-72.2630576963691, 43.78965019827], [-72.26282357985, 43.7895952578824], [-72.2627792867933, 43.7895677114357], [-72.2627102521847, 43.7894394226441], [-72.2626040061416, 43.7893107879125], [-72.2624520992675, 43.7892237364114], [-72.262263398949, 43.7891641681812], [-72.261947300344, 43.7891080738139], [-72.2615046025894, 43.7890713244419], [-72.261120241514, 43.7887723682966]]]}}, {"type": "Feature", "properties": {}, "geometry": {"type": "Polygon", "coordinates": [[[-72.2566445654294, 43.7862653555443], [-72.2565087764755, 43.786346842106], [-72.256280619009, 43.7864419179114], [-72.2561468369602, 43.7865394996433], [-72.2560400314294, 43.7866300002281], [-72.2559255762408, 43.786955922279], [-72.2556924879174, 43.787108374813], [-72.2556504242269, 43.7871543171542], [-72.2556510253304, 43.7871997572262], [-72.2554500530648, 43.7873451477811], [-72.2552483424848, 43.7876883730078], [-72.2550859805845, 43.7882071819085], [-72.2550996925165, 43.7882374489622], [-72.2550990249383, 43.7885583344596], [-72.2552135993557, 43.7890622443129], [-72.255255636163, 43.7891541372501], [-72.2553568195825, 43.7895362533042], [-72.2554125693501, 43.7896584131921], [-72.2554016728491, 43.7897035951879], [-72.2554539973682, 43.7897955227152], [-72.2555526577695, 43.790148498062], [-72.2552383601083, 43.7904063257055], [-72.2545986505779, 43.7897968705175], [-72.2541435094591, 43.7892767625314], [-72.2541638288543, 43.7889585548292], [-72.2542240019169, 43.7886078746867], [-72.2543183495992, 43.7883929767513], [-72.2543453912834, 43.7881537099156], [-72.2544052567897, 43.7879815185739], [-72.2543900620173, 43.7875023071733], [-72.2543221778059, 43.7873853241096], [-72.2542903596324, 43.7871704164624], [-72.2543216507439, 43.7867959406989], [-72.2543173794221, 43.786623089728], [-72.2544068998152, 43.7863166483273], [-72.2547330143052, 43.7859203814605], [-72.2549437027713, 43.7857693735449], [-72.2549686485838, 43.785755643117696], [-72.25548050594028, 43.78590528545875], [-72.25666404855028, 43.78625080210226], [-72.2566445654294, 43.7862653555443]]]}}, {"type": "Feature", "properties": {}, "geometry": {"type": "Polygon", "coordinates": [[[-72.2523500627696, 43.787975588939], [-72.2520976823018, 43.7879829608937], [-72.2519716208733, 43.7879681669575], [-72.2518451177359, 43.7879292391633], [-72.2517398503352, 43.7878377757861], [-72.2516772446521, 43.7877458101278], [-72.2516146573676, 43.787563187703], [-72.2516252666407, 43.7874716975269], [-72.2517196351632, 43.7873872438217], [-72.2518999711854, 43.7872963542353], [-72.2519314613911, 43.7872040683611], [-72.2518673411666, 43.7871127492377], [-72.251804975864, 43.7870744837774], [-72.2516781663416, 43.7870364256508], [-72.2516264461228, 43.7869899350468], [-72.2515738195876, 43.7868988755905], [-72.2515532836833, 43.7867609690194], [-72.2515641805957, 43.7867157873686], [-72.251533262613, 43.7866361087547], [-72.2516274172289, 43.786494259168], [-72.2521555446839, 43.7861128422077], [-72.2524717598983, 43.7858387261293], [-72.2525558902193, 43.7857468437565], [-72.2526236079267, 43.785621424001], [-72.2526836645957, 43.7855103252474], [-72.2527280539727, 43.7853454732426], [-72.2528597159027, 43.7851596220621], [-72.25287086114754, 43.78514265099618], [-72.25425202915632, 43.785546138248], [-72.25470403142815, 43.78567828185649], [-72.2546849412915, 43.7856932432169], [-72.2545273829327, 43.7858613955385], [-72.2544347281241, 43.7860062954767], [-72.2543251689274, 43.7861009147477], [-72.2541893896884, 43.7862693609188], [-72.2540958909563, 43.7866268774254], [-72.2540692570088, 43.7866728734797], [-72.2539686786611, 43.7868255723974], [-72.2539507826485, 43.7870100848277], [-72.2541687276235, 43.7877050204562], [-72.2541599038748, 43.7878458673263], [-72.2541510222268, 43.7879506246222], [-72.2540901980379, 43.7880856358187], [-72.2540218822395, 43.788343236802], [-72.2539328727578, 43.7884851064248], [-72.2535823363466, 43.7885114836783], [-72.253328797009, 43.7885112433452], [-72.2532030405757, 43.7884955823097], [-72.2530765873049, 43.7884492642777], [-72.2529502837948, 43.7883807726999], [-72.2527085956959, 43.788151429004], [-72.2524769246133, 43.7880062561216], [-72.2523500627696, 43.787975588939]]]}}, {"type": "Feature", "properties": {}, "geometry": {"type": "Polygon", "coordinates": [[[-72.257931726029, 43.7894274202933], [-72.2576573006461, 43.7894279849077], [-72.2576097193333, 43.7893952077531], [-72.2575844577609, 43.7892379368754], [-72.2577272530307, 43.7890605981063], [-72.2577543944835, 43.7889841663325], [-72.2579259540152, 43.7887584469639], [-72.2579212427333, 43.7886049436494], [-72.2577086051368, 43.7884170169865], [-72.2575703855869, 43.7883204417784], [-72.2572110130544, 43.7881324377032], [-72.257135263305, 43.7880593440789], [-72.2570907496566, 43.7879309197339], [-72.257238268255, 43.7877257713938], [-72.2573639577574, 43.7876618586476], [-72.2575667935628, 43.7875982149024], [-72.2578824643803, 43.787626490467], [-72.2580031115215, 43.7876819138105], [-72.2582998114979, 43.787741863789], [-72.2587231782454, 43.7878620410928], [-72.2590189137197, 43.7879754673888], [-72.2589997635811, 43.7881236690977], [-72.2590109797181, 43.7882552373808], [-72.2590683850901, 43.7884017497457], [-72.2593513207795, 43.7887542762508], [-72.2595390632795, 43.7889108072363], [-72.2597599496499, 43.7890428866763], [-72.2597467477427, 43.7891163231965], [-72.2595514908357, 43.7892673934385], [-72.2590574323734, 43.7894441646871], [-72.258784919176, 43.7894756107766], [-72.2583554767466, 43.7894921605036], [-72.257931726029, 43.7894274202933]]]}}, {"type": "Feature", "properties": {}, "geometry": {"type": "Polygon", "coordinates": [[[-72.2621669848771, 43.8043938690259], [-72.2620088755702, 43.8044148458597], [-72.2619309786252, 43.8044782780479], [-72.2616666900612, 43.8048091340316], [-72.261398840045, 43.8053095562682], [-72.2613538314193, 43.8054326726005], [-72.2612071124409, 43.8052438878947], [-72.2612133449001, 43.8051719458491], [-72.2613359303897, 43.8049427838536], [-72.2613695792726, 43.8047537542455], [-72.2614373978973, 43.8046135408897], [-72.2615310940686, 43.8042699215253], [-72.2615328524716, 43.8040075131081], [-72.2615593137169, 43.803987386016], [-72.2617263415225, 43.8040355764357], [-72.2621887275391, 43.8040389133734], [-72.2622862997149, 43.8040651208783], [-72.2624580541756, 43.8040854985525], [-72.2625749215722, 43.8041226435948], [-72.262983666617, 43.8043640749456], [-72.2637106216039, 43.8045833355346], [-72.2639954098318, 43.8047169364296], [-72.2641016445063, 43.8048057871298], [-72.2641056942433, 43.8049249414997], [-72.2639858548277, 43.8051971628294], [-72.2639529667059, 43.8053188004402], [-72.2639201490459, 43.8053386885325], [-72.263883805841, 43.8054337899042], [-72.2638827093689, 43.8055529266054], [-72.2638297215558, 43.8056477530853], [-72.2636510318955, 43.8057593222354], [-72.2635622156358, 43.8057809746746], [-72.2634926092512, 43.8057811709888], [-72.2634431377199, 43.8057573029721], [-72.2634002287109, 43.805656928499], [-72.2633584787889, 43.8054735067775], [-72.2633529617628, 43.8050756266576], [-72.2632922387295, 43.8048332219355], [-72.263224668831, 43.8047551570114], [-72.2631556189346, 43.8047175238918], [-72.262928655918, 43.804671302478], [-72.262696054546, 43.8046083222819], [-72.2625757075454, 43.8045483354941], [-72.2621669848771, 43.8043938690259]]]}}, {"type": "Feature", "properties": {}, "geometry": {"type": "Polygon", "coordinates": [[[-72.2650214569007, 43.8075174532324], [-72.2648900359826, 43.8074378643585], [-72.2647771584605, 43.8073459462038], [-72.2646097229963, 43.8071755729744], [-72.2643001309952, 43.8067201196889], [-72.264157090186, 43.8065680924825], [-72.2640706417488, 43.8065069199722], [-72.2640095876616, 43.806722382025], [-72.263814265647, 43.8070584803738], [-72.2637306196374, 43.8071671169001], [-72.263423022786, 43.8073660758562], [-72.2632773667188, 43.8069711908911], [-72.2632206261082, 43.8069025103841], [-72.263143862162, 43.8068865919525], [-72.2630921199248, 43.8066587838646], [-72.2628738737971, 43.8060766745456], [-72.2627551561944, 43.8055914385548], [-72.2628370008257, 43.8052086440561], [-72.2629564010844, 43.8049122889267], [-72.262928655918, 43.804671302478], [-72.2631556189346, 43.8047175238918], [-72.263224668831, 43.8047551570114], [-72.2632922387295, 43.8048332219355], [-72.2633529617628, 43.8050756266576], [-72.2633584787889, 43.8054735067775], [-72.2634002287109, 43.805656928499], [-72.2634431377199, 43.8057573029721], [-72.2634926092512, 43.8057811709888], [-72.2635622156358, 43.8057809746746], [-72.2636510318955, 43.8057593222354], [-72.2638297215558, 43.8056477530853], [-72.2638033332296, 43.8057474540188], [-72.2638378534829, 43.8058351891613], [-72.2639681861166, 43.8059867377028], [-72.264185433889, 43.8061292370949], [-72.2645560362694, 43.8063294417489], [-72.2647609119207, 43.806376236059], [-72.2648973393287, 43.8064308406296], [-72.2650415765697, 43.8065396063371], [-72.2652206793235, 43.8065937033651], [-72.2653118419177, 43.806674240052], [-72.2655408253375, 43.8067365535365], [-72.2657619487266, 43.8067520940864], [-72.2658723941438, 43.8068000865042], [-72.2659166510989, 43.806835023286], [-72.266030987023, 43.8069808635365], [-72.2660261581673, 43.8071612974678], [-72.2659604422543, 43.8072593432627], [-72.2659481686287, 43.8073301776369], [-72.2659560293673, 43.8073769472836], [-72.266021852694, 43.8074454396975], [-72.2659421840767, 43.8075936587882], [-72.2658826539368, 43.8075799755887], [-72.2657985266474, 43.8076246919773], [-72.2655257467283, 43.8076857202266], [-72.2653234712765, 43.8076569801102], [-72.2651535208638, 43.807591609204], [-72.2650214569007, 43.8075174532324]]]}}, {"type": "Feature", "properties": {}, "geometry": {"type": "Polygon", "coordinates": [[[-72.266214777169, 43.8064197019488], [-72.2666947849063, 43.8069174757212], [-72.2667588967202, 43.8070161821071], [-72.2667822554811, 43.8070990951538], [-72.2667999895352, 43.8072087311139], [-72.266771436905, 43.8073616917563], [-72.2667246408643, 43.8075732901872], [-72.266497398617, 43.807886891279], [-72.2664388380158, 43.8080010488437], [-72.2664434680079, 43.8080786808603], [-72.266516948203, 43.8082706899835], [-72.2665095610278, 43.8083350174408], [-72.2664246499058, 43.8084980038812], [-72.2662471190735, 43.8087078511352], [-72.2661486798971, 43.8084918423428], [-72.2662124190705, 43.8080076668025], [-72.2663351457441, 43.8078469840504], [-72.2663400141614, 43.8074778357619], [-72.2663959608719, 43.8071643026505], [-72.2663696476681, 43.8069337564563], [-72.2662751869088, 43.8068479907495], [-72.2661795343018, 43.8068054855596], [-72.2660762308659, 43.8067301253387], [-72.2659857172411, 43.8065969768443], [-72.2660706805456, 43.8065172611935], [-72.266214777169, 43.8064197019488]]]}}, {"type": "Feature", "properties": {}, "geometry": {"type": "Polygon", "coordinates": [[[-72.2592523409765, 43.8060669671256], [-72.2590492038739, 43.8057179694226], [-72.2589390242534, 43.8054516925087], [-72.2588596496823, 43.8050152901801], [-72.2587737856709, 43.8047784483147], [-72.2587584448045, 43.8044953265467], [-72.2587049618282, 43.8043486061424], [-72.2588679519336, 43.8032442943861], [-72.2587027844026, 43.8025164842049], [-72.2587070691896, 43.8024645390384], [-72.2587208919473, 43.8021645619196], [-72.2587608431645, 43.8020738237637], [-72.2588887061374, 43.8019603450207], [-72.259094090993, 43.8018388756331], [-72.2592870442447, 43.8016762711242], [-72.2594294074546, 43.8014313117322], [-72.2594855398004, 43.801139090852], [-72.2595547487931, 43.801107371741], [-72.2596229977261, 43.8012632739076], [-72.2598649493589, 43.8015537026395], [-72.2600729108009, 43.8019942433712], [-72.2601914597443, 43.8020955330925], [-72.2607019888019, 43.8022279646436], [-72.2608840486518, 43.8023353438342], [-72.2610882850885, 43.8025652003491], [-72.2611872210823, 43.802703597757], [-72.2613128028218, 43.8029301378842], [-72.261272599728, 43.8037359382771], [-72.2614060292748, 43.8039657671927], [-72.2612660069473, 43.8044035815955], [-72.2612997689122, 43.804558713088], [-72.2612938205266, 43.8046334810642], [-72.2612591637226, 43.8047020630837], [-72.2612105512011, 43.804911478553], [-72.2611018551601, 43.8051450361149], [-72.2610754248157, 43.8052956104622], [-72.2610951595935, 43.8054213413867], [-72.261130048065, 43.8054536390402], [-72.2611643311491, 43.8055311560777], [-72.2612607941214, 43.8055423607723], [-72.2613003096134, 43.8055616299188], [-72.2613436493666, 43.805642656336], [-72.2613537511718, 43.8057157406818], [-72.261337056188, 43.8058135191371], [-72.2612941207602, 43.8058981596644], [-72.2611047369842, 43.8061594854524], [-72.2610505750205, 43.8062032146757], [-72.2608795534549, 43.8062532796719], [-72.2607963892235, 43.8062445129467], [-72.2607375889983, 43.8062577880055], [-72.2603531879038, 43.8064916954707], [-72.2601315796602, 43.8065935455597], [-72.2598244577117, 43.8067657572292], [-72.2597461999368, 43.806837447945], [-72.2596953750542, 43.8069696756543], [-72.2596951707669, 43.8070899026595], [-72.2594972746771, 43.8069509428762], [-72.2594104611138, 43.8068545444587], [-72.2593486812003, 43.806771062419], [-72.2592387919809, 43.8065510942013], [-72.259286451299, 43.8063044983866], [-72.2592523409765, 43.8060669671256]]]}}, {"type": "Feature", "properties": {}, "geometry": {"type": "Polygon", "coordinates": [[[-72.2596739129025, 43.8083608188788], [-72.2596534646028, 43.8087012153319], [-72.2596637168472, 43.809426537568], [-72.259596261817, 43.809736116565], [-72.2594362296864, 43.8101758213], [-72.2593668717588, 43.8107228089367], [-72.2593377037579, 43.8111892757737], [-72.2592639869199, 43.8115744935267], [-72.25892247718, 43.8115461294008], [-72.2586384568793, 43.8114755691411], [-72.258550279645, 43.8114011243311], [-72.2584147216226, 43.8112171568145], [-72.2581907628197, 43.8109920061379], [-72.25772644048, 43.8106857924274], [-72.257489578523, 43.8104897297107], [-72.257518853793, 43.8103674282445], [-72.2576410897975, 43.8103278503384], [-72.2577085232643, 43.8102467733945], [-72.2578179924065, 43.8101706260879], [-72.258181777467, 43.8099912240791], [-72.2582783292054, 43.8099006804961], [-72.258427375861, 43.8096550885259], [-72.2585125583052, 43.809455148808], [-72.2585875295449, 43.8091534238056], [-72.2587514720482, 43.8088078739833], [-72.2588471696069, 43.8087088493165], [-72.2589569428673, 43.8086318324256], [-72.2591296620743, 43.8085552504676], [-72.2596739129025, 43.8083608188788]]]}}, {"type": "Feature", "properties": {}, "geometry": {"type": "Polygon", "coordinates": [[[-72.2598383257928, 43.808844260937], [-72.2598200321654, 43.8085041655726], [-72.2598867110256, 43.8083998221708], [-72.2599161397053, 43.8082988277181], [-72.2602924219086, 43.8086897342962], [-72.2603788664387, 43.808841570288], [-72.2604035906122, 43.8088553535561], [-72.2604914718148, 43.8088834858081], [-72.2609554353131, 43.8087918234158], [-72.2612491794485, 43.8089909019263], [-72.2614723737132, 43.8093306204305], [-72.261477664839, 43.8093991226904], [-72.2614341768743, 43.8097463975044], [-72.261262053228, 43.8101404060956], [-72.2608468104703, 43.8103668181616], [-72.2607888199268, 43.8104394505995], [-72.2607174151094, 43.8105716074769], [-72.2606633812355, 43.8107310019661], [-72.2605738499362, 43.8112187836381], [-72.2604872160802, 43.8114554636254], [-72.2602597449119, 43.811842106348], [-72.2601247602049, 43.8119320815125], [-72.2594994852354, 43.8120644913532], [-72.259439290899, 43.8119692727139], [-72.2594228761357, 43.8118450731007], [-72.2595642777611, 43.8108015458604], [-72.2595643702766, 43.8106526182666], [-72.259595534542, 43.8104742300815], [-72.2595915223684, 43.8102607164627], [-72.2596134903392, 43.8101444772524], [-72.2597935198777, 43.809746367208], [-72.2598383257928, 43.808844260937]]]}}, {"type": "Feature", "properties": {}, "geometry": {"type": "Polygon", "coordinates": [[[-72.2559286727743, 43.8142131389235], [-72.2560795024184, 43.8141982289522], [-72.256706046132, 43.8142399894261], [-72.2575572108952, 43.8140518534121], [-72.2578927130509, 43.81371646543], [-72.2579452129841, 43.8135614146523], [-72.2579440985562, 43.8132781194225], [-72.257925684328, 43.8131813065129], [-72.258080553527, 43.8130607461514], [-72.2582243795408, 43.81278274024], [-72.2582603648472, 43.8125182726691], [-72.2581991036278, 43.8123571743188], [-72.2582077986755, 43.81223479964], [-72.2583736574299, 43.8121449328054], [-72.2584952039435, 43.8121181796957], [-72.2588874287916, 43.812076279243], [-72.2592480087172, 43.8120146994872], [-72.2593240155561, 43.8124134829784], [-72.2593189300767, 43.812449555935], [-72.2591990547645, 43.8125876316458], [-72.2591700048203, 43.8126766700014], [-72.2591698847901, 43.8128292947303], [-72.2592511319035, 43.8133039735113], [-72.2592224735551, 43.8134245398387], [-72.2591336431254, 43.8135368507617], [-72.2589105518776, 43.813675438454], [-72.258702006005, 43.8138564713796], [-72.2582933309569, 43.8141368178825], [-72.2579692825621, 43.8142550500931], [-72.2577883006626, 43.8143874764127], [-72.2576288397554, 43.8144701906703], [-72.2573193417087, 43.8145402062798], [-72.2568746803265, 43.814769547996], [-72.2566625299741, 43.8149897006651], [-72.2564533169209, 43.8149550516461], [-72.2559262062431, 43.8148001490603], [-72.2558181409727, 43.8145786601075], [-72.2558906353525, 43.8144217235283], [-72.2559286727743, 43.8142131389235]]]}}, {"type": "Feature", "properties": {}, "geometry": {"type": "Polygon", "coordinates": [[[-72.2560795024184, 43.8141982289522], [-72.2559286727743, 43.8142131389235], [-72.2559537660221, 43.8141279997571], [-72.2559645780075, 43.8138727933516], [-72.2560361191059, 43.8137221578034], [-72.2561734997059, 43.8135928420431], [-72.2569258973342, 43.8135522055676], [-72.2574114031442, 43.8133238770769], [-72.257569510957, 43.8133065996649], [-72.2578368410971, 43.8132501340334], [-72.257925684328, 43.8131813065129], [-72.2579440985562, 43.8132781194225], [-72.2579452129841, 43.8135614146523], [-72.2578927130509, 43.81371646543], [-72.2575572108952, 43.8140518534121], [-72.256706046132, 43.8142399894261], [-72.2560795024184, 43.8141982289522]]]}}, {"type": "Feature", "properties": {}, "geometry": {"type": "Polygon", "coordinates": [[[-72.2550323548904, 43.8169028997873], [-72.2551584224574, 43.816925083379], [-72.2552432580076, 43.8170016935468], [-72.2553584680865, 43.8173299598436], [-72.2553602387699, 43.8176041278071], [-72.2552969368042, 43.8178330624581], [-72.2552127712217, 43.8179249518735], [-72.2548959700553, 43.8181314732095], [-72.2547595389268, 43.8182979699322], [-72.2546224603927, 43.8182922711792], [-72.2544320858044, 43.8182009402064], [-72.2542211613526, 43.8179716965131], [-72.2541265063616, 43.8177813415495], [-72.2539433460134, 43.8175645876106], [-72.2542004904593, 43.8172287128744], [-72.2542676092162, 43.8171956846756], [-72.254891809808, 43.8169178444886], [-72.2550323548904, 43.8169028997873]]]}}, {"type": "Feature", "properties": {}, "geometry": {"type": "Polygon", "coordinates": [[[-72.253556890932, 43.8180867664894], [-72.2540947222391, 43.8182260631835], [-72.2541900759267, 43.8182694468739], [-72.2543175436146, 43.8183529475969], [-72.2544425768175, 43.8184831837454], [-72.2545539296638, 43.8186664216892], [-72.2544776851715, 43.8187505111761], [-72.2543383012546, 43.8188165510747], [-72.2541080734938, 43.8188881430604], [-72.2539617366268, 43.8189084997732], [-72.2536629824117, 43.8189083203199], [-72.2534179853114, 43.8189707266816], [-72.2532570045023, 43.8189634193173], [-72.2532308794067, 43.818888319718], [-72.2531679365479, 43.8187972181289], [-72.2530939848732, 43.8185449722574], [-72.2530930985434, 43.8184532199375], [-72.2531830423019, 43.8182689500637], [-72.2532312233144, 43.8182167217336], [-72.2534306720016, 43.8180867572353], [-72.253556890932, 43.8180867664894]]]}}, {"type": "Feature", "properties": {}, "geometry": {"type": "Polygon", "coordinates": [[[-72.251860286955, 43.8179172905091], [-72.2520798356032, 43.8180352532369], [-72.2522682463317, 43.8181030995594], [-72.2521264998659, 43.8182047849382], [-72.2520690101165, 43.8182904618687], [-72.2520684633759, 43.8184587393751], [-72.2521166113209, 43.8185443543309], [-72.2521776423852, 43.8190033174426], [-72.2523200219447, 43.8192079743189], [-72.252538381875, 43.8194561639624], [-72.2526254061556, 43.8197441128258], [-72.252685241074, 43.8200687093965], [-72.2526359826788, 43.8201457189016], [-72.2525172077553, 43.8202516171816], [-72.2523537149506, 43.8203456165264], [-72.2520843690051, 43.8206033922657], [-72.2519714409604, 43.8205623369569], [-72.2519356435822, 43.820485462398], [-72.252050623172, 43.8200495133376], [-72.2519453903312, 43.8195916961037], [-72.2519452523845, 43.8195232103369], [-72.2518392388586, 43.8194010823035], [-72.2517009133555, 43.8193118877322], [-72.2515572201645, 43.8192994233599], [-72.2516390353617, 43.819065554072], [-72.2516077860712, 43.8189432563662], [-72.251543040266, 43.8188064892308], [-72.2514113440074, 43.8186333957891], [-72.2514329035508, 43.8186234703922], [-72.2515960136044, 43.8183638001503], [-72.2516277063364, 43.8181114917686], [-72.2516794865407, 43.8180201421718], [-72.251860286955, 43.8179172905091]]]}}, {"type": "Feature", "properties": {}, "geometry": {"type": "Polygon", "coordinates": [[[-72.252539588109, 43.8204315000905], [-72.2528461423408, 43.8202212505033], [-72.2528661006273, 43.8201795762882], [-72.2528550991064, 43.8200619158021], [-72.2528164473359, 43.8200039462604], [-72.2528280585466, 43.819677645125], [-72.2528084863342, 43.8195297328015], [-72.2527426130631, 43.8194686244864], [-72.2526087672274, 43.8192109482784], [-72.2528514445044, 43.8190898327859], [-72.2529476172504, 43.8191019115526], [-72.253237616307, 43.8192318613827], [-72.2535269365411, 43.8192839714434], [-72.2535769000847, 43.8192811033883], [-72.2535663875708, 43.8193578143188], [-72.2533163920211, 43.8195756569826], [-72.2532428733754, 43.8196593197718], [-72.2532631330794, 43.8197509240433], [-72.2533478704762, 43.8198423201171], [-72.2534649154588, 43.8200784114023], [-72.2534007167847, 43.8202155925906], [-72.2534018946819, 43.8203536573622], [-72.2533800088776, 43.8204116296875], [-72.2532111947372, 43.8203538560805], [-72.2531482381201, 43.8203534163505], [-72.2530223531616, 43.820392326142], [-72.2525882522803, 43.820707790367], [-72.2525373100006, 43.8207206562817], [-72.2522734115474, 43.8207129854181], [-72.2522024786616, 43.8207277373357], [-72.252539588109, 43.8204315000905]]]}}, {"type": "Feature", "properties": {}, "geometry": {"type": "Polygon", "coordinates": [[[-72.2522734115474, 43.8207129854181], [-72.2525373100006, 43.8207206562817], [-72.2525882522803, 43.820707790367], [-72.2530223531616, 43.820392326142], [-72.2531482381201, 43.8203534163505], [-72.2532111947372, 43.8203538560805], [-72.2533800088776, 43.8204116296875], [-72.2534020841369, 43.8204147515584], [-72.253401574287, 43.820445187658], [-72.2536971839275, 43.8205521099013], [-72.2538016163368, 43.8205518244179], [-72.2540379415164, 43.8206080970566], [-72.2541829734455, 43.8207799307121], [-72.2540874039351, 43.820856777931], [-72.254024086551, 43.8208646000952], [-72.253898410026, 43.8209174255243], [-72.2536445804892, 43.8209865412106], [-72.2535185948486, 43.8210402360726], [-72.25308597736, 43.8213152677454], [-72.2528057226237, 43.8215747471388], [-72.2525638963278, 43.8219689425965], [-72.2522651563015, 43.8221861766617], [-72.2520749991296, 43.8222392076473], [-72.2517027726589, 43.8222246316052], [-72.2517874334111, 43.8221060031589], [-72.2518457670665, 43.8219418410062], [-72.2518943922421, 43.8219137482609], [-72.2519484352455, 43.8218015349905], [-72.2520205533829, 43.8211708443304], [-72.2521015075982, 43.8208415253127], [-72.2522024786616, 43.8207277373357], [-72.2522734115474, 43.8207129854181]]]}}, {"type": "Feature", "properties": {}, "geometry": {"type": "Polygon", "coordinates": [[[-72.270483851655, 43.8116534368246], [-72.270811990757, 43.8116904222871], [-72.2712988483489, 43.8117083762044], [-72.2714750496493, 43.8117924588644], [-72.2715618195324, 43.8118527586555], [-72.2716376347999, 43.8119221523373], [-72.2716990774547, 43.8120138905968], [-72.2718499825252, 43.8124485755732], [-72.2718475392974, 43.8126368476119], [-72.271791036301, 43.8129919109655], [-72.2717950998634, 43.8131110663287], [-72.2719426864654, 43.8133592001882], [-72.2720556747608, 43.8134835076528], [-72.2723756504169, 43.8136596063592], [-72.272506825996, 43.8137798445103], [-72.2725686057622, 43.8138670179914], [-72.272598848418, 43.8139632164081], [-72.2726323700183, 43.8142061818868], [-72.2725860460165, 43.8143475624584], [-72.2723941176659, 43.8144456207931], [-72.2723556529868, 43.8144959302309], [-72.2722707707542, 43.8146552264648], [-72.2722862798747, 43.8148292107243], [-72.272247125205, 43.8148923458964], [-72.2721789477931, 43.8149501649318], [-72.2720901835834, 43.8148700745809], [-72.272021886059, 43.8147613541082], [-72.2719621324854, 43.8145959178217], [-72.2719715114323, 43.8143191803336], [-72.2719143156615, 43.8139941698503], [-72.2718466018499, 43.8137967474567], [-72.2716285102483, 43.8134533652273], [-72.271465043923, 43.8133188856726], [-72.2714304696551, 43.8131913648979], [-72.2713212076304, 43.813052936255], [-72.2711017695403, 43.8128693489682], [-72.2709266760035, 43.8126624304974], [-72.2708625476653, 43.812610904731], [-72.2707544818235, 43.8125670551646], [-72.2706137276263, 43.8124774397279], [-72.2704149411657, 43.8123300113779], [-72.2702251780059, 43.8120991265719], [-72.2701798608624, 43.8119946152949], [-72.2701812135358, 43.8118348207115], [-72.2702170175449, 43.8118210276732], [-72.2702237350307, 43.8117658271708], [-72.2702611537122, 43.8117366042752], [-72.2704012393237, 43.8116975098858], [-72.270483851655, 43.8116534368246]]]}}, {"type": "Feature", "properties": {}, "geometry": {"type": "Polygon", "coordinates": [[[-72.2702743148358, 43.8126354358483], [-72.2705221502115, 43.812688238034], [-72.2706354740989, 43.812760803013], [-72.2707580357159, 43.8129016666354], [-72.2708488392267, 43.8129469793298], [-72.2710156166726, 43.8131301718995], [-72.2711191647982, 43.813262927498], [-72.2711500450993, 43.8133536935187], [-72.2711950401832, 43.8134155904825], [-72.2712474089399, 43.8134603379074], [-72.2713056874951, 43.8134811894936], [-72.2713380926601, 43.8135241305748], [-72.2715380492565, 43.8140020306981], [-72.2715710047163, 43.8141921608825], [-72.2716553649411, 43.8143898585745], [-72.2717803046751, 43.8148614176269], [-72.2719550755553, 43.8150729004259], [-72.271516320895, 43.8151007681315], [-72.2711124854214, 43.8150193941715], [-72.2708321206906, 43.8148949528268], [-72.2709581424887, 43.8147394936206], [-72.270985286312, 43.8146158766315], [-72.2709425474347, 43.8145331141603], [-72.2708487802476, 43.8144780089493], [-72.2706223288923, 43.8143939721868], [-72.2705782603345, 43.8143294681229], [-72.2705292897613, 43.8142279873673], [-72.2706071329705, 43.813758419022], [-72.2705837006028, 43.8136394146075], [-72.2705219556347, 43.8135013646628], [-72.2701430151599, 43.8130415539676], [-72.270129953231, 43.8127264770029], [-72.2702743148358, 43.8126354358483]]]}}, {"type": "Feature", "properties": {}, "geometry": {"type": "Polygon", "coordinates": [[[-72.2729899570628, 43.8153901223352], [-72.2729002980395, 43.8154467824985], [-72.272842309441, 43.8153815794319], [-72.2727930537754, 43.8152300927678], [-72.2728002493865, 43.8151481517063], [-72.2728500031819, 43.8150841823643], [-72.2731412524881, 43.8150255922697], [-72.2731801948393, 43.8149485421283], [-72.2732007840904, 43.8146692335277], [-72.2732458684202, 43.8145785063162], [-72.2733273465498, 43.8145231220666], [-72.2734295198699, 43.8144965073273], [-72.2735744645975, 43.8145017786164], [-72.2736950792721, 43.814524795861], [-72.2738523472586, 43.8145896788708], [-72.2740443345559, 43.8145748885017], [-72.2741334377429, 43.8146032348545], [-72.2743860039105, 43.8146282165384], [-72.2745065529751, 43.8146151421114], [-72.2745324237714, 43.8145930518683], [-72.2745081458074, 43.8145562269954], [-72.2747601683243, 43.8145718574881], [-72.2750066847484, 43.8146429099548], [-72.2751193093454, 43.8146848138741], [-72.2752128411644, 43.8147768763208], [-72.2753793641341, 43.815047898614], [-72.2756045519057, 43.815607191726], [-72.2758564468857, 43.8161093946747], [-72.2759561693499, 43.8162275673245], [-72.2759989144159, 43.8163103279098], [-72.2760038890882, 43.8163833951532], [-72.2759472342941, 43.8164849562116], [-72.2750512657781, 43.8159795075059], [-72.2748055764664, 43.8158734546038], [-72.274641329236, 43.8158572491568], [-72.2745954487604, 43.8158377456835], [-72.2744468988485, 43.8158281145736], [-72.274025936568, 43.8157260370151], [-72.2737897030481, 43.8157021964627], [-72.2735172938961, 43.815609747593], [-72.2734456464973, 43.8155503695107], [-72.2731969451153, 43.8154890903861], [-72.2729899570628, 43.8153901223352]]]}}, {"type": "Feature", "properties": {}, "geometry": {"type": "Polygon", "coordinates": [[[-72.2714378139702, 43.8169652712418], [-72.2715142306209, 43.8168516040516], [-72.2715499900782, 43.8166601824803], [-72.271303713495, 43.8160442822784], [-72.2713580889018, 43.815829443198], [-72.2714439784513, 43.8156092738297], [-72.2715441536588, 43.815472207747], [-72.2716694562928, 43.8153804475176], [-72.272001714721, 43.8152535129827], [-72.2719795918804, 43.8154428060445], [-72.2718884199769, 43.8156379536782], [-72.2718216859246, 43.8158912343156], [-72.2718811254087, 43.8161047187206], [-72.2719668307041, 43.8161897998081], [-72.272102927362, 43.81625265863], [-72.2722929028394, 43.8162689527392], [-72.2724070740859, 43.8162593372428], [-72.2725706208759, 43.8161977082986], [-72.2727798028304, 43.8160075243097], [-72.2728394241278, 43.815915758775], [-72.2728213309323, 43.8157200233872], [-72.2729687027199, 43.8156785594435], [-72.2730498192097, 43.8156786150745], [-72.2731075353746, 43.815646632972], [-72.2731937927916, 43.8156938853388], [-72.2733405584029, 43.8157448198933], [-72.2733814321493, 43.8157893100742], [-72.2734704894602, 43.8158250485238], [-72.2740191545781, 43.8159773448347], [-72.2747334085637, 43.8160332291128], [-72.2749899080392, 43.8161523640477], [-72.2751372432703, 43.8162561304598], [-72.2755663065076, 43.8165095522976], [-72.2758848364192, 43.8166788991132], [-72.2761479272462, 43.8168556687728], [-72.2761610800895, 43.8173011962563], [-72.2762079626409, 43.8175863850754], [-72.2762459447517, 43.8176571725664], [-72.2758530698844, 43.8175158413701], [-72.2753645403842, 43.817422673317], [-72.2752851527899, 43.8174358872401], [-72.2752495412154, 43.8173729345389], [-72.2751794309383, 43.8173092136154], [-72.2750273503254, 43.8172369566227], [-72.2748238135839, 43.817164526335], [-72.2746340247077, 43.8171658454717], [-72.2743932028232, 43.8171948231305], [-72.2736040530954, 43.8173898001723], [-72.2731187890668, 43.817584926801], [-72.2729354338927, 43.8177132363043], [-72.2728631976213, 43.8177897406027], [-72.272823358053, 43.8178185235442], [-72.272690022774, 43.8178422068365], [-72.2722620247339, 43.8179812129679], [-72.272129020875, 43.818000331316], [-72.2719447386897, 43.8179462250358], [-72.2718595143656, 43.8177872225507], [-72.2718273293332, 43.8176638399707], [-72.2716344020848, 43.8173583708642], [-72.2714378139702, 43.8169652712418]]]}}, {"type": "Feature", "properties": {}, "geometry": {"type": "Polygon", "coordinates": [[[-72.2766313778965, 43.8169849086052], [-72.2767537753498, 43.817013798935], [-72.2770352268373, 43.8171606250565], [-72.2770779244736, 43.8172979563952], [-72.2771846217167, 43.8174146297477], [-72.2772983940348, 43.8177944004872], [-72.2773299808036, 43.8181988988286], [-72.2775310664779, 43.8185576529948], [-72.2777531723236, 43.8187084120074], [-72.2780537380306, 43.8189900976476], [-72.2782011069914, 43.8190901642896], [-72.2784562477524, 43.8192349444327], [-72.2786412486434, 43.8193668791676], [-72.2789840571382, 43.8195295589026], [-72.2790559042733, 43.8196065467399], [-72.2791595007005, 43.8198299597059], [-72.2792350947399, 43.8198891308375], [-72.2793494371811, 43.8199479956187], [-72.2795859233173, 43.820029225925], [-72.279953208833, 43.8201048010645], [-72.2802342060274, 43.8202311815679], [-72.280584539117, 43.820448889394], [-72.281232092986, 43.8206238800231], [-72.28215323033, 43.8209026077822], [-72.2825989479774, 43.8210693148367], [-72.2831420350354, 43.8213463557331], [-72.2831986679812, 43.8214843833536], [-72.283233201045, 43.8216701715853], [-72.2830703123848, 43.8216283265739], [-72.2829022517439, 43.8215429793495], [-72.2825766184416, 43.8214371120075], [-72.2820666602751, 43.8212336657846], [-72.2817947386474, 43.8211542799611], [-72.2816777131359, 43.8210884511795], [-72.281455022234, 43.8210264029972], [-72.2812648196663, 43.8209962052463], [-72.280924510673, 43.8209135489214], [-72.2801022378491, 43.8206538379084], [-72.279527200249, 43.8204523406813], [-72.2792641780312, 43.8204023301671], [-72.2791213318608, 43.8203511984774], [-72.2789688143122, 43.8202039350848], [-72.2786377911104, 43.8199499777872], [-72.2782211687108, 43.8196868219929], [-72.2776428997213, 43.8194255174428], [-72.2771333814642, 43.8190648630419], [-72.277011432499, 43.8190129270603], [-72.2769750825513, 43.8189701922859], [-72.2768848600908, 43.8189268432507], [-72.2767941906056, 43.8188121796591], [-72.2768075671827, 43.8187563477422], [-72.2768621565537, 43.8186932622809], [-72.2769361006254, 43.8185393613984], [-72.2771037463193, 43.8177041747825], [-72.2770868698986, 43.8175993238165], [-72.2770364640958, 43.8174837080746], [-72.2767773180756, 43.8170708406989], [-72.2766313778965, 43.8169849086052]]]}}, {"type": "Feature", "properties": {}, "geometry": {"type": "Polygon", "coordinates": [[[-72.2696166618418, 43.8216448564022], [-72.269921068319, 43.821661760545], [-72.2701416556246, 43.8216281571625], [-72.2702923673838, 43.8215410497498], [-72.2704359027946, 43.8213943443412], [-72.2704313681491, 43.8214397695298], [-72.2707809758665, 43.8215796655473], [-72.2707950621882, 43.8217395147364], [-72.2706085798615, 43.8222030690654], [-72.2704622685889, 43.8224954353044], [-72.2702204628376, 43.8230857737277], [-72.2701786426453, 43.8233232707038], [-72.2700488431734, 43.8235437273771], [-72.2699419006353, 43.8236490290406], [-72.2698793948869, 43.8237633966842], [-72.2697615183005, 43.8238740975574], [-72.2695955069467, 43.8238011331276], [-72.2694484970299, 43.8236927940121], [-72.2693450822327, 43.8235378581903], [-72.2691739508536, 43.8234611813522], [-72.269032219496, 43.8234250420524], [-72.2690870319514, 43.823100189476], [-72.2690160108206, 43.8229447112513], [-72.2687228821787, 43.8228234820976], [-72.2684996222097, 43.8228029378551], [-72.2685395871317, 43.8227556761253], [-72.2687277782821, 43.8226319541494], [-72.2691049285259, 43.8224512580245], [-72.2692061173456, 43.8223004971499], [-72.2692142500761, 43.8218930844076], [-72.269237610413, 43.8217474934796], [-72.2693946543415, 43.8216643222917], [-72.2696166618418, 43.8216448564022]]]}}, {"type": "Feature", "properties": {}, "geometry": {"type": "Polygon", "coordinates": [[[-72.2814090558877, 43.8228616878868], [-72.2814513817874, 43.8226335398328], [-72.2815836809925, 43.8226781132218], [-72.2817370380031, 43.8226960120386], [-72.2819141109831, 43.8227450821985], [-72.2821989370543, 43.8227481961209], [-72.2826207021725, 43.8224488996272], [-72.2830430602195, 43.8222459193926], [-72.2831623151058, 43.8222002192073], [-72.2832513124731, 43.8221998592459], [-72.2834218128777, 43.8222347725579], [-72.2836957329304, 43.8223339467428], [-72.2839438062148, 43.8224515154235], [-72.2842697614981, 43.8226508722502], [-72.2844034195133, 43.8228150265468], [-72.2844493108924, 43.8229288865717], [-72.2844261773478, 43.8231392706109], [-72.2843889306779, 43.8232841661924], [-72.2842749799284, 43.8231624724262], [-72.2840208572828, 43.8230909770567], [-72.2835466286371, 43.8231207252132], [-72.2832760341576, 43.8232589819638], [-72.2831750156639, 43.8233875777854], [-72.283022907039, 43.8239323612521], [-72.2829477374903, 43.8240425619212], [-72.2827146274069, 43.824093322009], [-72.2825113716642, 43.8240672136363], [-72.282289856966, 43.8240090845699], [-72.2820729413833, 43.8239416215984], [-72.2819014631476, 43.8238695252915], [-72.2816983505348, 43.8237740598048], [-72.2815890734988, 43.8236791220885], [-72.2815185242147, 43.8235875730256], [-72.2812825442287, 43.8234722133091], [-72.2812178772588, 43.8233604649551], [-72.2812551064935, 43.8232192662105], [-72.2814090558877, 43.8228616878868]]]}}, {"type": "Feature", "properties": {}, "geometry": {"type": "Polygon", "coordinates": [[[-72.2832513124731, 43.8221998592459], [-72.2831623151058, 43.8222002192073], [-72.2830430602195, 43.8222459193926], [-72.2826207021725, 43.8224488996272], [-72.2821989370543, 43.8227481961209], [-72.2819141109831, 43.8227450821985], [-72.2817370380031, 43.8226960120386], [-72.2815836809925, 43.8226781132218], [-72.2814513817874, 43.8226335398328], [-72.2814794095341, 43.8223222897132], [-72.2815342092928, 43.8220843999029], [-72.281457424122, 43.8220213114081], [-72.2810369373061, 43.8221210197752], [-72.2808928291205, 43.8219827010801], [-72.2807068224933, 43.821722922899], [-72.2805911962159, 43.8216277469996], [-72.2804636189825, 43.8215553586956], [-72.2800890896068, 43.8214747605225], [-72.2798867217499, 43.8214534335142], [-72.2798161266821, 43.8214164559074], [-72.2797706712772, 43.8213304261019], [-72.2797572991339, 43.8211975401303], [-72.279790408872, 43.8208502179328], [-72.2798202886912, 43.820769654821], [-72.2800330641942, 43.8208668931726], [-72.2802457222785, 43.8209354333314], [-72.2809150256765, 43.8210709271884], [-72.2812576341819, 43.821172507297], [-72.2814294132399, 43.8211965565104], [-72.2815966875157, 43.8212623339158], [-72.2818021626369, 43.8213184550244], [-72.2819330858325, 43.8213886782547], [-72.2826191657979, 43.8216474940982], [-72.2827211100238, 43.8217050113629], [-72.2831845470557, 43.8218472065303], [-72.2832970443898, 43.8218641003694], [-72.2835197383815, 43.82192614496], [-72.2838177279784, 43.8220482271487], [-72.2843991679829, 43.8221990686642], [-72.2846120236966, 43.8222380329757], [-72.28487344181, 43.8222562844759], [-72.2850333216499, 43.8222957262746], [-72.2853357267158, 43.8224380386358], [-72.2854533140436, 43.822654754032], [-72.2854578969943, 43.8227434753098], [-72.2855504913757, 43.8229870692594], [-72.2856965299354, 43.823109083508], [-72.2858849520639, 43.8233258131046], [-72.2861283242736, 43.823565551518], [-72.2862437248011, 43.8239844597694], [-72.2863495585106, 43.824241575728], [-72.2864403239459, 43.8243923266572], [-72.2865671371297, 43.8245394982237], [-72.2865974285212, 43.8246319998317], [-72.2866005922049, 43.8247537643033], [-72.2865695129679, 43.8248812870316], [-72.2864551755599, 43.8250583271588], [-72.2864143824605, 43.8252858301125], [-72.2864049421732, 43.8255810543429], [-72.2863683855046, 43.8257131260789], [-72.2862284842341, 43.8256246131316], [-72.2858655465293, 43.8255258056924], [-72.2856044387524, 43.8254086316598], [-72.2854636360512, 43.8252718494662], [-72.2853356854863, 43.8251133662668], [-72.2849430802062, 43.8245391820419], [-72.2847433681791, 43.8242889309147], [-72.2845104948577, 43.8238744195304], [-72.2843586212003, 43.8237180319295], [-72.2844544785916, 43.8233535206168], [-72.2843889306779, 43.8232841661924], [-72.2844261773478, 43.8231392706109], [-72.2844493108924, 43.8229288865717], [-72.2844034195133, 43.8228150265468], [-72.2842697614981, 43.8226508722502], [-72.2839438062148, 43.8224515154235], [-72.2836957329304, 43.8223339467428], [-72.2834218128777, 43.8222347725579], [-72.2832513124731, 43.8221998592459]]]}}, {"type": "Feature", "properties": {}, "geometry": {"type": "Polygon", "coordinates": [[[-72.281649302991, 43.8255708608652], [-72.2816859674609, 43.8255655460748], [-72.2819336682953, 43.8256007159118], [-72.2820541637498, 43.8256459032783], [-72.2821114106484, 43.8256406557267], [-72.28244222362, 43.8252238692483], [-72.2825679788948, 43.8251090525767], [-72.282661485073, 43.8250669632164], [-72.2827575771544, 43.8250938056897], [-72.282802304116, 43.8251528735417], [-72.2828755665047, 43.8254364105244], [-72.2829395282054, 43.825517501405], [-72.2830698899086, 43.8255820701811], [-72.2829439497099, 43.8259151745844], [-72.2829204052773, 43.8260940331629], [-72.2830881267112, 43.8263763612939], [-72.2830385420421, 43.8265088234911], [-72.283002092832, 43.8265280533383], [-72.2828372748006, 43.8265968669557], [-72.2827175640591, 43.8266656114046], [-72.2822651797695, 43.8270148165505], [-72.2820892382542, 43.8270714178354], [-72.2819432935151, 43.8270761544389], [-72.2817867248838, 43.8269438801151], [-72.2817369445933, 43.8267756514519], [-72.2817361592407, 43.8266617204637], [-72.2817956574358, 43.8263053494633], [-72.2817415366123, 43.8260586182596], [-72.2815920335899, 43.8257213425314], [-72.281649302991, 43.8255708608652]]]}}, {"type": "Feature", "properties": {}, "geometry": {"type": "Polygon", "coordinates": [[[-72.2821484297758, 43.8364609494605], [-72.2821693003175, 43.8363694824114], [-72.2823166811167, 43.8360486173849], [-72.282359630894, 43.835865907708], [-72.2823605053429, 43.835681970329], [-72.2823010874352, 43.8355517550984], [-72.2822549292908, 43.8353841877547], [-72.2822866859208, 43.8352475336373], [-72.282371830908, 43.8350947493639], [-72.2823607775188, 43.8350714479864], [-72.2823874828352, 43.8350143541682], [-72.2823659663981, 43.8348753498543], [-72.2823937089044, 43.8345140850359], [-72.2826250918147, 43.8341234877936], [-72.2827212345012, 43.8338126741111], [-72.2826577337262, 43.8334689384983], [-72.2826580173516, 43.8333774040326], [-72.28270096414, 43.8331946941355], [-72.2827012194255, 43.8329653156585], [-72.282637914937, 43.8328279138519], [-72.2824939471313, 43.8326637198729], [-72.282376733487, 43.8325294020415], [-72.2823761103447, 43.8322480566703], [-72.2824928671447, 43.8321223367112], [-72.2826798678354, 43.8318059538013], [-72.2827797844907, 43.8317095304722], [-72.2830007039986, 43.8315806749161], [-72.2830884536198, 43.831493126044], [-72.283111027163, 43.831324264746], [-72.2831931795742, 43.8312597436234], [-72.2834588286226, 43.8311899562021], [-72.2837610691272, 43.8310787605854], [-72.2839746765444, 43.8309087879683], [-72.2841500987481, 43.830697596502], [-72.2842577934925, 43.8301400488999], [-72.284273172547, 43.8299115904556], [-72.2843090941797, 43.8297377714489], [-72.2845032904305, 43.8294301069822], [-72.2845900643408, 43.8293525554812], [-72.284914777576, 43.8292288223395], [-72.2849258573607, 43.8292956057967], [-72.2850153199499, 43.8294137411227], [-72.2851129482384, 43.8296286555244], [-72.2851847056956, 43.8298656610291], [-72.2851159606155, 43.8300121949049], [-72.2849549636095, 43.8302408281731], [-72.2848872377166, 43.8303699717651], [-72.2848440835062, 43.8305387651671], [-72.2847410239022, 43.8311776443061], [-72.2847251370315, 43.8312478196548], [-72.284493863598, 43.8314820928006], [-72.2840277891898, 43.8316484112546], [-72.2839085925473, 43.8317773852338], [-72.2835878044023, 43.8319480928158], [-72.283556215516, 43.8320116932111], [-72.2835505525228, 43.8321401701674], [-72.283475062716, 43.8321568820032], [-72.2834292956811, 43.8323548019343], [-72.2835660798525, 43.8325537582036], [-72.2835659197204, 43.8327211712966], [-72.2835137228615, 43.83283558121], [-72.2832813461756, 43.833003970357], [-72.2831859372481, 43.83320020546], [-72.2833536524373, 43.8334390520263], [-72.2833857691421, 43.8335300403744], [-72.2833751940509, 43.8336215398636], [-72.2832056906203, 43.8338051378754], [-72.2831951151987, 43.8338966387491], [-72.2832693351538, 43.8340795176214], [-72.2834056240686, 43.8343089116187], [-72.2834053435237, 43.834400444671], [-72.2833526943225, 43.8345379005003], [-72.2831943822229, 43.8346754427954], [-72.2831441533538, 43.8348133404809], [-72.2831889342554, 43.8349121973812], [-72.2832341953838, 43.8351258550111], [-72.2832331369442, 43.8353393614856], [-72.2832785137824, 43.8354873579228], [-72.2832801094332, 43.8356643457157], [-72.2831677202022, 43.8360064168912], [-72.2829704351333, 43.8361775312459], [-72.282934675121, 43.8364198394319], [-72.2828461146559, 43.8365858764421], [-72.2827024072422, 43.8367584717117], [-72.2826907370548, 43.8367369088255], [-72.282632816973, 43.8367512852439], [-72.28256993927, 43.8367360757574], [-72.2824644399391, 43.8368046513724], [-72.2823167021703, 43.8370865957951], [-72.2822210923544, 43.8371708593015], [-72.2821891678884, 43.8372390249609], [-72.2820058721892, 43.8373525667886], [-72.2819157875833, 43.837330526554], [-72.2818618731508, 43.8372392487368], [-72.2818729004296, 43.8371247020328], [-72.2819583802408, 43.8368729907527], [-72.2819689561474, 43.8367814914489], [-72.2821484297758, 43.8364609494605]]]}}, {"type": "Feature", "properties": {}, "geometry": {"type": "Polygon", "coordinates": [[[-72.2500475766806, 43.821565001796], [-72.2501962391678, 43.8212952791783], [-72.2501332984188, 43.8212041759613], [-72.249942871196, 43.8211202305173], [-72.2498271112967, 43.821050898262], [-72.2498053367443, 43.8209599412177], [-72.2498907221, 43.8208682764864], [-72.250111178564, 43.8207227352723], [-72.2501321368215, 43.8206238851637], [-72.2501118796756, 43.8205322803577], [-72.2500480392713, 43.8204400880216], [-72.2499213712065, 43.8203724561573], [-72.2496334109154, 43.8202983829274], [-72.2496888737786, 43.8202003074214], [-72.2498165567222, 43.8201200985109], [-72.249942641227, 43.8200081408708], [-72.2502794529116, 43.8200208578272], [-72.2506583460992, 43.8199441470728], [-72.2508697664087, 43.8197913983094], [-72.2508696166071, 43.8195924613327], [-72.2511018910731, 43.8193556463827], [-72.2512275166553, 43.8193102155751], [-72.2514174649023, 43.8192867536098], [-72.2515572201645, 43.8192994233599], [-72.2517009133555, 43.8193118877322], [-72.2518392388586, 43.8194010823035], [-72.2519452523845, 43.8195232103369], [-72.2519453903312, 43.8195916961037], [-72.252050623172, 43.8200495133376], [-72.2519356435822, 43.820485462398], [-72.2519714409604, 43.8205623369569], [-72.2520843690051, 43.8206033922657], [-72.251962096239, 43.8207336287555], [-72.2518757493966, 43.8209222593937], [-72.2517938368387, 43.8212143970251], [-72.2518050350127, 43.8214801206292], [-72.2517433307381, 43.8216501398476], [-72.2516811212626, 43.8216729672501], [-72.2516320269645, 43.8216371369841], [-72.251441322942, 43.8216373327395], [-72.2508091313389, 43.8218359924038], [-72.2506820847055, 43.8218672860177], [-72.2504924887139, 43.8218824853311], [-72.250366362247, 43.8218676895561], [-72.250239489848, 43.821829627101], [-72.2501130769504, 43.8217685199858], [-72.2500475766806, 43.821565001796]]]}}, {"type": "Feature", "properties": {}, "geometry": {"type": "Polygon", "coordinates": [[[-72.2338118298615, 43.8248121022222], [-72.2333945330879, 43.8248336181347], [-72.2332104935351, 43.8247896768532], [-72.2331388432538, 43.8247339722413], [-72.2331893311696, 43.82453043542], [-72.2330943836974, 43.824217873695], [-72.232957074132, 43.8239882102189], [-72.2328410176575, 43.823919732027], [-72.2327144777023, 43.8239205710646], [-72.2326192408373, 43.8239891430963], [-72.2324932972686, 43.8241186961382], [-72.2324401616285, 43.824141330376], [-72.232398408488, 43.8240957364712], [-72.2322717094266, 43.8238217582692], [-72.2321867868329, 43.8237599156783], [-72.2320811921508, 43.8237525704441], [-72.2319546000395, 43.8237608015901], [-72.2318388314418, 43.8238219036188], [-72.2317549361664, 43.8239129113951], [-72.2316919005918, 43.8240503052155], [-72.2316597394028, 43.8241878122766], [-72.2316605213252, 43.8244174099657], [-72.2316183777408, 43.8245540117996], [-72.231568216503, 43.8246262271129], [-72.231365544836, 43.8246056952546], [-72.2312801908868, 43.8246464722068], [-72.2311333743232, 43.8246463659845], [-72.2308803896383, 43.8246767421265], [-72.2306264081462, 43.8246773265017], [-72.2299303884245, 43.8248993506271], [-72.2298036880719, 43.8249223638667], [-72.2296942891821, 43.8248967378175], [-72.229692567809, 43.8248834692532], [-72.2296670767371, 43.8247233546809], [-72.2296774136106, 43.8246327299881], [-72.2297719927493, 43.8244030498265], [-72.2298094260021, 43.8239103001945], [-72.2297819852091, 43.8238534519711], [-72.2297816049491, 43.8234416596373], [-72.2298031247265, 43.8233956476117], [-72.2299289029561, 43.8225712270317], [-72.2299204827239, 43.8224790109942], [-72.2300013333064, 43.822432781908], [-72.2300765883318, 43.8224493659074], [-72.2301399631783, 43.8224341640762], [-72.2304983728109, 43.8224333137686], [-72.2309922867625, 43.822489706764], [-72.2313428250452, 43.8226160152691], [-72.2325443464266, 43.8228595969542], [-72.2329356110855, 43.822878645129], [-72.233430982602, 43.8228585041739], [-72.2338096150541, 43.8228659809603], [-72.2341270173318, 43.8228427925017], [-72.234252661091, 43.8227973776148], [-72.2346046793875, 43.822502978946], [-72.2346010596115, 43.8226290676562], [-72.2346642586781, 43.8227664904243], [-72.2346756516474, 43.8229952549261], [-72.234728558594, 43.8231326396926], [-72.2347914817734, 43.8232237513176], [-72.2348436311744, 43.8232545978003], [-72.2350437555393, 43.8234633997509], [-72.2353297593813, 43.8237277379008], [-72.2353511539893, 43.8238269589581], [-72.2352146982881, 43.82411649715], [-72.2350869130306, 43.8242077811643], [-72.2350347972431, 43.8242999928778], [-72.2351403238265, 43.8244451793663], [-72.23517266568, 43.8246657610557], [-72.2351399244133, 43.824757826442], [-72.2350778259997, 43.8248491332629], [-72.2349517654783, 43.8249102019191], [-72.2347612775712, 43.8249640766297], [-72.2345076036737, 43.8249638012328], [-72.2342553497736, 43.8249341770867], [-72.233939113328, 43.8248345285984], [-72.2338118298615, 43.8248121022222]]]}}, {"type": "Feature", "properties": {}, "geometry": {"type": "Polygon", "coordinates": [[[-72.2498396763115, 43.8234512349143], [-72.2499705744905, 43.8233003761225], [-72.2502120573753, 43.8231355592173], [-72.250313767317, 43.8231357013086], [-72.2504590563919, 43.8233575478364], [-72.2505859681385, 43.8234788816901], [-72.2507080575972, 43.8235086655082], [-72.2508264155437, 43.8235090839381], [-72.250910703512, 43.8234893793662], [-72.2509414311701, 43.8235551486267], [-72.2508457220249, 43.823606989665], [-72.2507589872579, 43.8238510616368], [-72.2506953918873, 43.8239430220163], [-72.2504743652997, 43.82412639328], [-72.2503904939709, 43.8242174119769], [-72.2503271863608, 43.824355683188], [-72.2503058999625, 43.8245460662836], [-72.2503901739007, 43.8248816246591], [-72.2503905968726, 43.8249964228008], [-72.2503211398176, 43.8251483711695], [-72.2501031432967, 43.825330447441], [-72.2498736277781, 43.8250302482578], [-72.2494524397726, 43.8246060924139], [-72.2494201133454, 43.8245085741966], [-72.2493880354556, 43.8242871293964], [-72.2493969589388, 43.8242221526554], [-72.2494473539694, 43.8241129688798], [-72.2495280631923, 43.8240417253683], [-72.2496783854173, 43.8238398414659], [-72.2498396763115, 43.8234512349143]]]}}, {"type": "Feature", "properties": {}, "geometry": {"type": "Polygon", "coordinates": [[[-72.2475750060076, 43.8267099058116], [-72.2476171380045, 43.826439151254], [-72.2476074101254, 43.8264012854722], [-72.247680713538, 43.8263508884166], [-72.2476357252191, 43.8261585299131], [-72.2476598789047, 43.8260362087537], [-72.2477658086624, 43.825952009436], [-72.2477842039809, 43.825918375495], [-72.2478921045121, 43.8257235164074], [-72.2480293709788, 43.8256163826441], [-72.2481553692119, 43.825562693907], [-72.2482186398812, 43.8255622665625], [-72.2485577788599, 43.8257243626941], [-72.2485775978413, 43.8254402660229], [-72.2487355895311, 43.8251805776693], [-72.2488195046362, 43.8249517161668], [-72.2488189084752, 43.8249062735588], [-72.2486929127284, 43.8246083962885], [-72.2484715202859, 43.824448459679], [-72.2484291413556, 43.8244480907617], [-72.2484042077956, 43.8244203902603], [-72.248693077378, 43.8240570242736], [-72.2488709997026, 43.8237158742811], [-72.2489551812297, 43.8236239882616], [-72.2491631152918, 43.8234520963652], [-72.2494805029318, 43.8232984211669], [-72.2495402666872, 43.8232353643735], [-72.2497375412386, 43.8232928091146], [-72.2494362459328, 43.823879640158], [-72.2493649819921, 43.823985921915], [-72.2492106396096, 43.824112129044], [-72.2491565094076, 43.8241919473987], [-72.2491364261276, 43.8243390686168], [-72.2491444125662, 43.8244543291815], [-72.2491840442297, 43.8245457853562], [-72.2493910638953, 43.8248150325452], [-72.2496894776448, 43.8250445974738], [-72.249752522331, 43.8251209177738], [-72.2498640007222, 43.8252856811884], [-72.249916145506, 43.8254506704726], [-72.2500043387097, 43.8256120905707], [-72.250083906706, 43.8257071664636], [-72.2501168834672, 43.8258862192033], [-72.25011638012, 43.8260036240399], [-72.2500688337332, 43.8263150176271], [-72.2499277732541, 43.8268424127145], [-72.249655528098, 43.8269886401845], [-72.2495284195888, 43.827027325418], [-72.2493492029882, 43.8270277763045], [-72.2492964300823, 43.8270421555788], [-72.249295918069, 43.8270725930259], [-72.2492325431223, 43.8270878054672], [-72.2491064099098, 43.8270730068921], [-72.2487543734372, 43.8269363048637], [-72.2486630008393, 43.8269288051126], [-72.2485374621166, 43.8269594499045], [-72.2483502251275, 43.8270694514302], [-72.2480518381578, 43.8273182049365], [-72.2478836408856, 43.827432621343], [-72.2477676232668, 43.8274872149639], [-72.2474718383403, 43.8274024549176], [-72.2473768078245, 43.8273110177929], [-72.247334449933, 43.8272199853453], [-72.2473346259281, 43.8271506298424], [-72.2473811402047, 43.8269907740713], [-72.2475750060076, 43.8267099058116]]]}}, {"type": "Feature", "properties": {}, "geometry": {"type": "Polygon", "coordinates": [[[-72.2456979152036, 43.8249927701537], [-72.2458560512565, 43.8249320225514], [-72.2459278639063, 43.8249220608716], [-72.2459452558785, 43.8249021212267], [-72.2460884225319, 43.8249922095762], [-72.2462141404854, 43.8250226615979], [-72.2465306748468, 43.8250381417552], [-72.2467206918089, 43.8250072947055], [-72.2469113539492, 43.8250144969947], [-72.2470370723661, 43.8250449495184], [-72.2470892296734, 43.8250757918289], [-72.2471327949231, 43.8251670450536], [-72.2471321367814, 43.8253501096308], [-72.2469539652975, 43.8255940705153], [-72.2469218343918, 43.8257315819081], [-72.2469165139726, 43.8258878877717], [-72.2468162186255, 43.8259453630724], [-72.2464996057947, 43.8259844561142], [-72.2463737315685, 43.8259761804598], [-72.2462464917069, 43.8259463735567], [-72.246130881002, 43.8258548615507], [-72.2458561436498, 43.825442740894], [-72.2456245134967, 43.8252753688938], [-72.2455397822046, 43.825183967195], [-72.2455292041586, 43.8251376191727], [-72.2456130841519, 43.8250466040791], [-72.2456979152036, 43.8249927701537]]]}}, {"type": "Feature", "properties": {}, "geometry": {"type": "Polygon", "coordinates": [[[-72.2377174193861, 43.8279535078261], [-72.2378007532393, 43.8277698736809], [-72.2378639025332, 43.8277009636125], [-72.2378641230111, 43.8275409436654], [-72.2378117928531, 43.8274490016474], [-72.2377798108115, 43.8274338833736], [-72.2377586381365, 43.8273883653903], [-72.2377167770421, 43.8273575579339], [-72.2375948018982, 43.8271825261916], [-72.2376529205907, 43.8269683605044], [-72.2377265198439, 43.8268773121617], [-72.2378209068213, 43.8268002537989], [-72.2379263136407, 43.8266632280659], [-72.2380746473048, 43.8264054731018], [-72.2380565993744, 43.826217121545], [-72.2382007479286, 43.826166769166], [-72.238221953467, 43.8261216239672], [-72.2381999322016, 43.8260676239505], [-72.2381163129947, 43.8259912220229], [-72.2377688141145, 43.8257729744781], [-72.2377268046365, 43.8256773757113], [-72.2378210267139, 43.8257094607111], [-72.2378830903244, 43.8257088169323], [-72.2381724172394, 43.8258479303706], [-72.2386642757564, 43.8259427710612], [-72.2390114562101, 43.8259916453816], [-72.2390593343398, 43.826070742555], [-72.2391491806759, 43.8261658635802], [-72.2391706340748, 43.8262576923533], [-72.2392335653396, 43.8263488015032], [-72.2393490890422, 43.8264514077717], [-72.2397519431366, 43.8266770261751], [-72.2400347654638, 43.8268815551157], [-72.2402368159078, 43.8271647146469], [-72.2402685647136, 43.8272565806615], [-72.2403176053121, 43.8272998073124], [-72.2404485563655, 43.8277068556743], [-72.2404384570682, 43.8279816376845], [-72.2403763316489, 43.8282070954957], [-72.2402655246006, 43.8283375815985], [-72.2399949861684, 43.828279638886], [-72.2397190145331, 43.8283058181368], [-72.2396632121916, 43.8281475508609], [-72.2395730526915, 43.8280967823318], [-72.2394141912452, 43.8280435915103], [-72.2391296791781, 43.8280358207958], [-72.2390030273165, 43.8280514498587], [-72.2388670864486, 43.8280968323343], [-72.2384440404037, 43.8283735950281], [-72.2383823140491, 43.8283261912817], [-72.2382549697564, 43.8283111613864], [-72.2377048929301, 43.8281843629807], [-72.2377174193861, 43.8279535078261]]]}}, {"type": "Feature", "properties": {}, "geometry": {"type": "Polygon", "coordinates": [[[-72.2381857619878, 43.8294549774176], [-72.2379934561937, 43.8292929524719], [-72.2379439755006, 43.8292690734928], [-72.2378282061528, 43.8292866978741], [-72.2377482605973, 43.8292470543031], [-72.2377502247377, 43.8291400907093], [-72.2377057904845, 43.8290875313072], [-72.2375858358657, 43.8290118669293], [-72.2375382920533, 43.828928205007], [-72.2375206575202, 43.828724200563], [-72.2374945998026, 43.8286417031808], [-72.2374642389126, 43.8286111540968], [-72.2374205243646, 43.8285855555381], [-72.2373542383169, 43.8285835749975], [-72.2372471678976, 43.8286129728718], [-72.2371007041801, 43.8286046129484], [-72.2367926080984, 43.8284639066768], [-72.2367868213692, 43.8284258367096], [-72.2367070353519, 43.8283640163868], [-72.2366971331232, 43.8283085378436], [-72.2366557384625, 43.8282546841754], [-72.2366580299003, 43.8282301237183], [-72.2367234697031, 43.828180137488], [-72.2367196389234, 43.8281655576989], [-72.236809699509, 43.8281441428408], [-72.237190037522, 43.8281287862457], [-72.2373162237458, 43.828136203619], [-72.2375692895048, 43.8281816960837], [-72.2377048929301, 43.8281843629807], [-72.2382549697564, 43.8283111613864], [-72.2383823140491, 43.8283261912817], [-72.2384440404037, 43.8283735950281], [-72.2385512310289, 43.8284561695431], [-72.2386244572519, 43.8285473166076], [-72.2386664940442, 43.8286392206362], [-72.2386670211445, 43.8288225085518], [-72.2386990771838, 43.8289135065672], [-72.2387937881735, 43.8290058192602], [-72.2388361362625, 43.82909685482], [-72.2388472984337, 43.8291886460259], [-72.2388260903206, 43.8292337927168], [-72.2388463350151, 43.8293254007585], [-72.2388790122316, 43.8293711768552], [-72.2389042430056, 43.8295284647473], [-72.2388570511865, 43.8295235093133], [-72.2388572080946, 43.8295013332908], [-72.2387414353755, 43.8295624436464], [-72.238699386246, 43.8296009919924], [-72.238522705005, 43.8296703600326], [-72.2385127252765, 43.8296259703753], [-72.238468750515, 43.8295938490789], [-72.2383727229351, 43.8295595835053], [-72.238318225258, 43.8295172056209], [-72.2381857619878, 43.8294549774176]]]}}, {"type": "Feature", "properties": {}, "geometry": {"type": "Polygon", "coordinates": [[[-72.249521747082, 43.8290540911395], [-72.2496760444495, 43.8294644764133], [-72.2499516650009, 43.8297981066108], [-72.2500268686257, 43.8299562214056], [-72.2500285222969, 43.8300240620473], [-72.2499791295593, 43.8301630369885], [-72.249981114999, 43.8302263134149], [-72.2500947210635, 43.8307439610195], [-72.2502670226653, 43.8310022144996], [-72.2503230850438, 43.8311706968735], [-72.2504518999302, 43.8314135781114], [-72.2502450744912, 43.8312886986977], [-72.2502292722397, 43.8312534201952], [-72.2501818970748, 43.8312308576012], [-72.2498460332227, 43.8309398457346], [-72.2495589841091, 43.8305948679627], [-72.2494268803728, 43.8303467567797], [-72.2492787637372, 43.8296978814682], [-72.249257169486, 43.8293164492658], [-72.2493833157463, 43.8291101293732], [-72.249521747082, 43.8290540911395]]]}}, {"type": "Feature", "properties": {}, "geometry": {"type": "Polygon", "coordinates": [[[-72.2474012930821, 43.8299892884355], [-72.2474736201441, 43.829861921077], [-72.2476124220565, 43.8299280761649], [-72.2477383853512, 43.8300122318657], [-72.2478652734563, 43.8300502970806], [-72.2479915156242, 43.8300503125374], [-72.2480553037112, 43.8300194478713], [-72.2481014083806, 43.8299187284673], [-72.2482654574904, 43.8300117162896], [-72.2485031095228, 43.8302310682957], [-72.2486786505255, 43.8305454311298], [-72.2488152611972, 43.8308424792042], [-72.2488944732024, 43.8309458186361], [-72.2488058089569, 43.8310720427772], [-72.2488054813955, 43.8311635756836], [-72.249064300193, 43.8315191096967], [-72.2491537892692, 43.8317131500722], [-72.2492074189788, 43.8320588234424], [-72.2492169432406, 43.8324343435074], [-72.249046563253, 43.8327324764705], [-72.2489231543317, 43.8328477070483], [-72.2488703257617, 43.8328694790484], [-72.2487124571267, 43.8329330580385], [-72.2486170296116, 43.8328100927159], [-72.2484588658875, 43.8326969066655], [-72.2483730872231, 43.8325359268516], [-72.2482986358063, 43.8324445611953], [-72.2480087631805, 43.8322017571269], [-72.2479483073852, 43.8320565217973], [-72.2479101669806, 43.8320115969355], [-72.2479304414953, 43.8315305160395], [-72.2478880798126, 43.8314394824491], [-72.2477298099439, 43.8312106261169], [-72.2476413631688, 43.8311296485973], [-72.2475503112697, 43.8309436463528], [-72.2474011403841, 43.830493487457], [-72.2474012930821, 43.8299892884355]]]}}, {"type": "Feature", "properties": {}, "geometry": {"type": "Polygon", "coordinates": [[[-72.2458187952744, 43.8342381500231], [-72.2460378336239, 43.8339988990743], [-72.2460994231128, 43.8335429669978], [-72.2461306343368, 43.833451543529], [-72.2462043829507, 43.8333383123879], [-72.2462564667062, 43.8333367587284], [-72.2463203399105, 43.8333817764114], [-72.2463837203143, 43.8333665656153], [-72.2464377093401, 43.8333958920052], [-72.2465421150085, 43.8335334584348], [-72.2465853768177, 43.8336255829834], [-72.2466286184673, 43.8338083719428], [-72.2466294969449, 43.8339001268591], [-72.2465140883953, 43.8340834373475], [-72.2465252612831, 43.8341752291559], [-72.2466310040867, 43.8342510522787], [-72.2467584118841, 43.8342586827228], [-72.2469584119361, 43.8341889514301], [-72.2473150411399, 43.8339286629875], [-72.2475690579699, 43.8339280458299], [-72.24822591823, 43.8340771436119], [-72.2482051631084, 43.8342768820443], [-72.2481736459452, 43.8343691745026], [-72.2480897605921, 43.8344601927195], [-72.2479400071522, 43.8347510072691], [-72.2478048622281, 43.8348992425071], [-72.2472629108754, 43.8350321146106], [-72.247101668377, 43.8351885197083], [-72.2469057108604, 43.8353302331579], [-72.2468732849913, 43.8353344661088], [-72.246764790377, 43.8353497333177], [-72.2463838448401, 43.8352290077062], [-72.2459601507178, 43.8349857200971], [-72.2458548177781, 43.8348942434557], [-72.2457906600375, 43.8348029145633], [-72.2456935576077, 43.8345288319319], [-72.2457142194025, 43.8344308471062], [-72.2456503473477, 43.8344293155231], [-72.2457020726319, 43.8343925384656], [-72.2457352425184, 43.8343680873391], [-72.2458187952744, 43.8342381500231]]]}}, {"type": "Feature", "properties": {}, "geometry": {"type": "Polygon", "coordinates": [[[-72.256346654752, 43.8298480098633], [-72.2563412020644, 43.8297147121256], [-72.2564947779776, 43.8294782602635], [-72.2565519558927, 43.8293499646604], [-72.25654648391, 43.8292638477718], [-72.2564836105643, 43.8290709934681], [-72.2563799250291, 43.8290038833216], [-72.2568167234838, 43.8287425474954], [-72.2572084605956, 43.8286080269312], [-72.2572455280229, 43.8285435833431], [-72.257251449035, 43.8284290223768], [-72.2571733940016, 43.8282426390378], [-72.2570376047202, 43.8280882323566], [-72.2571208543779, 43.828133093975], [-72.2574133846015, 43.8282089060123], [-72.2577762545238, 43.8283586690914], [-72.2579092168698, 43.8283941371458], [-72.2580179059907, 43.8283927767694], [-72.2580428456512, 43.8284204751683], [-72.2581504595748, 43.8284438975147], [-72.258230719536, 43.8285733243424], [-72.2583165755051, 43.8287703876308], [-72.2583580328836, 43.8289075078864], [-72.2583614464869, 43.8289849207978], [-72.258378067214, 43.829213705009], [-72.2584720228797, 43.8297360590459], [-72.258471964184, 43.8300589278463], [-72.258446067277, 43.8301281952215], [-72.2583811826622, 43.8301875429096], [-72.258286854964, 43.8302137402176], [-72.258197279827, 43.8302084274828], [-72.2576103978051, 43.8299204748622], [-72.2574136491476, 43.8299158749933], [-72.2572809204139, 43.8300247748384], [-72.2572682244542, 43.8301112637431], [-72.2572930904053, 43.8301500510339], [-72.2573035430938, 43.8303055441516], [-72.2572836861183, 43.8307348818966], [-72.2571389254457, 43.8309211405797], [-72.2569598231217, 43.8307689735194], [-72.2568528559359, 43.8306494528622], [-72.2563896281852, 43.8299844829087], [-72.256346654752, 43.8298480098633]]]}}, {"type": "Feature", "properties": {}, "geometry": {"type": "Polygon", "coordinates": [[[-72.2507917606001, 43.8312547592141], [-72.2505125722823, 43.8310870094934], [-72.2509041072332, 43.8309857712071], [-72.2509288075884, 43.8309597686071], [-72.250988257044, 43.8310317277292], [-72.2512733428915, 43.8312227610291], [-72.251400083545, 43.8312829997727], [-72.2517515492716, 43.8313742538796], [-72.2518326849924, 43.8313743232092], [-72.2518437778216, 43.8313902331689], [-72.2522975955855, 43.8315668594988], [-72.2525926967858, 43.8317550985433], [-72.2528352699457, 43.8318772749258], [-72.2529509005596, 43.8319687815067], [-72.2529200641928, 43.8320954305431], [-72.2528409455276, 43.8319773094053], [-72.2527188826946, 43.8318966498608], [-72.2525758002539, 43.8318352676158], [-72.2520899481947, 43.8316944047249], [-72.2519967682977, 43.831684726729], [-72.251532297697, 43.8315163255642], [-72.2514182692832, 43.8314565660514], [-72.2507917606001, 43.8312547592141]]]}}, {"type": "Feature", "properties": {}, "geometry": {"type": "Polygon", "coordinates": [[[-72.2508150768621, 43.8352271446604], [-72.2507003279779, 43.8352273908422], [-72.2505799965523, 43.835246968744], [-72.2505170798731, 43.8352826210145], [-72.2505078655787, 43.8352578017416], [-72.2504585711061, 43.8351173891603], [-72.2504894896043, 43.8349796521523], [-72.2505630792816, 43.8348885956479], [-72.250677640873, 43.8348272527507], [-72.2507421809533, 43.8348196531099], [-72.2509099519517, 43.834681096344], [-72.2509941439096, 43.8345892076181], [-72.2510555319785, 43.8344672328368], [-72.2509697093181, 43.8342229807036], [-72.2508737796439, 43.8340397888547], [-72.2508725860356, 43.8339489023949], [-72.2505203328419, 43.8333088699039], [-72.2504355827642, 43.8332174691062], [-72.2503080426131, 43.8331413543552], [-72.2501290598167, 43.8330613622637], [-72.2502812810153, 43.8328940509648], [-72.2505487371614, 43.8327432369262], [-72.2506005278796, 43.8326518866719], [-72.250451656357, 43.8323313143274], [-72.2502920696567, 43.8321605076645], [-72.2503081941996, 43.8320607682067], [-72.2505044793238, 43.8320014546972], [-72.2506829767293, 43.8318870710603], [-72.2509604166501, 43.8317806460257], [-72.2511044501532, 43.8318357278001], [-72.2514535960181, 43.8318682706362], [-72.2518344422966, 43.8318696157801], [-72.2519569331327, 43.8318874410955], [-72.2525644788641, 43.8320302556765], [-72.2526918177883, 43.8321359355159], [-72.252857507553, 43.8324780890683], [-72.2527578739444, 43.8325264410721], [-72.2524394219072, 43.8328751508222], [-72.2523559315219, 43.8329977000876], [-72.2523678985057, 43.8331960307605], [-72.2522837086766, 43.8332879205264], [-72.2518986142693, 43.8333311341523], [-72.2517649792178, 43.8333047889531], [-72.2515264196491, 43.8336570405767], [-72.251474591669, 43.8338862378872], [-72.2514766362436, 43.8342067258857], [-72.2515416693451, 43.8344804737394], [-72.2516908753284, 43.8349306312191], [-72.2519671540368, 43.8349072546956], [-72.2521418250452, 43.8348217717938], [-72.252344763774, 43.8346313718314], [-72.2525587717417, 43.8344605799717], [-72.252942484484, 43.834620649859], [-72.253034489851, 43.8346698943495], [-72.2530603037429, 43.8347023814233], [-72.2530687323919, 43.8347982942225], [-72.2530496504611, 43.8348882396005], [-72.2529536555605, 43.8350242264072], [-72.2527211663397, 43.8351527737436], [-72.2524379713702, 43.8354348617702], [-72.2522623027984, 43.8355775241779], [-72.2520922044512, 43.8356138857583], [-72.2516184150463, 43.8356528712393], [-72.2513675813216, 43.8356300257046], [-72.2512493556458, 43.8356074317611], [-72.2511351075616, 43.835490270917], [-72.2509748895313, 43.8352777171292], [-72.2508927687699, 43.8352441604131], [-72.2508150768621, 43.8352271446604]]]}}, {"type": "Feature", "properties": {}, "geometry": {"type": "Polygon", "coordinates": [[[-72.2511553041074, 43.8370936222284], [-72.251321464213, 43.8370139808365], [-72.2515523893703, 43.8368499893592], [-72.2516901776753, 43.8366689276159], [-72.2517234837996, 43.8364918436844], [-72.2517165813948, 43.8364387680088], [-72.2516736495191, 43.8363855662362], [-72.251632241979, 43.836375200232], [-72.2515998367321, 43.8363322537356], [-72.2515166550141, 43.8362762994252], [-72.2514467253402, 43.836186692366], [-72.2513737116491, 43.836149254658], [-72.2509632207907, 43.8361406289281], [-72.2506928256526, 43.8361003191253], [-72.2504446234081, 43.8359141958119], [-72.2503196690457, 43.8357691669283], [-72.2502724900257, 43.8356735503907], [-72.2502723843422, 43.8356448512609], [-72.2503503734904, 43.8355305452879], [-72.2504559535753, 43.835454603616], [-72.2505406405258, 43.8354229422405], [-72.2507128263672, 43.8353915898242], [-72.25077517956, 43.8353937663948], [-72.2508591793051, 43.8354184154011], [-72.2508877756616, 43.8354865706481], [-72.250953818804, 43.8355689902953], [-72.2510371552233, 43.8356462526075], [-72.2512376375221, 43.8357708916766], [-72.2515271031958, 43.8358119209114], [-72.251794765727, 43.8358091695381], [-72.2522319599333, 43.8357643999371], [-72.2524854556752, 43.8356637570231], [-72.252650502454, 43.8355691071719], [-72.252760735729, 43.8354764395653], [-72.2528741264565, 43.8353205108709], [-72.253094999476, 43.8351195207633], [-72.2531962799249, 43.8350520403808], [-72.2532662621777, 43.8349566217656], [-72.2532771686891, 43.8349114361364], [-72.2532778303612, 43.8348588212685], [-72.2532046920317, 43.8346622318948], [-72.2530850637542, 43.8345348359619], [-72.2529392919322, 43.8344230020501], [-72.2527250245137, 43.8343661519903], [-72.2526195324078, 43.8342968575912], [-72.2525283671283, 43.8341691260902], [-72.2524885326638, 43.8339730893089], [-72.2525006055832, 43.833801367812], [-72.2525587249749, 43.8337139512309], [-72.2526639404956, 43.833646268874], [-72.2528216500021, 43.8335613768325], [-72.2529681780296, 43.8335623279022], [-72.2531994138816, 43.8335279196454], [-72.2533089937392, 43.8335748336204], [-72.2533622674892, 43.8336206795337], [-72.2534058484526, 43.8337119330799], [-72.2534067039641, 43.8339415346313], [-72.2534387812314, 43.8340325298878], [-72.2534405571186, 43.8342160396519], [-72.2534617421669, 43.8342615561113], [-72.2535674939281, 43.8343373742423], [-72.253842097836, 43.8343368170643], [-72.2539054773598, 43.8343216020973], [-72.2539686557119, 43.8343359574905], [-72.2540861502899, 43.8344657358545], [-72.2540901947067, 43.8344942325132], [-72.2541082258591, 43.834603007068], [-72.254024038644, 43.8346948995053], [-72.2538975166347, 43.8347790320257], [-72.2534666360149, 43.8350090727858], [-72.2533512563407, 43.8351017243492], [-72.2529844364702, 43.8356155082997], [-72.2529120815367, 43.8358807270504], [-72.2528969853972, 43.8361407114565], [-72.2529420388402, 43.8362821952588], [-72.2529061779582, 43.8365679816232], [-72.252929239581, 43.8367822247711], [-72.252964189804, 43.8368071346332], [-72.2529551881887, 43.8368397166231], [-72.2529213380427, 43.8369639626571], [-72.2527654983075, 43.8370399469417], [-72.2523101778618, 43.8370776968809], [-72.2520030502116, 43.8372277228697], [-72.2518652421113, 43.837234846335], [-72.2515485934426, 43.8371832859659], [-72.2514222880424, 43.8371906673528], [-72.2512325280936, 43.8372678344218], [-72.2511167027438, 43.837336348764], [-72.2508441923732, 43.8375593312509], [-72.2508129861643, 43.8376507573593], [-72.2508235506584, 43.8377877719865], [-72.2508671307527, 43.8378790264321], [-72.2509739212674, 43.8380244257345], [-72.2514354518502, 43.8384513389807], [-72.2510764909685, 43.8386529265317], [-72.2508024705611, 43.8387424059166], [-72.2504258104975, 43.8387871672231], [-72.2503262906749, 43.8387735531947], [-72.2502536354094, 43.8387278534087], [-72.2502396580473, 43.8386910587033], [-72.2502946550342, 43.8384420862907], [-72.2501700566657, 43.8382887959221], [-72.2500674209731, 43.8382440767786], [-72.2499062136597, 43.838219154205], [-72.2494048394505, 43.8382160716127], [-72.2493686532629, 43.838194635801], [-72.24936498802, 43.8380672132578], [-72.2494173269837, 43.8379852126751], [-72.2497215852857, 43.837901277648], [-72.2501251485062, 43.8377300742649], [-72.2501699488097, 43.8376874002177], [-72.2502022901054, 43.8376072850318], [-72.2503795075754, 43.8374167972745], [-72.2506644530633, 43.8372349513308], [-72.2511553041074, 43.8370936222284]]]}}, {"type": "Feature", "properties": {}, "geometry": {"type": "Polygon", "coordinates": [[[-72.253596386848, 43.8435547506508], [-72.2533989323903, 43.8435592750209], [-72.2532047588754, 43.8436596949484], [-72.2530354266173, 43.8438025998419], [-72.2527093315222, 43.8439769159643], [-72.2525673435522, 43.844017508767], [-72.2522676602785, 43.8440486312198], [-72.2520221507536, 43.8440397212987], [-72.2517340376813, 43.8439730421423], [-72.2511136942333, 43.8437825591332], [-72.2507407448488, 43.8436355645488], [-72.250624198133, 43.843542964015], [-72.2505550564882, 43.8434257436587], [-72.250522153075, 43.8433225671705], [-72.2505363682445, 43.8428838517162], [-72.2504612628057, 43.8425767968124], [-72.2502701713078, 43.8423604340587], [-72.2501783362914, 43.8422853142202], [-72.250080468724, 43.8421184198412], [-72.2498533414736, 43.8418149584126], [-72.2498022965642, 43.8417084568045], [-72.2495724246732, 43.8414960862878], [-72.249200330679, 43.8412271151314], [-72.2491654483061, 43.8411041468799], [-72.2491837171881, 43.8410455066638], [-72.2492392239446, 43.8409872153579], [-72.2493602054175, 43.8409187213038], [-72.2500568061794, 43.8406263615504], [-72.2502548170168, 43.8405840126179], [-72.2505633672464, 43.8405822788405], [-72.2506896080964, 43.8406294721154], [-72.2508647574977, 43.8407855511143], [-72.2509736793285, 43.8408415971044], [-72.2512408512476, 43.8408692844629], [-72.2514719751073, 43.8407663886698], [-72.2515055569994, 43.8407262843951], [-72.2515309995939, 43.8406365768024], [-72.2515324181467, 43.8404295927523], [-72.2515769256241, 43.8402971208697], [-72.2516135686273, 43.8402520265409], [-72.2518067639753, 43.8402050924873], [-72.2520843116983, 43.8400875748407], [-72.2521290808653, 43.8400051108185], [-72.2521286906747, 43.8399735829751], [-72.2520702089286, 43.8398916248718], [-72.251827806717, 43.8396963916203], [-72.2517727101888, 43.8395179091403], [-72.2518310547985, 43.8393102569133], [-72.2518751877311, 43.8392767120306], [-72.2518973906183, 43.8392178689534], [-72.2520310170725, 43.8390702740094], [-72.2521844689277, 43.8392112717368], [-72.2523769802676, 43.839485253038], [-72.252379029711, 43.8398057449362], [-72.2523160186641, 43.8399431526214], [-72.2523372048634, 43.8399886692462], [-72.2523163089341, 43.8399894649441], [-72.2523170328642, 43.8400164285788], [-72.2524236220516, 43.8401479104501], [-72.2524450266249, 43.8402943130692], [-72.2524880119546, 43.8403401243938], [-72.2525405420399, 43.8403627041908], [-72.2525098474698, 43.8404236919202], [-72.2524542183963, 43.8407215857716], [-72.252301999229, 43.8410193574672], [-72.2521975026834, 43.8411574879915], [-72.2521172266524, 43.8413398422095], [-72.2521467801389, 43.8414016959998], [-72.2521133253278, 43.8414233202196], [-72.2520619334864, 43.8414555359263], [-72.2519657721687, 43.8417913362195], [-72.2520628745194, 43.8422032653384], [-72.2521737492132, 43.8424169521417], [-72.2524130803909, 43.8430631158497], [-72.2524267514468, 43.8431007787064], [-72.2525909393899, 43.8431789785383], [-72.252749045831, 43.843216280315], [-72.2531188664924, 43.8432451950448], [-72.253481008431, 43.8432014623934], [-72.2537302893501, 43.8431453727767], [-72.2537398148138, 43.8431693233181], [-72.2539053579042, 43.8431820808769], [-72.2541445791938, 43.8433138114389], [-72.2542756685917, 43.8435395257502], [-72.2543501985306, 43.8438446192589], [-72.2543347835894, 43.8440185062363], [-72.2545248553815, 43.8440311313918], [-72.2545087325741, 43.8444426631368], [-72.2545290480798, 43.8446610315487], [-72.2545440010476, 43.8448219794746], [-72.254608750842, 43.8450965992032], [-72.2547155989933, 43.8453252732328], [-72.2547797776774, 43.8454165998087], [-72.2551736635497, 43.8458273961068], [-72.2553756105067, 43.8460096549531], [-72.2555115898322, 43.8461853777783], [-72.2555366401153, 43.846375931962], [-72.2555208111206, 43.846521986994], [-72.2553900754881, 43.8464656511907], [-72.2551747526821, 43.8463355270858], [-72.2549283903068, 43.8460498345908], [-72.2546662988239, 43.8458954120131], [-72.2544608828416, 43.8457337949149], [-72.2541475200682, 43.8455496212922], [-72.2539867088315, 43.8453748967106], [-72.2537243256683, 43.8451306747353], [-72.2536838818403, 43.8450668262554], [-72.253643534111, 43.8449447069358], [-72.2536372082122, 43.8448066190075], [-72.2536826595214, 43.8446243575394], [-72.2537414319153, 43.8445315064895], [-72.2539250463488, 43.8443810399838], [-72.2539836916665, 43.8443066676302], [-72.2540128186645, 43.84425371894], [-72.2540535314065, 43.8440557862812], [-72.25407864317, 43.8438364903123], [-72.2539841669423, 43.8437035285637], [-72.2538418774494, 43.8436108393289], [-72.253596386848, 43.8435547506508]]]}}, {"type": "Feature", "properties": {}, "geometry": {"type": "Polygon", "coordinates": [[[-72.2512701921234, 43.8536878492205], [-72.2511599016591, 43.8537842164009], [-72.2510334432966, 43.8538535651576], [-72.2509067475982, 43.8538692072364], [-72.2507805614466, 43.8538544104521], [-72.2506536288656, 43.8538163457132], [-72.2505256895732, 43.8537484899283], [-72.2503988057051, 43.8537030319787], [-72.2502074566917, 43.8535199312964], [-72.2501547821379, 43.8534288580697], [-72.2501329955629, 43.853337894544], [-72.2501931855952, 43.8528641097071], [-72.250211778346, 43.8524058342186], [-72.2501578930293, 43.8523145389432], [-72.2498929546987, 43.8521318294738], [-72.2498287763351, 43.8520404988555], [-72.2498184933891, 43.8519063089901], [-72.2498171026622, 43.8518884737801], [-72.2499223697415, 43.8517736093591], [-72.2501583732634, 43.851671601838], [-72.2501113902277, 43.8515898986729], [-72.2501316445609, 43.8515510511158], [-72.250131086402, 43.8513677554707], [-72.2500866157646, 43.8511847392893], [-72.2500856987058, 43.851009706398], [-72.2501461733374, 43.8505822364344], [-72.2501845636399, 43.8498870344589], [-72.2501824736418, 43.8495739290086], [-72.2502130916934, 43.8494370566579], [-72.2502122076154, 43.8493452991931], [-72.2502337211251, 43.8492992807017], [-72.2502328370225, 43.8492075218285], [-72.2503049108211, 43.8489866531785], [-72.2503988937316, 43.8487947786726], [-72.2505994081496, 43.8486113256334], [-72.2509766400063, 43.8483584869369], [-72.2510599638991, 43.8481748367245], [-72.2510605775459, 43.8481296135219], [-72.2514138592801, 43.8473496424788], [-72.2514132971639, 43.8471663495082], [-72.2513596652882, 43.8469946093495], [-72.2511357138493, 43.8467546475136], [-72.2510288378867, 43.8466638193731], [-72.2509867715236, 43.8465719172989], [-72.2509639661378, 43.846320706658], [-72.2508996899923, 43.8462441624222], [-72.2507406416478, 43.8461224935099], [-72.2507084095058, 43.846053672262], [-72.2504533033139, 43.8458977434636], [-72.2504543655468, 43.8459636278282], [-72.2503516445264, 43.8462380922435], [-72.2503339392367, 43.8467881215457], [-72.2502921218939, 43.8468803806323], [-72.2502462578554, 43.846900656632], [-72.2502076789416, 43.8469185662246], [-72.250251685371, 43.8471246269021], [-72.250241062979, 43.8472161258068], [-72.2502640015801, 43.8475358261936], [-72.2502201031541, 43.8476665619171], [-72.249873889182, 43.8476364181768], [-72.2497582473934, 43.8476753634691], [-72.2497133134308, 43.8477365188858], [-72.2496755171673, 43.8479044565695], [-72.249729952826, 43.8481790436612], [-72.2497090363119, 43.848270507299], [-72.249730509777, 43.8483623380015], [-72.249720809742, 43.8484077452132], [-72.2497535036811, 43.8484535209003], [-72.2497534636845, 43.8485913714091], [-72.2496649120991, 43.8487860910287], [-72.249417115135, 43.8490191649306], [-72.249261254603, 43.8492256045776], [-72.2490103820607, 43.8496847934696], [-72.2489717087362, 43.8498479446265], [-72.2490029499832, 43.8501044041498], [-72.2489523114124, 43.8503338300873], [-72.2488158813513, 43.8505327274622], [-72.2486472666852, 43.850655411367], [-72.2485215829738, 43.8507008431665], [-72.2484531399371, 43.8507012522554], [-72.2483304892848, 43.8507019033682], [-72.2478146384504, 43.8507646442061], [-72.247687845328, 43.8507950685852], [-72.2475085672872, 43.8507955164339], [-72.2473183966186, 43.8507504833571], [-72.2472284868856, 43.8507460318122], [-72.2472543035323, 43.8507350352155], [-72.247233117436, 43.8506895177344], [-72.2472741181706, 43.8506285655761], [-72.2472546512535, 43.8504658588245], [-72.2474635531482, 43.8504292049673], [-72.2478439115391, 43.8504286033426], [-72.2479450916348, 43.8503796066582], [-72.2480955301389, 43.8502138080599], [-72.2480949343695, 43.850168364244], [-72.2482209895287, 43.8498935470322], [-72.2483925257835, 43.84961041156], [-72.2486493796121, 43.8492503927803], [-72.2486864612827, 43.8491424631087], [-72.2484473898548, 43.8490755150987], [-72.2482569892659, 43.8489767769995], [-72.2482134071018, 43.8488855203245], [-72.2482246773459, 43.8488320725369], [-72.2482973846897, 43.8487399244661], [-72.2486134254298, 43.8485794976604], [-72.2486975862091, 43.8484949996074], [-72.2486967044618, 43.8484032421213], [-72.2486540443033, 43.8482658925807], [-72.2483978937555, 43.8479534078766], [-72.2483769949962, 43.8479542028464], [-72.2483439431324, 43.8479166881222], [-72.2483763392251, 43.8477856943518], [-72.2485242380938, 43.8474602957369], [-72.2485368475495, 43.8474320746665], [-72.2485002968986, 43.8474188985547], [-72.2485487599271, 43.8473731942128], [-72.2487088332741, 43.8470824092384], [-72.248740047682, 43.8469909824689], [-72.2487497885668, 43.8468077261897], [-72.2484883276443, 43.8462999731601], [-72.2481955608285, 43.84598540189], [-72.2480672186819, 43.8458027413609], [-72.247939470995, 43.845665524532], [-72.2478337608999, 43.8455823083892], [-72.2475158097598, 43.8454074528851], [-72.2473428927565, 43.8452341997879], [-72.2473566866133, 43.8452098966607], [-72.247382686534, 43.8443394114847], [-72.2474234234922, 43.8442284525495], [-72.2475478167057, 43.8438423103109], [-72.2476424728384, 43.8437282808378], [-72.2476842900872, 43.8436360240762], [-72.2477149087938, 43.8434991550669], [-72.2477136108059, 43.8432925941027], [-72.2476341965837, 43.8430411845477], [-72.2474988345822, 43.8428239290811], [-72.2474983603404, 43.8426295486801], [-72.2475186639175, 43.8425833085857], [-72.2475074880024, 43.8424915155962], [-72.2473903744938, 43.8422628007798], [-72.2471914436328, 43.8420431444295], [-72.247134948485, 43.8419809766198], [-72.2470913711343, 43.8418897194169], [-72.247111689731, 43.8416223587712], [-72.247243292023, 43.8413319119471], [-72.2473834207465, 43.8412095663431], [-72.2475091323631, 43.8410262892217], [-72.2475706783641, 43.8407516827326], [-72.2474836125247, 43.8402934756541], [-72.247354403096, 43.8400190593597], [-72.247354732992, 43.8399275251989], [-72.2473141466905, 43.8399293368211], [-72.24694267797, 43.8399667149074], [-72.2465315515109, 43.8400902664137], [-72.2464048291751, 43.8401132965365], [-72.246279367026, 43.8401291556521], [-72.2461515873029, 43.8401297860132], [-72.2461093027256, 43.8401146331547], [-72.2460614083259, 43.8401225062334], [-72.2461593972673, 43.8397019219049], [-72.2460819626728, 43.8391224254462], [-72.2460286369064, 43.8390839691203], [-72.2460533681317, 43.8390542690449], [-72.2460707915255, 43.8390306322716], [-72.2460705292116, 43.838893654191], [-72.2461117512787, 43.8387559540108], [-72.2462530073768, 43.8386014355147], [-72.2464799071234, 43.8383654696593], [-72.2466470056149, 43.8383267134231], [-72.2467110872169, 43.8383421619108], [-72.2468167342752, 43.8384327692958], [-72.2469432763418, 43.8384790968772], [-72.247176283606, 43.8384542719961], [-72.2473266273246, 43.8389120512182], [-72.2475353693812, 43.83893736371], [-72.2480557239053, 43.8390864124503], [-72.2482681533293, 43.8391919668114], [-72.2483632000838, 43.8392834058568], [-72.248448549559, 43.8394202520032], [-72.248449983951, 43.8396952986252], [-72.248367545174, 43.8399707006226], [-72.2483902055222, 43.8401534180827], [-72.2484763948067, 43.8405198682862], [-72.2484787535111, 43.8407488259956], [-72.2484157344633, 43.840886231488], [-72.2483433436517, 43.8409775113511], [-72.2482267913203, 43.8410625440278], [-72.2481007624033, 43.8411162354365], [-72.2480443283051, 43.8411771314696], [-72.2480143270387, 43.8413122623609], [-72.2480863261193, 43.8415410332434], [-72.248402244544, 43.8419643972462], [-72.2484023568966, 43.8420800676944], [-72.2485491154484, 43.8425769737325], [-72.2486066163932, 43.8426254468553], [-72.2487342249735, 43.8426941718911], [-72.2489982922176, 43.8427777309293], [-72.2496112575001, 43.8429381926986], [-72.2498763363512, 43.8430950270468], [-72.2499726013381, 43.8431866867456], [-72.2500691361061, 43.8434153257525], [-72.2501015018569, 43.8435526369025], [-72.2501871460894, 43.8437357953637], [-72.2502928581599, 43.8438190093609], [-72.2503568943814, 43.8438418487378], [-72.2506095512646, 43.8437799061255], [-72.250715897493, 43.8437707157706], [-72.251088922908, 43.8439066217323], [-72.2514609929416, 43.8440053439979], [-72.2515909707984, 43.8440384164448], [-72.2517304755472, 43.8440954394517], [-72.2521081557365, 43.8441711319867], [-72.2524049078791, 43.8441700047153], [-72.2525258720328, 43.8441486880795], [-72.2526816136396, 43.84417815441], [-72.2529809368232, 43.8441552922484], [-72.2531733852198, 43.8440416031288], [-72.2534480816024, 43.8436783800031], [-72.2535548106589, 43.8436572298569], [-72.2536137257451, 43.8436763535146], [-72.2536573815141, 43.843713034555], [-72.2538131532346, 43.8437822885418], [-72.2538843375737, 43.8439119066613], [-72.2538086695327, 43.8440849296917], [-72.2537195053054, 43.8441944167994], [-72.2536540733804, 43.8443313839388], [-72.2534741058438, 43.8446129708729], [-72.2534283702007, 43.8447924049337], [-72.2534608551596, 43.8450019005588], [-72.2535196385778, 43.8451736579345], [-72.2535995427661, 43.8452678668955], [-72.2539432093616, 43.8455371617412], [-72.2540111444921, 43.8456106744917], [-72.2545194771324, 43.8459786056454], [-72.2546725405121, 43.8461352556322], [-72.2550876734822, 43.8464500233834], [-72.2554331468016, 43.8466780110331], [-72.2557675932439, 43.8468355116342], [-72.2558557616154, 43.8469173567867], [-72.2558760518764, 43.8469617822924], [-72.2560837273194, 43.8471931988725], [-72.2564170490995, 43.8479194868297], [-72.2564556841968, 43.848071821937], [-72.2563651585942, 43.8483374198424], [-72.2564134908586, 43.8485784991406], [-72.256559271434, 43.848828181776], [-72.2562568741693, 43.8488995283089], [-72.2560872945385, 43.84898873381], [-72.2560719354118, 43.8490210773953], [-72.2557881773308, 43.8489783379548], [-72.2555726354034, 43.8489684519876], [-72.2550243686953, 43.8488578169099], [-72.2546441714074, 43.8488362636614], [-72.2545992581589, 43.8488502388964], [-72.2545006318754, 43.8488812024428], [-72.2543928309069, 43.8490141074132], [-72.2543645948889, 43.8490246630597], [-72.2539413624869, 43.8491858130394], [-72.253904987849, 43.8491467655101], [-72.2537550935805, 43.8490573112958], [-72.2532506993024, 43.8488196278251], [-72.2530151589001, 43.8486339836396], [-72.2530030493937, 43.8485447965883], [-72.2530274351497, 43.8484326894004], [-72.2529373171305, 43.8481932003031], [-72.2529214397338, 43.8480348561811], [-72.2527973790913, 43.8478437357789], [-72.2526934604574, 43.8477627036181], [-72.2526300115074, 43.8477418244382], [-72.2526171883822, 43.8477126436009], [-72.2525355372063, 43.8476523465084], [-72.2525324388711, 43.8475740610336], [-72.252411292761, 43.8476212508036], [-72.2523497777802, 43.8476275570736], [-72.2523175042436, 43.8476530990927], [-72.2523631161376, 43.8476697855186], [-72.2523668835756, 43.8477389397835], [-72.2524169487305, 43.8477684699428], [-72.2524269626564, 43.847986802219], [-72.2524437485537, 43.8480120834882], [-72.2524232429997, 43.8480878933271], [-72.2524333225042, 43.848208167041], [-72.2524504469094, 43.8482723690337], [-72.2524798974001, 43.8483055221985], [-72.2524790011497, 43.8483479166797], [-72.2524235090036, 43.8483590273755], [-72.2524155083257, 43.8483779152444], [-72.2524760325852, 43.8484722756186], [-72.2524717408445, 43.848524225741], [-72.252422120155, 43.8485623182095], [-72.2524609898592, 43.8485907215346], [-72.2524579895363, 43.8486752898959], [-72.2524163213688, 43.8487018874258], [-72.25241594241, 43.8487573294826], [-72.2525237464395, 43.8490231906633], [-72.2525240349394, 43.849069502908], [-72.252512521351, 43.849203399292], [-72.2524404170378, 43.8493409938547], [-72.252389329183, 43.8493723412135], [-72.2523708271948, 43.8494207630099], [-72.2523832673306, 43.849683025569], [-72.2523388749291, 43.84975353381], [-72.2523463420374, 43.8497687804668], [-72.2523856481581, 43.8497778337565], [-72.2524209961029, 43.8498342715339], [-72.252411322863, 43.8498759846108], [-72.2523419863529, 43.849918790504], [-72.2523881701065, 43.8499846178804], [-72.2523827704011, 43.8500215615284], [-72.2522920465767, 43.8500919060676], [-72.2522556928688, 43.8502268004879], [-72.2522761632314, 43.8502888411878], [-72.2523330505854, 43.8502955643556], [-72.2523586640866, 43.8503141355037], [-72.2523963548642, 43.8503821059864], [-72.2524684017849, 43.8503860563163], [-72.2526058324153, 43.8504380714123], [-72.2526117111171, 43.8505085394922], [-72.2526711730981, 43.8505370140303], [-72.2526960944605, 43.8505684120783], [-72.2525767811802, 43.8507010583392], [-72.2526388965715, 43.850740197156], [-72.2526597281277, 43.8507939750127], [-72.2526438840521, 43.8508965460085], [-72.2524425826546, 43.8509734592756], [-72.2524165129005, 43.8510214188682], [-72.2523479741463, 43.8510801010518], [-72.2523389062596, 43.8512107442218], [-72.2523212500495, 43.851224163057], [-72.2521660641443, 43.8512438371901], [-72.2521562338835, 43.8512642398917], [-72.2522545381417, 43.8512813289072], [-72.2522927671204, 43.8513151649168], [-72.2522559157309, 43.8513898310692], [-72.2522858376349, 43.8514869096692], [-72.2522584030359, 43.8515133396875], [-72.2523456657614, 43.8515506107267], [-72.2523660116162, 43.8516311316075], [-72.2523489523532, 43.8516899942311], [-72.2523693732896, 43.8517594264211], [-72.2523482258671, 43.8518406702411], [-72.2524018737779, 43.8518782579386], [-72.2524149294136, 43.8519176590262], [-72.2523762756246, 43.8519901443179], [-72.2523732183281, 43.8520386206508], [-72.2524069674096, 43.8520633086294], [-72.252357400381, 43.8521374944201], [-72.2523940978125, 43.8522626466], [-72.2523914058824, 43.8523463478725], [-72.2523751158446, 43.8523812962456], [-72.252329581997, 43.852397008855], [-72.2523366953692, 43.852464001766], [-72.2522384161063, 43.8524432170642], [-72.2522336815836, 43.8524710308821], [-72.2522975757584, 43.8525160465299], [-72.252380488423, 43.8525256893488], [-72.2524002856216, 43.8525533720955], [-72.252377052065, 43.852629607696], [-72.2522977436381, 43.8526243280661], [-72.2523039421089, 43.8527808988926], [-72.2524205276843, 43.8528263183617], [-72.2524025783877, 43.8529710631347], [-72.2523565649876, 43.8530570036191], [-72.2523918581564, 43.8530773494091], [-72.2524019020209, 43.853114347592], [-72.2524539508817, 43.8531201840754], [-72.2524786240338, 43.8532320302631], [-72.2525255567824, 43.8532776390726], [-72.252288245673, 43.8534377001781], [-72.2522143288986, 43.85352963011], [-72.2521934123231, 43.8536210955232], [-72.2521960718161, 43.8538963718972], [-72.2521751550878, 43.8539878358946], [-72.2521536413617, 43.8540338561194], [-72.252049244254, 43.8541100224656], [-72.2520281161443, 43.8541440855494], [-72.2519640575588, 43.8540342745418], [-72.2516671604731, 43.853829059196], [-72.2515391698774, 43.8537685960613], [-72.2512701921234, 43.8536878492205]]]}}, {"type": "Feature", "properties": {}, "geometry": {"type": "Polygon", "coordinates": [[[-72.2569254634615, 43.8595961916134], [-72.2568298569853, 43.8594917081623], [-72.2564928183301, 43.8593050608985], [-72.2563662802403, 43.85925134822], [-72.2561878062649, 43.8591298313778], [-72.2561195410009, 43.8590137008458], [-72.256166637721, 43.8589464610909], [-72.256772888368, 43.8585569829074], [-72.2572719326604, 43.8583893445211], [-72.2574758228867, 43.8582906894401], [-72.2579133237613, 43.8581765392259], [-72.2581620695014, 43.8580278116529], [-72.2583208050529, 43.8579329114078], [-72.2586427422387, 43.8575746157291], [-72.2587324630808, 43.8573838057095], [-72.2587973091506, 43.857154204599], [-72.2588594051916, 43.8570628825886], [-72.2589125582351, 43.8570402362384], [-72.2590392093861, 43.8570319796355], [-72.2591658455215, 43.8570709049292], [-72.2592712299419, 43.8571623746911], [-72.2593236091378, 43.8572543121436], [-72.2593547896506, 43.857391402682], [-72.2594209087755, 43.8575570982011], [-72.259428969387, 43.8575743032228], [-72.2594063237431, 43.8576090141763], [-72.2594443473684, 43.857944425787], [-72.2594130069341, 43.8580108520649], [-72.2591090770719, 43.8583039823812], [-72.2590583638661, 43.8584140438212], [-72.2590156297184, 43.8586430700641], [-72.258899411997, 43.8588105230419], [-72.258687240293, 43.8592842246166], [-72.2586032957181, 43.8594261335087], [-72.2583807416224, 43.859642574048], [-72.2581302186931, 43.85969475581], [-72.2575061106399, 43.8596340935471], [-72.2571466042095, 43.8596339264328], [-72.2569987953125, 43.8596799420564], [-72.2569571234147, 43.8597065411816], [-72.2569248026767, 43.859648807683], [-72.2569254634615, 43.8595961916134]]]}}, {"type": "Feature", "properties": {}, "geometry": {"type": "Polygon", "coordinates": [[[-72.261096444549, 43.8610161688265], [-72.2607844529965, 43.8607045957085], [-72.2607211678865, 43.8605671754428], [-72.2607111804286, 43.8604756016848], [-72.2607426804048, 43.8604304853828], [-72.2607875509784, 43.8600177343311], [-72.2609139431636, 43.8597781255838], [-72.2610403298315, 43.8596291877736], [-72.2611991140369, 43.8595268906327], [-72.2613407828095, 43.8595380349259], [-72.2616872450649, 43.8597671007531], [-72.2619238614453, 43.8598011852892], [-72.2621136832415, 43.8597674857426], [-72.2621684194349, 43.8596896163916], [-72.2623668076598, 43.8597333521854], [-72.2625724601993, 43.8596877479458], [-72.2627198080661, 43.8595741040536], [-72.2627245748625, 43.8595860789243], [-72.2628576240983, 43.8596178482236], [-72.2631118479701, 43.8599179118516], [-72.2635826158632, 43.8601743630577], [-72.2634858157618, 43.8604286434353], [-72.2632326395011, 43.8608328510877], [-72.2631889443965, 43.8609812074773], [-72.2631827956908, 43.8610855535248], [-72.2631055765597, 43.8611287756436], [-72.2624196274191, 43.861209470934], [-72.2622925741873, 43.8611862021522], [-72.2619755591538, 43.861171628192], [-72.2619035629287, 43.8612037771682], [-72.2618380216683, 43.8613120495862], [-72.261475323011, 43.8612446968746], [-72.261096444549, 43.8610161688265]]]}}, {"type": "Feature", "properties": {}, "geometry": {"type": "Polygon", "coordinates": [[[-72.2601499826214, 43.8636249274309], [-72.2602309806536, 43.8636508653866], [-72.2605609812535, 43.8640786142471], [-72.2607155929851, 43.8642383120174], [-72.2607994795728, 43.864375803447], [-72.2610950646285, 43.8646973254897], [-72.2612210592833, 43.8647888659505], [-72.2613373603558, 43.8649258171643], [-72.2615896961792, 43.8651478208178], [-72.261716198654, 43.8652089220111], [-72.2618308750857, 43.8652271464732], [-72.2618113832686, 43.8655140947602], [-72.2617891687471, 43.8655294560879], [-72.2617889957408, 43.8655553291822], [-72.2614944471833, 43.8655754031978], [-72.2613777318893, 43.8656354470378], [-72.2612832177312, 43.8657273129091], [-72.2610924390528, 43.8658108011614], [-72.2609668817251, 43.8658340677334], [-72.2608403297107, 43.8657803572253], [-72.2607245826253, 43.8656962448979], [-72.2606397790729, 43.865604846438], [-72.2605561474428, 43.8655645475595], [-72.2605344287262, 43.8655059823108], [-72.2605559593666, 43.8653221076299], [-72.2604958579427, 43.8650705445146], [-72.2601873476503, 43.8647346254593], [-72.2600690034252, 43.8645417858787], [-72.259976903646, 43.8641844380392], [-72.2599770223555, 43.8640317992114], [-72.2601537477195, 43.8636505978484], [-72.2601499826214, 43.8636249274309]]]}}, {"type": "Feature", "properties": {}, "geometry": {"type": "Polygon", "coordinates": [[[-72.2605864613208, 43.8702951957992], [-72.2606493647351, 43.8703104159442], [-72.2606911637312, 43.870356006296], [-72.2607368637424, 43.8704522716129], [-72.260693543817, 43.8708135018779], [-72.2606951235877, 43.8711644517282], [-72.2607696406611, 43.8714806466527], [-72.260729052394, 43.8717507813468], [-72.2606979902525, 43.871820036502], [-72.2606183886852, 43.8721709231505], [-72.2605543090282, 43.8728262761509], [-72.2605560846389, 43.8732383279501], [-72.2605148662512, 43.87346671324], [-72.2605157415281, 43.8737870037457], [-72.2604954372831, 43.873833247301], [-72.2604957284889, 43.8739702358266], [-72.2604183909788, 43.8741189126632], [-72.2603803413042, 43.8741461787178], [-72.2603276088479, 43.8741494742372], [-72.2602322755391, 43.8740006336101], [-72.2601887831892, 43.8736660625494], [-72.2600930870558, 43.8733913233218], [-72.2599577581418, 43.87319907407], [-72.2598332355069, 43.8727515895631], [-72.2598561967029, 43.8724005057373], [-72.2598867554481, 43.8722710186005], [-72.2598652643529, 43.8720885136259], [-72.2599073016309, 43.8712884889356], [-72.2601666926546, 43.8710047619822], [-72.2601230025227, 43.8706997637591], [-72.2601339268444, 43.8705167192911], [-72.2601754351001, 43.8704253212226], [-72.2602592998384, 43.8703416820582], [-72.2603852717574, 43.8703027620243], [-72.2605864613208, 43.8702951957992]]]}}, {"type": "Feature", "properties": {}, "geometry": {"type": "Polygon", "coordinates": [[[-72.2489169087524, 43.8366564978135], [-72.248883299995, 43.8366568135233], [-72.2488914282138, 43.8366194456136], [-72.2489265968323, 43.8364806369391], [-72.2490412135578, 43.8364119027656], [-72.2494212065377, 43.8363649833478], [-72.2495477687414, 43.8363641286803], [-72.249674945474, 43.836318050586], [-72.2497170929441, 43.8362647137562], [-72.2497470906286, 43.8361730672981], [-72.2497570644713, 43.836043518689], [-72.2498091679368, 43.8359512976096], [-72.2499365294711, 43.8359663174643], [-72.2500955531894, 43.8360879848403], [-72.2502224034466, 43.8361334417801], [-72.2503490154094, 43.8361251918713], [-72.2504276560577, 43.8360924232538], [-72.2505165751723, 43.8361503541143], [-72.2507237191196, 43.8362308823232], [-72.2508237787476, 43.8362538478497], [-72.2511548795299, 43.8362719781747], [-72.2512149729341, 43.8362950194634], [-72.251278517383, 43.8363445985719], [-72.2514530304219, 43.8364154436049], [-72.2514892095983, 43.8366145131913], [-72.251352884793, 43.8367588362067], [-72.2511909499597, 43.8368845876167], [-72.2510350580857, 43.8369679610776], [-72.2506721567705, 43.8370827825868], [-72.2504091591679, 43.8371992598373], [-72.2500450889544, 43.8374841015839], [-72.2499255608825, 43.8376065223336], [-72.2497728090526, 43.8377173017823], [-72.2495792088649, 43.8377798853433], [-72.2492281176392, 43.8379375774627], [-72.2491300168744, 43.8379380990773], [-72.2491457335467, 43.8378540113947], [-72.249260812476, 43.8377622325735], [-72.2493347161371, 43.8376703056724], [-72.2493759337277, 43.8375326056801], [-72.2493859066702, 43.8374030571326], [-72.2492470484793, 43.8371666585744], [-72.2490880740428, 43.8370375970936], [-72.2490239110299, 43.8369462686313], [-72.2489170935966, 43.8367175946441], [-72.2489169087524, 43.8366564978135]]]}}, {"type": "Feature", "properties": {}, "geometry": {"type": "Polygon", "coordinates": [[[-72.2298493450794, 43.8398020294424], [-72.229784295255, 43.8396263269063], [-72.2297832097416, 43.8393975911775], [-72.2298355013393, 43.8392832019616], [-72.2299933596101, 43.8391835515454], [-72.2302667909461, 43.838969094142], [-72.2303292165063, 43.8388769190161], [-72.2303819756448, 43.8387394837828], [-72.2303800303493, 43.8384189931057], [-72.2303570678024, 43.8383278076355], [-72.2302188456168, 43.8380535601671], [-72.2301541582747, 43.8378695964808], [-72.2301530713409, 43.8376408620878], [-72.2302161249125, 43.8375034666771], [-72.2302358559891, 43.8374117856609], [-72.2303194954464, 43.8372744654976], [-72.2306226687707, 43.836922053503], [-72.2307192496312, 43.8369221911034], [-72.2309081497799, 43.8368837525327], [-72.2310345447227, 43.8368218173361], [-72.2311613730978, 43.8367840183827], [-72.2313849067545, 43.8367713610921], [-72.2313842737408, 43.8368600678253], [-72.2314450943031, 43.8369498710631], [-72.2315984335948, 43.8373120113991], [-72.2316868254307, 43.8373569091727], [-72.2318299657347, 43.8374941959474], [-72.2317769429766, 43.8375418345562], [-72.2318220141225, 43.8376324486331], [-72.2316187221393, 43.8376932309599], [-72.2315265467422, 43.8377966030016], [-72.2315332840682, 43.8378283722538], [-72.231561464286, 43.8378252137435], [-72.2316048120678, 43.8377758016408], [-72.2316768770205, 43.8377325814959], [-72.231770680818, 43.8377405364836], [-72.2317954020172, 43.8377978108588], [-72.2318746908817, 43.8378031032741], [-72.2318656395866, 43.8377561065445], [-72.2318852106348, 43.8376866026268], [-72.2319556256326, 43.8376625100884], [-72.232078659437, 43.8376897058126], [-72.2322983640552, 43.8376624654153], [-72.2323476532914, 43.8376289457692], [-72.2323536879335, 43.837546782669], [-72.2324206074154, 43.8375035429712], [-72.2324942082578, 43.8374994653545], [-72.2326817085685, 43.8375301583624], [-72.2328102129829, 43.8374695354322], [-72.2329956108048, 43.8374554315369], [-72.2328320089376, 43.8378103179943], [-72.2328147847586, 43.837847870217], [-72.2327783950829, 43.8378559980782], [-72.2326471729616, 43.8380003205143], [-72.232511409785, 43.8382298568993], [-72.2325212368434, 43.8382529394184], [-72.232259818441, 43.8391616839904], [-72.2320802441775, 43.8397171961596], [-72.2319823280411, 43.8398185904373], [-72.2318559277323, 43.8398805266359], [-72.2314757450513, 43.8399495719448], [-72.23141098862, 43.839986730985], [-72.2313866638937, 43.8400007736303], [-72.2312652512313, 43.8399581465658], [-72.2310747072436, 43.8399287435279], [-72.2308844216759, 43.8399058647227], [-72.2307581607501, 43.8399058345392], [-72.2302523713446, 43.8400526870876], [-72.2301646999821, 43.8401180261198], [-72.2301454540286, 43.840099690014], [-72.2301679761318, 43.840083466386], [-72.2300187521785, 43.8399922498982], [-72.2298493450794, 43.8398020294424]]]}}, {"type": "Feature", "properties": {}, "geometry": {"type": "Polygon", "coordinates": [[[-72.2328100535169, 43.8421678731476], [-72.2326374628652, 43.8421676734299], [-72.2326081389627, 43.8420762471705], [-72.2327562326955, 43.8415621431514], [-72.2327291206925, 43.841160240743], [-72.2327500586488, 43.8410687815601], [-72.2327374585385, 43.8408397869444], [-72.2327481026113, 43.8407482896201], [-72.2328723018536, 43.840442611503], [-72.2328933797747, 43.8402891857119], [-72.2328701747654, 43.8400610213389], [-72.2328281370089, 43.8399691139539], [-72.2326764193129, 43.8398450588195], [-72.2323298438973, 43.8397870369117], [-72.2322030520698, 43.8397341714467], [-72.2320802441775, 43.8397171961596], [-72.232259818441, 43.8391616839904], [-72.2325212368434, 43.8382529394184], [-72.232511409785, 43.8382298568993], [-72.2326471729616, 43.8380003205143], [-72.2327783950829, 43.8378559980782], [-72.2328147847586, 43.837847870217], [-72.2328320089376, 43.8378103179943], [-72.2329198295775, 43.8378930450398], [-72.2330166483549, 43.8380301601771], [-72.2331396770489, 43.8382710838777], [-72.2331038503698, 43.8386253534431], [-72.2331474059721, 43.8387166145699], [-72.2337533839529, 43.8393384972167], [-72.2341954164819, 43.8391716137274], [-72.2343104144036, 43.8390946316838], [-72.2343843387461, 43.8390027131189], [-72.2344052753417, 43.8389112550007], [-72.2344035499626, 43.8387277424081], [-72.2344450732332, 43.838636357433], [-72.2344444878933, 43.8385909148864], [-72.234508118027, 43.838498959656], [-72.234644686015, 43.8383685687233], [-72.2347702016125, 43.8383453294465], [-72.2348975624527, 43.8383603632409], [-72.2349712443552, 43.8383451953414], [-72.235009844358, 43.8383670786743], [-72.2349925249782, 43.8383759293048], [-72.2350035245242, 43.8384899009237], [-72.2350797446189, 43.8387573933711], [-72.2350818838466, 43.8391389822059], [-72.2351132041905, 43.8393334736447], [-72.2348540572204, 43.8398410834664], [-72.2348006015401, 43.8398645871029], [-72.2344648948982, 43.8401092661726], [-72.234496417324, 43.8401474311286], [-72.2344017151762, 43.840094902821], [-72.2342736591451, 43.8400492089754], [-72.2339682023543, 43.8400422205104], [-72.2336949549678, 43.8401040544868], [-72.2336732608714, 43.8400889731316], [-72.2336610856755, 43.8400978425768], [-72.2335986951346, 43.8401428373811], [-72.2334406712637, 43.8401813945852], [-72.2333886284243, 43.8402190358276], [-72.2332943872954, 43.8403571898783], [-72.2332961092914, 43.840540703833], [-72.233452912219, 43.8409293826705], [-72.2335313571932, 43.8410964358836], [-72.2335743828607, 43.8411348613577], [-72.2336061267914, 43.8412267303925], [-72.2335851900857, 43.8413181897329], [-72.2334176771074, 43.8414558594173], [-72.2333540421373, 43.8415478139807], [-72.2331957769137, 43.8419601249482], [-72.2332102857842, 43.8420062722016], [-72.2332830837999, 43.842073288945], [-72.2330627871328, 43.8421818463251], [-72.2329361076599, 43.8421974699611], [-72.2328100535169, 43.8421678731476]]]}}, {"type": "Feature", "properties": {}, "geometry": {"type": "Polygon", "coordinates": [[[-72.2483902055222, 43.8401534180827], [-72.248367545174, 43.8399707006226], [-72.248449983951, 43.8396952986252], [-72.248448549559, 43.8394202520032], [-72.2483632000838, 43.8392834058568], [-72.2482681533293, 43.8391919668114], [-72.2480557239053, 43.8390864124503], [-72.2475353693812, 43.83893736371], [-72.2473266273246, 43.8389120512182], [-72.247176283606, 43.8384542719961], [-72.2472909548088, 43.8383781466701], [-72.2473227618752, 43.8383321668681], [-72.2473436804283, 43.8382407049186], [-72.2473425102849, 43.8380156677367], [-72.2472131739004, 43.8376727628324], [-72.247212134776, 43.8375162139805], [-72.2472324387588, 43.8374699753024], [-72.2472952281854, 43.8374093201013], [-72.2473691638822, 43.8374006701178], [-72.2474212932771, 43.837217784383], [-72.2473995166326, 43.8371268229141], [-72.2473978006057, 43.8368054652214], [-72.2475016776116, 43.8365386222222], [-72.247668863627, 43.836354624947], [-72.2479213116917, 43.8362315913011], [-72.2480481301723, 43.8361937763917], [-72.2482153767976, 43.8361763254191], [-72.2482078780719, 43.8364293800819], [-72.248229347024, 43.8365212084333], [-72.2482084304416, 43.836612669171], [-72.2480939458597, 43.836749890871], [-72.248094499816, 43.8369331813601], [-72.2481589484456, 43.8370708226903], [-72.2482118837328, 43.8370777515689], [-72.2483387038318, 43.8370399349403], [-72.2483908103469, 43.8369477159373], [-72.2483696262735, 43.8369021985621], [-72.2483787529306, 43.8367641666735], [-72.2484625906113, 43.836680539826], [-72.2484740426722, 43.8366881901301], [-72.2488418381945, 43.8366103544399], [-72.2488914282138, 43.8366194456136], [-72.248883299995, 43.8366568135233], [-72.2489169087524, 43.8366564978135], [-72.2489170935966, 43.8367175946441], [-72.2490239110299, 43.8369462686313], [-72.2490880740428, 43.8370375970936], [-72.2492470484793, 43.8371666585744], [-72.2493859066702, 43.8374030571326], [-72.2493759337277, 43.8375326056801], [-72.2493347161371, 43.8376703056724], [-72.249260812476, 43.8377622325735], [-72.2491457335467, 43.8378540113947], [-72.2491300168744, 43.8379380990773], [-72.2492281176392, 43.8379375774627], [-72.2491616235915, 43.8380086563066], [-72.2491793449288, 43.8382052699866], [-72.249317168959, 43.8383286047748], [-72.2494693428188, 43.8383463206468], [-72.2497791384995, 43.838293933055], [-72.2498705769457, 43.8382940389929], [-72.2500032962868, 43.8383229931171], [-72.2500747665132, 43.8383647738573], [-72.2500957694381, 43.8383926790944], [-72.2501034268106, 43.8385559913252], [-72.2500741896069, 43.8388013593112], [-72.2501006782452, 43.8388682022229], [-72.2502155158514, 43.8389438379386], [-72.2504522327928, 43.8389520687605], [-72.2506663725724, 43.8388969483193], [-72.2507333090278, 43.8388934899209], [-72.2510867996832, 43.8387834180161], [-72.2514015785382, 43.8386227666985], [-72.2515146323974, 43.8386055544368], [-72.2516026473424, 43.8386189103821], [-72.251753183561, 43.8386992377009], [-72.2519118031103, 43.8387930718414], [-72.2519270160769, 43.8388263911811], [-72.2519250479371, 43.838937053469], [-72.251786708599, 43.8390652813944], [-72.2516997649809, 43.8392047772038], [-72.2515526032221, 43.8393831985164], [-72.2514991877337, 43.839489982793], [-72.2515511699506, 43.8396808483605], [-72.2517016128463, 43.8398194438018], [-72.2518988135573, 43.8399388542142], [-72.2518932373289, 43.8400016696849], [-72.2518609176549, 43.840034604561], [-72.2514400513659, 43.8402109727424], [-72.2513642958621, 43.8403081115885], [-72.2513435350477, 43.8403773968391], [-72.2513534588324, 43.8405198454042], [-72.2513191441849, 43.840667138132], [-72.2512732891953, 43.8407308995609], [-72.2511550342131, 43.8407554848641], [-72.251039553314, 43.8407287677283], [-72.2509509355784, 43.8406699674614], [-72.2507478838633, 43.8404763941816], [-72.2506345643385, 43.8404435961809], [-72.2504612805064, 43.8404127611711], [-72.2501760231517, 43.8404178392061], [-72.2500865410316, 43.8404412206054], [-72.2498529950186, 43.8405436709336], [-72.2496994876076, 43.8406311837379], [-72.2492298972968, 43.8408467255363], [-72.2490414166097, 43.8409999935873], [-72.2490129588474, 43.8410872976199], [-72.2490180114577, 43.8411890703823], [-72.2490738718413, 43.8413436412607], [-72.2493354232372, 43.8415719962441], [-72.2494608444157, 43.8416504980781], [-72.2497586654797, 43.8419326855344], [-72.2498679047954, 43.8420748340819], [-72.2499007038393, 43.8421927952427], [-72.2499623791506, 43.8422947691897], [-72.250180107375, 43.8425123129367], [-72.2503731871709, 43.8427919549345], [-72.2504053180418, 43.842919045741], [-72.2503526004698, 43.8430999751729], [-72.250358882039, 43.8433759111361], [-72.2505361795646, 43.843573092271], [-72.2506009190773, 43.8436700758678], [-72.250715897493, 43.8437707157706], [-72.2506095512646, 43.8437799061255], [-72.2503568943814, 43.8438418487378], [-72.2502928581599, 43.8438190093609], [-72.2501871460894, 43.8437357953637], [-72.2501015018569, 43.8435526369025], [-72.2500691361061, 43.8434153257525], [-72.2499726013381, 43.8431866867456], [-72.2498763363512, 43.8430950270468], [-72.2496112575001, 43.8429381926986], [-72.2489982922176, 43.8427777309293], [-72.2487342249735, 43.8426941718911], [-72.2486066163932, 43.8426254468553], [-72.2485491154484, 43.8425769737325], [-72.2484023568966, 43.8420800676944], [-72.248402244544, 43.8419643972462], [-72.2480863261193, 43.8415410332434], [-72.2480143270387, 43.8413122623609], [-72.2480443283051, 43.8411771314696], [-72.2481007624033, 43.8411162354365], [-72.2482267913203, 43.8410625440278], [-72.2483433436517, 43.8409775113511], [-72.2484157344633, 43.840886231488], [-72.2484787535111, 43.8407488259956], [-72.2484763948067, 43.8405198682862], [-72.2483902055222, 43.8401534180827]]]}}, {"type": "Feature", "properties": {}, "geometry": {"type": "Polygon", "coordinates": [[[-72.2469022842221, 43.8512793115687], [-72.2468781144939, 43.8512711801233], [-72.2468674295099, 43.8512396140532], [-72.2470243347957, 43.8511027592659], [-72.2471500665021, 43.8509194786871], [-72.2472284868856, 43.8507460318122], [-72.2473183966186, 43.8507504833571], [-72.2475085672872, 43.8507955164339], [-72.247687845328, 43.8507950685852], [-72.2478146384504, 43.8507646442061], [-72.2483304892848, 43.8507019033682], [-72.2484531399371, 43.8507012522554], [-72.2484599494723, 43.8508995713681], [-72.2485017276292, 43.8509451620645], [-72.2486287575967, 43.8509684447578], [-72.248945147622, 43.8508904241448], [-72.2491351834096, 43.850866963502], [-72.249198067374, 43.8508821885487], [-72.2493153967132, 43.8509508790301], [-72.2493680678301, 43.8510419512687], [-72.2492816448636, 43.8511908009393], [-72.2489056416419, 43.8513060082817], [-72.2487372054981, 43.8514028191765], [-72.2486100522555, 43.8514415045207], [-72.248262484863, 43.851473100331], [-72.2481041553262, 43.851465362645], [-72.247660269741, 43.8515431444829], [-72.2472816653941, 43.8517272645837], [-72.2472824650904, 43.8517431395111], [-72.2470805018843, 43.8516515335142], [-72.2469957351209, 43.8515601290123], [-72.2469022842221, 43.8512793115687]]]}}, {"type": "Feature", "properties": {}, "geometry": {"type": "Polygon", "coordinates": [[[-72.2296631622554, 43.8612118373485], [-72.2294735576581, 43.8612122226252], [-72.2292834324251, 43.8612430475525], [-72.2291568761321, 43.8612364923798], [-72.2290303566987, 43.8611827523121], [-72.2289443923147, 43.8610911123507], [-72.2289167162438, 43.8609805535606], [-72.2288699882558, 43.8609923387695], [-72.2288972607737, 43.8609483012782], [-72.2289229878234, 43.8609086056427], [-72.2289009548294, 43.8607713232762], [-72.2289206938359, 43.8606796400693], [-72.2289990049725, 43.8605718654276], [-72.229320126179, 43.8603504011819], [-72.2293619246986, 43.8602655387564], [-72.2293508711101, 43.8600756790588], [-72.2293927222588, 43.8599834251241], [-72.229497516459, 43.8598990127451], [-72.2297094775375, 43.8598213031648], [-72.2297389573136, 43.8598072787433], [-72.2297400595773, 43.8598222853798], [-72.2299094023031, 43.8599440216188], [-72.230079325917, 43.8601112028038], [-72.2302067279631, 43.8601262418752], [-72.230458942676, 43.8600947757303], [-72.2305858775568, 43.8601328600507], [-72.2307778012576, 43.8602309770488], [-72.2307349003025, 43.860300833367], [-72.2307102709199, 43.8605257851299], [-72.230726274877, 43.8605749849736], [-72.2306745407235, 43.8606515482864], [-72.2306614983134, 43.8607389076766], [-72.2302546870029, 43.8610418145382], [-72.2301704355535, 43.8611336944366], [-72.2298885335218, 43.8612920326383], [-72.2298334418648, 43.8612874809437], [-72.229790406123, 43.8612490541706], [-72.2296631622554, 43.8612118373485]]]}}, {"type": "Feature", "properties": {}, "geometry": {"type": "Polygon", "coordinates": [[[-72.2341676184211, 43.8652948698797], [-72.2339651928013, 43.8653928439643], [-72.2339608401229, 43.8654087013267], [-72.2337967736579, 43.865351783852], [-72.2332895978282, 43.865284694199], [-72.2331627570694, 43.8652318270971], [-72.2330573965764, 43.8651403348555], [-72.2329899447005, 43.8651270408549], [-72.2329394083595, 43.8649502975556], [-72.2328752403201, 43.8648589576482], [-72.2327904242453, 43.8647749329126], [-72.232758371118, 43.8647672047749], [-72.2324108347722, 43.8647839761631], [-72.232284008036, 43.8648143846972], [-72.2321678082399, 43.8648837547482], [-72.2320528924655, 43.8651125086222], [-72.2319898602864, 43.8651592432699], [-72.2319264464303, 43.8651744473187], [-72.2317475453545, 43.8651592218005], [-72.2317277695251, 43.8651713245677], [-72.2316726647744, 43.8650834957477], [-72.2315449157741, 43.8649462582396], [-72.231216670422, 43.8647639267066], [-72.2310891970065, 43.8646730036326], [-72.2310577185378, 43.8646274435769], [-72.2309238809642, 43.8641559863449], [-72.2309675752904, 43.8638484765935], [-72.2309646774803, 43.8632372567087], [-72.2310281948736, 43.8632072673904], [-72.2311644858812, 43.8630814398299], [-72.231470673022, 43.8630432116764], [-72.2318393557721, 43.8630756619058], [-72.2319662959046, 43.8631137460932], [-72.2320834697282, 43.8632046300047], [-72.2322112162734, 43.8633418655401], [-72.2322751088438, 43.8633868922922], [-72.2324019429659, 43.8634397603799], [-72.2325610416177, 43.8634707849434], [-72.2329084542896, 43.8633855222422], [-72.2332034359999, 43.8633896483163], [-72.2332045283972, 43.8634916301091], [-72.2332486846787, 43.8636283402244], [-72.2333010352738, 43.8637202894266], [-72.23339761686, 43.8638110972037], [-72.233523986739, 43.8638870111245], [-72.2335880360183, 43.8639098584445], [-72.2337292226673, 43.8639042879805], [-72.2337142370919, 43.8639246714119], [-72.2337158802085, 43.8641192816828], [-72.2339413770575, 43.8646954413939], [-72.2340364402329, 43.8647868948005], [-72.2342266395391, 43.8648319485357], [-72.234354518526, 43.8648239359208], [-72.2346698696183, 43.8646476635827], [-72.234785014667, 43.8645558914997], [-72.2352902162783, 43.8643024698423], [-72.235513447725, 43.8641315113929], [-72.2354599402206, 43.8644159379305], [-72.2354235239112, 43.8649385191102], [-72.235306300902, 43.8651955351108], [-72.2352679364991, 43.8652236612217], [-72.2352798519477, 43.8652517533219], [-72.2352011763597, 43.8652410292859], [-72.2350744544078, 43.8652566565273], [-72.2350335394127, 43.8653028211233], [-72.2349058338529, 43.8653719338269], [-72.2347164424552, 43.8654260342026], [-72.2341676184211, 43.8652948698797]]]}}, {"type": "Feature", "properties": {}, "geometry": {"type": "Polygon", "coordinates": [[[-72.2279017802195, 43.8745739687277], [-72.2279686213079, 43.8745890024648], [-72.2280425295001, 43.8745479634532], [-72.2281174027078, 43.8744571346462], [-72.2281962975393, 43.8742282460047], [-72.2283461243446, 43.8739087299099], [-72.2284206623777, 43.8733588867464], [-72.2285914995379, 43.8730237932149], [-72.2285919077003, 43.8729248597899], [-72.2286563198091, 43.8728561707198], [-72.2292707936751, 43.8724155227746], [-72.2292899095008, 43.8723690611532], [-72.2295027474531, 43.8724700872661], [-72.2297559349101, 43.8725627817529], [-72.2298822041488, 43.8725702060858], [-72.2299354572576, 43.8725364833002], [-72.2302456771336, 43.8719835953522], [-72.2302672557465, 43.8718469058476], [-72.2303206230144, 43.8717549095813], [-72.2304377373774, 43.8716866307357], [-72.2305899371467, 43.8716682757758], [-72.2310069656171, 43.8717243899901], [-72.2313348044913, 43.871629054871], [-72.2314085224759, 43.871613888044], [-72.2315348406072, 43.8716139176568], [-72.2317145567189, 43.8716450213234], [-72.2319666391696, 43.871722704333], [-72.2320970421606, 43.8717873280235], [-72.23252272743, 43.8722863906483], [-72.2324794240301, 43.8724116933937], [-72.2319918873611, 43.8726840909865], [-72.231675147291, 43.8727518550613], [-72.231442646731, 43.8728581960459], [-72.2313999743104, 43.8728947865675], [-72.2312935919044, 43.8729872408931], [-72.2312508334557, 43.8730784075021], [-72.2311942454347, 43.8738748952175], [-72.231074570129, 43.8741314661475], [-72.2310100013281, 43.874222335216], [-72.2307132625504, 43.8745417477775], [-72.2306676217084, 43.8746120291761], [-72.2306354073132, 43.8746264790928], [-72.2303433355976, 43.8747589093974], [-72.2301710971686, 43.8750363783238], [-72.2299478438071, 43.8752036357734], [-72.2298776546282, 43.8753175319899], [-72.2296771290547, 43.8751456658412], [-72.2294784513453, 43.8748853098424], [-72.2292229664762, 43.8747736873452], [-72.2290970057155, 43.8747653939135], [-72.2290438805363, 43.8747806361934], [-72.2284029441106, 43.8753172951564], [-72.2283217386726, 43.8754041882733], [-72.2281569760786, 43.875483160518], [-72.2279609749227, 43.8756933504447], [-72.2278965668692, 43.875845319737], [-72.2278364811301, 43.8759018483854], [-72.2276653451103, 43.8758140198549], [-72.227580883216, 43.8757217301487], [-72.2275498702121, 43.8756531208009], [-72.2275233151416, 43.8754705907665], [-72.2275739322749, 43.8751726680102], [-72.2275536877649, 43.8750810516771], [-72.2275637162948, 43.8750347740241], [-72.2275436386621, 43.8750042583139], [-72.2275861536471, 43.8749898478874], [-72.2276815211577, 43.8749138795491], [-72.2278297387405, 43.8747763559708], [-72.2279017802195, 43.8745739687277]]]}}, {"type": "Feature", "properties": {}, "geometry": {"type": "Polygon", "coordinates": [[[-72.2402711320233, 43.8782222410364], [-72.2403106232924, 43.8779047031303], [-72.2402630668349, 43.8778173373795], [-72.2401588340157, 43.8777334640182], [-72.2400951299721, 43.8777023563002], [-72.2399167696841, 43.8775188439808], [-72.2398794373779, 43.877399116691], [-72.2399310326533, 43.877083797461], [-72.240056807991, 43.87686072408], [-72.2402813266325, 43.876726070708], [-72.2404722148123, 43.8766352189899], [-72.2411403362872, 43.876141432602], [-72.241355208727, 43.8756099167086], [-72.2416396079357, 43.8756620396365], [-72.2418910993082, 43.875784929313], [-72.2421319287592, 43.8759595313441], [-72.2421742559133, 43.8761449427579], [-72.2422261927415, 43.8762127529494], [-72.2422269894429, 43.8762286292434], [-72.2421738169133, 43.8762512691146], [-72.2421094660011, 43.8763125728994], [-72.2420667196769, 43.8764037435323], [-72.2418764258432, 43.8765400457715], [-72.2408292510476, 43.8768274204294], [-72.2407021989223, 43.8768874097393], [-72.2406064842371, 43.8769716488322], [-72.2405528150771, 43.8771080071522], [-72.2405624672518, 43.8772004535543], [-72.2406151459846, 43.8772915350524], [-72.2406984180342, 43.8773835958315], [-72.2408250812885, 43.8774225399714], [-72.2409526715219, 43.8774153898505], [-72.241269477339, 43.8773402114847], [-72.2413323851338, 43.8773554422541], [-72.241416482016, 43.8774161927535], [-72.2415268417786, 43.8775770619658], [-72.2416364318455, 43.8776313826226], [-72.2417948200363, 43.8776391293796], [-72.241911469865, 43.8775938873124], [-72.2420824312256, 43.877319875743], [-72.2424054215255, 43.8769229051224], [-72.2424856060756, 43.8768931861509], [-72.2426127322217, 43.8769090826492], [-72.2427273434713, 43.8770253899203], [-72.2427261825827, 43.8771917277641], [-72.2423844921319, 43.8779239256168], [-72.2423696327353, 43.8780128050253], [-72.2422334049759, 43.8783884861764], [-72.2422048692192, 43.878613653097], [-72.2421579760625, 43.8786476223311], [-72.2421053175986, 43.8786398222134], [-72.241978755562, 43.8785860937267], [-72.2413888412367, 43.8784650265837], [-72.2410929170214, 43.8784996198983], [-72.2408395306906, 43.8785595888494], [-72.2405630631132, 43.8787568962458], [-72.240372635808, 43.878824702429], [-72.2399882061002, 43.8788217892549], [-72.2400355410359, 43.8787249821142], [-72.2399931295495, 43.8787246113968], [-72.2400345370883, 43.8786951898482], [-72.2400570711078, 43.8786789630042], [-72.2402711320233, 43.8782222410364]]]}}, {"type": "Feature", "properties": {}, "geometry": {"type": "Polygon", "coordinates": [[[-72.2445979848602, 43.8782971728749], [-72.2443989349684, 43.8782986334062], [-72.2444302200539, 43.8781128348491], [-72.2444315050094, 43.8778845265811], [-72.2444967031033, 43.8777012395672], [-72.2446785719047, 43.8773820368533], [-72.244852379955, 43.8771326028587], [-72.2453678321157, 43.8767200059141], [-72.2454532926058, 43.8766283357344], [-72.2455476357417, 43.8764790741214], [-72.2455810323587, 43.8764685392276], [-72.2456455834411, 43.8763776619186], [-72.2456731822481, 43.8761551020856], [-72.2459550761248, 43.8757829835557], [-72.2460610831142, 43.8756987768975], [-72.2461983763099, 43.8756462128346], [-72.2463149173247, 43.8756157520237], [-72.2464420925826, 43.8756242513693], [-72.2465687558795, 43.8756631905614], [-72.2466209511104, 43.8756940357171], [-72.246714836981, 43.8757852592249], [-72.2467672149563, 43.8758772063481], [-72.2467005197596, 43.876365555133], [-72.2466772082929, 43.8767572989093], [-72.2469327792604, 43.8768614937602], [-72.2469496729898, 43.8769154788583], [-72.2469069336018, 43.8770066513088], [-72.2467581330361, 43.8771894240069], [-72.246107347912, 43.8777215700267], [-72.2460790499423, 43.8777830039384], [-72.2459938976717, 43.8778738075557], [-72.2460549888455, 43.8781949686437], [-72.2455281034136, 43.8789006375659], [-72.2452794281524, 43.8788060319887], [-72.2452506621913, 43.8786730724537], [-72.2450157873139, 43.87842369687], [-72.2449146392802, 43.8783746283924], [-72.2445979848602, 43.8782971728749]]]}}, {"type": "Feature", "properties": {}, "geometry": {"type": "Polygon", "coordinates": [[[-72.2061890061462, 43.7717791898269], [-72.2053894148535, 43.7718773938986], [-72.20538442141493, 43.77186005516891], [-72.20686108582669, 43.77168126521539], [-72.20779763011627, 43.771958465789446], [-72.2077825239732, 43.7719749299012], [-72.2074329343763, 43.7723279372321], [-72.2073064160737, 43.7724194066294], [-72.2069583898428, 43.7727245910284], [-72.2068529134745, 43.772793099086], [-72.2065881982903, 43.7728388136312], [-72.2064152873789, 43.7729448859162], [-72.2059728213161, 43.773338183683], [-72.2059784457832, 43.7730727624675], [-72.2060425715297, 43.7728310465279], [-72.2061811405883, 43.7726659256597], [-72.2062256931592, 43.7725334854615], [-72.2061428734174, 43.7721222818849], [-72.2061373204087, 43.7719352987019], [-72.2061890061462, 43.7717791898269]]]}}, {"type": "Feature", "properties": {}, "geometry": {"type": "Polygon", "coordinates": [[[-72.2061890061462, 43.7717791898269], [-72.2061373204087, 43.7719352987019], [-72.2061428734174, 43.7721222818849], [-72.2062256931592, 43.7725334854615], [-72.2061811405883, 43.7726659256597], [-72.2060425715297, 43.7728310465279], [-72.2059784457832, 43.7730727624675], [-72.2059728213161, 43.773338183683], [-72.20588448652, 43.7734200178287], [-72.2057699144662, 43.7736117532225], [-72.205611455297, 43.7741692013706], [-72.2055672491461, 43.7744164291495], [-72.2054660223103, 43.7746032173221], [-72.20542646652304, 43.77462138742266], [-72.20547691465198, 43.774107359656426], [-72.2054874449642, 43.7740871945657], [-72.2055561314637, 43.7738833240859], [-72.2055679149082, 43.7736837974331], [-72.2055260035448, 43.7728609994525], [-72.2055398429606, 43.7727099616873], [-72.2055196266838, 43.7725424860507], [-72.2054613021218, 43.7723337753093], [-72.2054320513244, 43.7719999553685], [-72.2053894148535, 43.7718773938986], [-72.2061890061462, 43.7717791898269]]]}}, {"type": "Feature", "properties": {}, "geometry": {"type": "Polygon", "coordinates": [[[-72.2095097975225, 43.7783292167361], [-72.2095112030017, 43.7781407369749], [-72.2095701475281, 43.7778629081585], [-72.2093160276189, 43.7776617039542], [-72.2092227507438, 43.7773919851581], [-72.2089446837801, 43.7771169889768], [-72.2089347808636, 43.7770254264652], [-72.2090380534493, 43.7766447216174], [-72.2089008604757, 43.7763826607368], [-72.2090718763632, 43.7763687543104], [-72.2095367975409, 43.7763718508139], [-72.2096662629224, 43.7764132209958], [-72.2098107296656, 43.7764305174099], [-72.2101582405469, 43.7765609892626], [-72.2103156467763, 43.7766685556929], [-72.2103784941719, 43.7767596700391], [-72.2103786988708, 43.7768133688579], [-72.2105781020424, 43.7771719760684], [-72.2106718525944, 43.7773788667132], [-72.2106823290834, 43.7775158693778], [-72.210723144299, 43.7776001590324], [-72.2107764025936, 43.7776386264335], [-72.2108395186413, 43.7776530000134], [-72.2109025478289, 43.7776386769647], [-72.2111727989168, 43.7775014474554], [-72.2116081138414, 43.7772150639899], [-72.211939460533, 43.7769567588438], [-72.2121438158579, 43.7768527544783], [-72.2124495590908, 43.7767424006937], [-72.21275473149, 43.7767494389322], [-72.2128831739601, 43.7767249285], [-72.2129926677247, 43.7766451278788], [-72.2130615836162, 43.776570822523], [-72.2131300361, 43.7764362964565], [-72.2131897421305, 43.7762576061772], [-72.2133264268742, 43.7761411665606], [-72.2135209226207, 43.7760612551362], [-72.2135647860129, 43.7760609881717], [-72.213560169174, 43.7761535827304], [-72.2136020042318, 43.7762639643658], [-72.2136271668832, 43.7764610247997], [-72.2136682862601, 43.7765046610932], [-72.2137699621293, 43.7765409208989], [-72.2139710789588, 43.7765473408566], [-72.2139745894355, 43.7768088867969], [-72.2139138063547, 43.7773380235622], [-72.2138824054372, 43.7774118200204], [-72.2137679039356, 43.7775961717538], [-72.2137260811687, 43.7776884073138], [-72.2137154217538, 43.7777798925847], [-72.2137359258406, 43.7778706261692], [-72.213819303056, 43.7780089938334], [-72.2143655393995, 43.7784313144258], [-72.2145559478467, 43.7785366102737], [-72.2148713050856, 43.7786815149396], [-72.2149864840869, 43.7787739132724], [-72.2150493407704, 43.7788650264481], [-72.2150707465488, 43.778956851938], [-72.2150067719192, 43.7791403112157], [-72.2147357953263, 43.7792940682159], [-72.2143825274969, 43.7794077253123], [-72.2141633121213, 43.7794340636967], [-72.2137681808369, 43.7796038677818], [-72.2135195953658, 43.7797561844248], [-72.2134562576174, 43.7797713786618], [-72.2133404929276, 43.7798398527635], [-72.2128248034446, 43.7800300623054], [-72.2118851758439, 43.7801127712471], [-72.211708299274, 43.7800997005251], [-72.2117389629281, 43.7799628566299], [-72.2118667172423, 43.7798281223345], [-72.2121181076786, 43.7796245116715], [-72.2123197869382, 43.7794339710222], [-72.2126248442513, 43.7792133903911], [-72.2127944023061, 43.779029901078], [-72.212837126726, 43.7789387566537], [-72.2128792134534, 43.7788928286607], [-72.2128799651531, 43.7787097799234], [-72.2128482758577, 43.7786179155273], [-72.2127333177074, 43.7784959486987], [-72.2126590160549, 43.7784804468816], [-72.2125327593941, 43.7784951814556], [-72.2123434821082, 43.7785640251489], [-72.2122166002349, 43.7785407120813], [-72.2121635484507, 43.7785559441611], [-72.2121445778117, 43.7785441309431], [-72.2120608771965, 43.7786129446868], [-72.2117415318871, 43.778761508506], [-72.2115519372251, 43.7787914352494], [-72.21139148808, 43.7788479954157], [-72.2112046521924, 43.7789135862995], [-72.210866065688, 43.7791270775754], [-72.2105610023743, 43.7793476534988], [-72.2102044318042, 43.7797817364993], [-72.210137094404, 43.7799275719382], [-72.2099043765659, 43.7802632134179], [-72.2098614976655, 43.7802932663434], [-72.2097982687574, 43.7802936753853], [-72.2097461636987, 43.7802628215848], [-72.2097123213096, 43.7802168186459], [-72.2096254693952, 43.7800990884987], [-72.2095908778384, 43.7795450166554], [-72.2096964991215, 43.7792554102042], [-72.2098186471893, 43.7788180364548], [-72.2097815176059, 43.7787668034384], [-72.209806385156, 43.778758421508], [-72.2097829389086, 43.7786976755901], [-72.209793604481, 43.7786061921242], [-72.2095097975225, 43.7783292167361]]]}}, {"type": "Feature", "properties": {}, "geometry": {"type": "Polygon", "coordinates": [[[-72.2073991183733, 43.7862145050045], [-72.2073309254576, 43.7861094527334], [-72.2072102462026, 43.78586244942], [-72.2072666731799, 43.785801578565], [-72.2073156858631, 43.7858013328148], [-72.2075593305461, 43.7856268308012], [-72.207653805698, 43.7855350163995], [-72.2077816242391, 43.7853133246302], [-72.2078025783015, 43.7852218790123], [-72.2078023932648, 43.7850849138318], [-72.2077511193375, 43.7847405659171], [-72.2078015526392, 43.7846314082947], [-72.2078477834336, 43.7846389786654], [-72.2079514557047, 43.7846117679845], [-72.2082260579338, 43.7843828170503], [-72.2085220166726, 43.7841698171659], [-72.2086495058788, 43.7840322591529], [-72.2087758555851, 43.7838038204793], [-72.208754495099, 43.7837878687964], [-72.2088292949719, 43.7836970650394], [-72.2088397398593, 43.7836351452357], [-72.2089030453103, 43.7835440800998], [-72.2090633424677, 43.7831044588726], [-72.2091870511925, 43.7829051424837], [-72.2094002488512, 43.7829572706733], [-72.2095583159454, 43.7830594070225], [-72.2094307383125, 43.7833311038614], [-72.2093907434991, 43.783501392788], [-72.2093454438319, 43.7840990756509], [-72.2091076029481, 43.7845105727919], [-72.2089286578582, 43.7846516286267], [-72.2087748978989, 43.7848232194905], [-72.2084342572638, 43.7853064970959], [-72.2084344602111, 43.7853601958329], [-72.2083386369764, 43.7856728869437], [-72.2083157833692, 43.7858565048416], [-72.2083166106829, 43.7859482522422], [-72.2083474509462, 43.7860316367963], [-72.2083473282263, 43.7861694702852], [-72.2084019088572, 43.7863959976502], [-72.2080719316452, 43.7863825488823], [-72.2080093205934, 43.7864210055827], [-72.2078241359565, 43.7866266058674], [-72.2076932689258, 43.7865276166303], [-72.2073991183733, 43.7862145050045]]]}}, {"type": "Feature", "properties": {}, "geometry": {"type": "Polygon", "coordinates": [[[-72.2147232655145, 43.7888184323928], [-72.2147441021945, 43.7888648190036], [-72.2147555083763, 43.7885902811493], [-72.2147567377421, 43.7881778686593], [-72.2147266241227, 43.7879946995746], [-72.2147372838988, 43.7879032129678], [-72.2148424036807, 43.7878031738673], [-72.2151280804661, 43.787506853644], [-72.2152545059571, 43.7874301562151], [-72.2154032500107, 43.7872400593136], [-72.2154762001, 43.7871942466569], [-72.2160837166578, 43.7873178697332], [-72.2164292192325, 43.7873600541232], [-72.2168250129937, 43.787434605192], [-72.2167711411447, 43.7876837633806], [-72.2166860174488, 43.7878217096287], [-72.2164724402077, 43.7880239542291], [-72.2161803506057, 43.7881645915264], [-72.215934255489, 43.7882627922442], [-72.2158842401166, 43.7883165180017], [-72.2157955782337, 43.7883594440074], [-72.2156831271508, 43.7884692411909], [-72.2155776893307, 43.7885303654925], [-72.2152299277941, 43.7888347113728], [-72.215154822233, 43.7889263875926], [-72.2150805521722, 43.7891098124915], [-72.2150387707694, 43.7891548728564], [-72.2149109123125, 43.7893839656133], [-72.2148861311842, 43.7895440982865], [-72.2148268831272, 43.7895369159717], [-72.2147219258181, 43.7893686796952], [-72.2147232655145, 43.7888184323928]]]}}, {"type": "Feature", "properties": {}, "geometry": {"type": "Polygon", "coordinates": [[[-72.2075994640087, 43.7892369817308], [-72.2072839316045, 43.7893131569643], [-72.2069995290131, 43.789312709492], [-72.2067880488991, 43.789190578025], [-72.2067255030821, 43.7890985921522], [-72.2066954116181, 43.788915419637], [-72.2066534397412, 43.7888235132369], [-72.2065792380533, 43.7887932229227], [-72.2064380901737, 43.7887737624066], [-72.2065693369295, 43.7887016575858], [-72.2067389346296, 43.7885181734549], [-72.2069068659533, 43.7882742432128], [-72.2069071380588, 43.7881975000634], [-72.2069926139791, 43.7880152117494], [-72.2070665205719, 43.7879233184198], [-72.2071822506077, 43.7878622409916], [-72.2072455984804, 43.7878470502813], [-72.2073726070616, 43.7878555857354], [-72.2074878989306, 43.7878934244554], [-72.207583350711, 43.7879544492188], [-72.2076773232384, 43.7880919945796], [-72.2077716780354, 43.7881380149737], [-72.2078345488526, 43.7881458669678], [-72.2079612448395, 43.7881154847912], [-72.2082147818597, 43.7881158116973], [-72.2084383906034, 43.7881531988577], [-72.2084800168384, 43.7881700995237], [-72.2084979403798, 43.7883223517602], [-72.2085070247551, 43.7890096028843], [-72.2084427647572, 43.7891467551752], [-72.208237480974, 43.7893690204821], [-72.2078525832447, 43.7894555817832], [-72.2078106369292, 43.7893599800269], [-72.2077263092908, 43.7892676915013], [-72.2076636016886, 43.7892376647377], [-72.2075994640087, 43.7892369817308]]]}}, {"type": "Feature", "properties": {}, "geometry": {"type": "Polygon", "coordinates": [[[-72.2132737261568, 43.7955596594236], [-72.2132311273208, 43.7956323276173], [-72.2128022502247, 43.7954841550153], [-72.212622269509, 43.7953132364107], [-72.2125077921562, 43.7952043118674], [-72.2124009083346, 43.7949691032764], [-72.2123027622713, 43.7948613278084], [-72.2121868308644, 43.7947854439545], [-72.2118968511406, 43.7946775856985], [-72.2116805579093, 43.7946702336025], [-72.2115571152876, 43.7947095456523], [-72.2112391355996, 43.794745502932], [-72.2111118067448, 43.7947378400876], [-72.2108067668226, 43.7946614457395], [-72.2104808352809, 43.7945460548025], [-72.2103756137617, 43.7944545563726], [-72.2103019567245, 43.79418751459], [-72.2103027559849, 43.794080336918], [-72.210452079387, 43.793653488623], [-72.2104604400311, 43.7935467744978], [-72.2103909148134, 43.7934562834227], [-72.2102804756727, 43.7934156388556], [-72.2100849334307, 43.7934259746106], [-72.2097371435177, 43.7936868279495], [-72.2095151368386, 43.7937968511706], [-72.2091120303799, 43.7938874782672], [-72.2087926796556, 43.7941480045005], [-72.2086131070418, 43.7942075340936], [-72.2084219105455, 43.793717195646], [-72.2082820239851, 43.7935277300424], [-72.2081870378335, 43.7934436614741], [-72.2080709482022, 43.7933899481368], [-72.2079314469721, 43.7933513632895], [-72.2079872177482, 43.7931765659798], [-72.2079670263005, 43.7930849604784], [-72.207988931426, 43.7929474261084], [-72.2080519881513, 43.7928100517032], [-72.2082212820494, 43.7926274324399], [-72.2083688858334, 43.7925129944371], [-72.2084751919431, 43.7923373062051], [-72.2084361918497, 43.7922117122663], [-72.2082657970039, 43.7921369188081], [-72.2080117376697, 43.7921235454976], [-72.2079174700189, 43.7921460085285], [-72.2076958395283, 43.7920849314698], [-72.2075695211138, 43.792023785681], [-72.2073801223169, 43.7919010888535], [-72.2070679268577, 43.7917724812327], [-72.2063216747643, 43.7915863177399], [-72.2062477984311, 43.7914718939573], [-72.2062125709269, 43.7913682717015], [-72.2062229105944, 43.7913211353644], [-72.2063234892192, 43.7911832549958], [-72.2065085052729, 43.7910830955878], [-72.2069417589264, 43.7907630126007], [-72.2072937755604, 43.7903817425585], [-72.2073966223054, 43.7901832131136], [-72.207457789646, 43.7900149608108], [-72.2077481440258, 43.7899480363068], [-72.208039435461, 43.7899580752651], [-72.2082473678399, 43.7899888804615], [-72.2088936437991, 43.7898263624013], [-72.2093680379954, 43.789788624012], [-72.2096391744806, 43.7897829283852], [-72.2096395292518, 43.7898977201623], [-72.2095970309807, 43.7900786542024], [-72.2095406149426, 43.7902190981557], [-72.2092215805504, 43.7903991854851], [-72.2090960179004, 43.7905204480299], [-72.209095494829, 43.7905906679237], [-72.2088857706161, 43.7910424977115], [-72.2087611902144, 43.7911537647267], [-72.2086730703519, 43.7913253917092], [-72.2087936947148, 43.7914604318139], [-72.2090149420842, 43.7916130343972], [-72.2090667319365, 43.7917280245838], [-72.2091305387874, 43.7917730561639], [-72.2091716878485, 43.79177321432], [-72.2092935930158, 43.7916151948343], [-72.2094897714085, 43.7911941835398], [-72.2096384840234, 43.7910114830875], [-72.2099764556717, 43.7907673333885], [-72.2101024753428, 43.7907062932077], [-72.210229537782, 43.7906676486367], [-72.2102718393627, 43.7906754204149], [-72.2103141390132, 43.7906831921726], [-72.2103762157275, 43.7907982205146], [-72.2103550038241, 43.7908433594019], [-72.2102275610127, 43.7909735303737], [-72.2101118280415, 43.7910346108442], [-72.2100177120803, 43.7911181672761], [-72.2099540932025, 43.7912101026343], [-72.2098905788898, 43.7912474695349], [-72.2098063852959, 43.7913393258615], [-72.2097947702274, 43.7914768979988], [-72.2098576302723, 43.7915680152432], [-72.2100476159045, 43.7916528832196], [-72.2101732572033, 43.7916833678199], [-72.2102995243959, 43.7917519023115], [-72.2105523862941, 43.7918446200596], [-72.2107942141797, 43.7919972980286], [-72.2109205358519, 43.7920584388563], [-72.2109621992902, 43.7921114295216], [-72.2112674888746, 43.792234130566], [-72.2113407087272, 43.7922346291283], [-72.2116361646143, 43.7920520547432], [-72.2118663658794, 43.7919370597484], [-72.2120088617046, 43.7918984732098], [-72.2122905051757, 43.791823461148], [-72.2124811916031, 43.7917326627136], [-72.2127335336197, 43.7917327586103], [-72.2127963011805, 43.7917553924308], [-72.2128177079983, 43.7918472195444], [-72.2127858993689, 43.7918931873009], [-72.2126905225161, 43.7919839150708], [-72.2122802436988, 43.7922684508985], [-72.2121521036755, 43.7924114480195], [-72.2121510881871, 43.7925481934201], [-72.2122251398233, 43.7926404386938], [-72.2123514094405, 43.792708970914], [-72.2126049640059, 43.7927092895358], [-72.2126568726615, 43.792686443324], [-72.2128460334791, 43.7926795579725], [-72.2129730964123, 43.7926409103664], [-72.2130888843684, 43.7925724354484], [-72.2132267331109, 43.7923442517013], [-72.2133224186831, 43.7922526551479], [-72.2135758491812, 43.7920651325298], [-72.2136797231385, 43.7922979362036], [-72.2136900236017, 43.7925005982486], [-72.2135709200589, 43.7929764797737], [-72.2133604819219, 43.7934050535896], [-72.2133598310368, 43.7936565906939], [-72.2134323021863, 43.7938401418107], [-72.2136115808334, 43.7940238832111], [-72.2137698717369, 43.7941001445511], [-72.2141167423297, 43.7942073458035], [-72.2142220784202, 43.7942840576743], [-72.2142488328053, 43.7943898205794], [-72.2140271157915, 43.794379625596], [-72.2139153246634, 43.7944802926378], [-72.2138329672321, 43.7946104228819], [-72.2138585625717, 43.7948316234758], [-72.2139978499441, 43.7950228203536], [-72.2142047628366, 43.7951940572909], [-72.2143565300263, 43.795375519329], [-72.2144818248773, 43.7955770987643], [-72.2144805688634, 43.7957471075725], [-72.2143515712055, 43.7958418394833], [-72.2140906703052, 43.7958512789842], [-72.213967018934, 43.7958368935788], [-72.2135511558722, 43.7955652856944], [-72.2132737261568, 43.7955596594236]]]}}, {"type": "Feature", "properties": {}, "geometry": {"type": "Polygon", "coordinates": [[[-72.2175038667322, 43.7966743230835], [-72.2171111476056, 43.7966271775014], [-72.2164787836784, 43.796620211635], [-72.2162886761569, 43.7965899227518], [-72.2161621782053, 43.7965509597533], [-72.2160994606997, 43.7965209376293], [-72.2159512408114, 43.7963910163037], [-72.2158778707834, 43.796246161364], [-72.2158564577481, 43.796154333471], [-72.2158667539487, 43.796071105396], [-72.2158172049303, 43.7959787364199], [-72.2160772239226, 43.7960477741699], [-72.2166075779968, 43.7960591373041], [-72.2167574132666, 43.7960107890387], [-72.216837747875, 43.7959080429099], [-72.2167885051155, 43.795691753012], [-72.2167902503846, 43.7953719537323], [-72.2168115051796, 43.7952796368447], [-72.2169706004977, 43.794959130365], [-72.2170440829591, 43.7948828807576], [-72.2171709494632, 43.7948303151304], [-72.2172975444442, 43.7948147072035], [-72.217360423524, 43.7948225553769], [-72.2174867578578, 43.7948836903572], [-72.2175711045159, 43.7949759730489], [-72.2175925304386, 43.7951075859187], [-72.2175485271665, 43.7953724379174], [-72.2173887994048, 43.7957381643457], [-72.2173675453318, 43.7958304813351], [-72.2173930498151, 43.7959831993458], [-72.2174870865208, 43.7960337758395], [-72.2177022291732, 43.7960335044211], [-72.2179680295558, 43.796057339859], [-72.2183553637349, 43.7960544571169], [-72.2183839552643, 43.7960754369712], [-72.2190088192635, 43.7961143244002], [-72.2191985077837, 43.7961602616554], [-72.219577517755, 43.7961373435675], [-72.2196726749782, 43.796076176381], [-72.2196848042217, 43.7960312188536], [-72.2197918326567, 43.7960018385577], [-72.2198174046674, 43.7959806290135], [-72.2198757524011, 43.7958636664495], [-72.2199817214558, 43.7957721022371], [-72.2203295493488, 43.795543614259], [-72.220777324381, 43.795302023305], [-72.221038025557, 43.7950288547271], [-72.2212085447941, 43.7946327276077], [-72.2212754287357, 43.7945062318806], [-72.2213048003965, 43.7938806455856], [-72.2212422753207, 43.7935749538637], [-72.2212636865248, 43.7933771950152], [-72.221253444867, 43.7931634462643], [-72.2213145728327, 43.7927056007237], [-72.2214113821308, 43.7922922415506], [-72.2213727590496, 43.7922777479179], [-72.2213840266786, 43.7922677889888], [-72.2214575157895, 43.7921480568075], [-72.2216152771231, 43.7919651603336], [-72.2217833362978, 43.7918220866312], [-72.2219644497142, 43.791631449775], [-72.2221023996896, 43.7915513104596], [-72.2223439970714, 43.7915309122784], [-72.2224382603459, 43.7915084387401], [-72.2225654785804, 43.7915308735207], [-72.2226804208576, 43.791576961088], [-72.2228276508817, 43.7917603515761], [-72.2228880579446, 43.7920249428255], [-72.2229131455061, 43.7924865900998], [-72.2228891611432, 43.7925395466254], [-72.2228877121791, 43.7929056533286], [-72.2228559106885, 43.7929516238981], [-72.2228555479035, 43.7930431516229], [-72.2228805802851, 43.7930125907477], [-72.2227596323596, 43.7935010837503], [-72.2227584924326, 43.7936997892929], [-72.22284279158, 43.7938827260681], [-72.2228849899378, 43.7939052777383], [-72.2230106941467, 43.7939283594779], [-72.2230740444635, 43.7939131614232], [-72.2231464308202, 43.7938616890866], [-72.2232154732638, 43.7935625794817], [-72.2232864753478, 43.7934100092028], [-72.2235909684462, 43.7931041716747], [-72.2239415127774, 43.7929983032747], [-72.2244375405273, 43.7928997164883], [-72.2248477277641, 43.7928723346978], [-72.2252589160105, 43.7927479911479], [-72.2254380938006, 43.792656914208], [-72.2255600184819, 43.7925747549253], [-72.2259444627415, 43.7926342358639], [-72.2260490691278, 43.7926876728934], [-72.2260802014114, 43.792734096149], [-72.2260906585288, 43.7928784929191], [-72.2260061255387, 43.7930618861376], [-72.2260063973874, 43.7931081946405], [-72.225802926922, 43.7935463796058], [-72.2255410614418, 43.7936491055467], [-72.2254568331832, 43.7937483635833], [-72.2253710904374, 43.7939315354153], [-72.2253923504871, 43.793962268539], [-72.2253604970769, 43.7940156327828], [-72.2253920669217, 43.7942527227193], [-72.2253901093554, 43.7946492654602], [-72.2254056921939, 43.7947538963412], [-72.2253468011721, 43.7951150074292], [-72.2253040840777, 43.7952061591035], [-72.2252125605187, 43.7953512628288], [-72.2249762897584, 43.7955956163798], [-72.2248557154798, 43.7956993036236], [-72.2247549082439, 43.7957474093205], [-72.224593318702, 43.7959157311426], [-72.2242726925702, 43.796400872427], [-72.2239904207012, 43.7969374661835], [-72.2237818044387, 43.7970388666787], [-72.2236476194055, 43.7970577134707], [-72.2235207533196, 43.797027018544], [-72.2233423927095, 43.796920255309], [-72.2232925122592, 43.7968722389835], [-72.2235043916527, 43.7966964985247], [-72.2235840725946, 43.7965159138384], [-72.2236579663094, 43.7964240084756], [-72.223783080616, 43.7961953299184], [-72.2238466698228, 43.795980333887], [-72.2238514496041, 43.7959053469502], [-72.223977209525, 43.7957545019748], [-72.2242414824093, 43.7953626357568], [-72.2242436345394, 43.7949402211907], [-72.2241187042562, 43.7948099629891], [-72.2239516733097, 43.7947691176743], [-72.2239095422514, 43.7947789601108], [-72.2236186602118, 43.7949596238025], [-72.2235073903211, 43.7949900789001], [-72.2233538301019, 43.7949692844946], [-72.2232161414622, 43.7949292010433], [-72.2230631045261, 43.7948779715878], [-72.2229663390335, 43.7948278219894], [-72.2227994690919, 43.7948480680296], [-72.2225071750394, 43.7948480576834], [-72.2219432377942, 43.7950035610736], [-72.2217318298356, 43.7951562556159], [-72.2216692699873, 43.7952705945068], [-72.2216586194156, 43.7953620816665], [-72.2216788305913, 43.7954536861719], [-72.2217939926962, 43.795636741007], [-72.2218783489872, 43.7957290219392], [-72.2223189580384, 43.7960976602574], [-72.2224453508281, 43.7962346673284], [-72.2225508603291, 43.796455730879], [-72.2225402108759, 43.7965472195111], [-72.2224658455778, 43.7966621672203], [-72.222409101001, 43.7966841299788], [-72.2221921284023, 43.796769190974], [-72.2220654251293, 43.7967995874536], [-72.2216225900326, 43.7968607541248], [-72.2206742972772, 43.7968152251702], [-72.2205482771149, 43.7967930106206], [-72.2202947090463, 43.796792706772], [-72.2201793939051, 43.7967548781548], [-72.2200519001993, 43.7966861308347], [-72.2199257206662, 43.7966860903088], [-72.2197993355038, 43.7967554011761], [-72.2197380226668, 43.7968227830809], [-72.2195360043136, 43.7967246217287], [-72.2193459489083, 43.7966869449526], [-72.219219769378, 43.7966869036473], [-72.2190297645583, 43.7967251010911], [-72.2189238464259, 43.7968092728299], [-72.2186874941079, 43.7970610076224], [-72.2185876668157, 43.79701584351], [-72.2184393861792, 43.7968933169714], [-72.2183450132993, 43.7968473039991], [-72.2175038667322, 43.7966743230835]]]}}, {"type": "Feature", "properties": {}, "geometry": {"type": "Polygon", "coordinates": [[[-72.248524616641, 43.7884553294514], [-72.2485701612081, 43.788475709044], [-72.2486926286883, 43.7885296259595], [-72.2488093375322, 43.7886287424413], [-72.2488501557177, 43.7887204156726], [-72.2488613240836, 43.7888121995337], [-72.2487440919699, 43.7893161603486], [-72.2487643386615, 43.7894077602476], [-72.2488275356022, 43.7895451675408], [-72.2489847893233, 43.7898200905762], [-72.2490265817131, 43.7898582842567], [-72.2490480375397, 43.7899501061406], [-72.2490898300602, 43.7899882997974], [-72.2490904262119, 43.7900337398694], [-72.2491237591182, 43.7900703820336], [-72.2491579018424, 43.7902968210432], [-72.2490252251596, 43.7905833241533], [-72.2488407944376, 43.7907835513121], [-72.2486134385393, 43.7909342749146], [-72.2481063815828, 43.7911474843105], [-72.2478849842254, 43.7912234404207], [-72.2477908842812, 43.7912237573736], [-72.2475378274819, 43.7912837288322], [-72.2471159591676, 43.7913404897604], [-72.2465151982031, 43.7913644336298], [-72.24593977175, 43.791487386163], [-72.2458620309912, 43.79157211249], [-72.2455481509599, 43.7917633931933], [-72.2454750891946, 43.7918711823455], [-72.2453770762651, 43.7916940819962], [-72.2453774559455, 43.7914647205191], [-72.2454404352449, 43.791327328071], [-72.2455895640052, 43.7911141528294], [-72.2458844588792, 43.790824102094], [-72.2461960655568, 43.790566721752], [-72.2464546679727, 43.7902737143644], [-72.2467402688341, 43.7899699317809], [-72.2469155009963, 43.7898753345011], [-72.2471099877441, 43.7896649282838], [-72.2472909449715, 43.7894418643085], [-72.2474272282284, 43.789116243999], [-72.247522577759, 43.7889783143368], [-72.2476281898693, 43.7888875983221], [-72.2478811285699, 43.7887119677521], [-72.2483137958146, 43.7884906679442], [-72.2483771844488, 43.7884680656261], [-72.248524616641, 43.7884553294514]]]}}, {"type": "Feature", "properties": {}, "geometry": {"type": "Polygon", "coordinates": [[[-72.2342109557632, 43.7943542515884], [-72.234252760762, 43.7942620073496], [-72.2342640194205, 43.7941252996624], [-72.2342221793831, 43.7940944922068], [-72.234158831676, 43.7941096950406], [-72.2339599304145, 43.7942526729109], [-72.2338414676489, 43.7944446432759], [-72.2337532240155, 43.7946421587788], [-72.2337057997535, 43.794630680877], [-72.2332256357414, 43.7949237216454], [-72.2329760287049, 43.7949630252602], [-72.2326672031852, 43.79507472443], [-72.2323850526782, 43.7953069646317], [-72.2321646459884, 43.7955792170555], [-72.2319289252383, 43.7957496664346], [-72.2315512295267, 43.7958015400273], [-72.2313279165484, 43.795759626825], [-72.2311744803784, 43.7955936137172], [-72.2310198079142, 43.7953043279154], [-72.231049469716, 43.7952607380157], [-72.2310054846249, 43.7950222970969], [-72.2309606899638, 43.7949816948053], [-72.2309551924788, 43.7949464545501], [-72.2309323290493, 43.7948007071123], [-72.2306737902579, 43.7940575272956], [-72.2306815645286, 43.7940284232015], [-72.2306606947949, 43.7938155053186], [-72.2305469146408, 43.7935633285172], [-72.2304198824003, 43.7934715481749], [-72.2303889062468, 43.7934029513605], [-72.2304942747764, 43.7932659400187], [-72.2305372932444, 43.793173917966], [-72.2305364357835, 43.7930821693573], [-72.2305576371924, 43.7930370281204], [-72.230558067764, 43.7928076654721], [-72.2304630440054, 43.7925136000167], [-72.2303069354695, 43.7922573529995], [-72.2302047497053, 43.7920341357164], [-72.230413420549, 43.7919216373771], [-72.2305508567645, 43.7917849617541], [-72.2306780681702, 43.7917241239033], [-72.2311208620524, 43.7916629262015], [-72.2312463978348, 43.7916249086238], [-72.2313736081985, 43.7915640699945], [-72.2316369150074, 43.791511558546], [-72.2318275328465, 43.7915113899887], [-72.2319531850182, 43.7915418548935], [-72.2320368592479, 43.791603471463], [-72.2321218810499, 43.7916033501232], [-72.2322130200753, 43.7916367307491], [-72.2323328302082, 43.7916800003094], [-72.2323117373638, 43.7917103601332], [-72.2324582604907, 43.7916567645677], [-72.2329232754931, 43.7914062837753], [-72.2331556333219, 43.7912379957443], [-72.2335733805002, 43.7907836306951], [-72.2337464237893, 43.7906590400986], [-72.2338951511975, 43.7906354534265], [-72.2342734011688, 43.7906290134846], [-72.2344000891382, 43.790598606211], [-72.2349110372304, 43.7902261047123], [-72.2349611317468, 43.7902445510905], [-72.2349919985864, 43.7902011823108], [-72.2352244891482, 43.7899274501971], [-72.2354133616589, 43.7898742245673], [-72.2355396328915, 43.789859467597], [-72.2361095988837, 43.7898678546682], [-72.236298142625, 43.7899894190884], [-72.2363825095016, 43.7900816894341], [-72.2364248306279, 43.7901727194082], [-72.2364236764369, 43.7903788154825], [-72.2362465398128, 43.790826457452], [-72.2362638086691, 43.7909517470976], [-72.236316415454, 43.7910428134893], [-72.2363587064372, 43.791181020388], [-72.2363155945679, 43.7915015362516], [-72.2362728928493, 43.7915926907166], [-72.2362721380003, 43.791913578506], [-72.236251219106, 43.7920050293266], [-72.2362714495365, 43.7920966313543], [-72.2362710388986, 43.792325992697], [-72.2362977053449, 43.7923632673051], [-72.2363878567233, 43.7924936050225], [-72.2368403549126, 43.7926006968431], [-72.2370499303152, 43.7926160258976], [-72.2376812343624, 43.7928539928853], [-72.2379337647851, 43.7931288430115], [-72.2380171225744, 43.7933652494441], [-72.238015331548, 43.7938774513799], [-72.237943285345, 43.7942685219664], [-72.2378140447621, 43.7946176410695], [-72.2376608954597, 43.794838403671], [-72.2376758623586, 43.7948615033443], [-72.2376639797103, 43.7948732006955], [-72.237190601853, 43.7953645558296], [-72.2370001508307, 43.795639534589], [-72.2369577255349, 43.7957769991172], [-72.2369047875072, 43.7958607244252], [-72.2366204353794, 43.7961064454962], [-72.2362855683928, 43.796349373046], [-72.2360123676704, 43.7964296854074], [-72.235885826033, 43.7964379196698], [-72.2356957110905, 43.7964076588291], [-72.235569358794, 43.7963465397279], [-72.2350862594801, 43.7960284455401], [-72.2350898185616, 43.7959532359131], [-72.2350100550454, 43.7958081519952], [-72.2348341422794, 43.7955677077605], [-72.2346616542713, 43.7954842436144], [-72.2343450876728, 43.7954076448489], [-72.2341551136222, 43.7953154200075], [-72.2341030912422, 43.7952697913616], [-72.2340507908787, 43.7951778542095], [-72.2340514862079, 43.7949948000845], [-72.2341572679947, 43.7946284227712], [-72.2342109557632, 43.7943542515884]], [[-72.2368991994042, 43.7936088058203], [-72.2367729206002, 43.793623564264], [-72.2365839169712, 43.7936083088387], [-72.2363941711709, 43.7935697877705], [-72.2363308784175, 43.7935776002318], [-72.2362357382194, 43.7936387799523], [-72.2362256245555, 43.7936998338055], [-72.2362875905982, 43.793837025695], [-72.2362884549219, 43.7939287742661], [-72.23626736328, 43.7939591348111], [-72.2362767202288, 43.7940052589226], [-72.2362135470602, 43.7940815559579], [-72.2361708433308, 43.7941727103386], [-72.2361704989156, 43.7942642367265], [-72.2361913521269, 43.7943106208314], [-72.2363388627799, 43.7944172535251], [-72.2364653156097, 43.7944635872139], [-72.2366973201614, 43.7945172631634], [-72.2369185843703, 43.7944635007664], [-72.2370798825396, 43.7942886410214], [-72.237215643754, 43.7938306254019], [-72.2371942545587, 43.7937314098113], [-72.2371425916558, 43.793677522542], [-72.2370265312187, 43.7936164441626], [-72.2368991994042, 43.7936088058203]]]}}, {"type": "Feature", "properties": {}, "geometry": {"type": "Polygon", "coordinates": [[[-72.2315317242678, 43.8027737632359], [-72.2314738472649, 43.8027844208839], [-72.2314314019189, 43.8026683843625], [-72.2312477892116, 43.8024459502264], [-72.2312060960188, 43.8024364480208], [-72.2308442852824, 43.8022081374185], [-72.2305563594512, 43.8020581484682], [-72.2304609729576, 43.8019823555795], [-72.2303993106816, 43.80176102186], [-72.2303762600861, 43.8013876447355], [-72.2302991294326, 43.8009599328089], [-72.2303096026299, 43.8009340992472], [-72.2301848566452, 43.800013780601], [-72.2300902944634, 43.799823416622], [-72.2300162103733, 43.7997311787361], [-72.2298585694446, 43.7996023248835], [-72.2297310077626, 43.7995409785213], [-72.2293937882468, 43.7995151632949], [-72.2291196878383, 43.7993806604199], [-72.2287931672134, 43.7991292124691], [-72.2287298070276, 43.7990611473659], [-72.2285862361312, 43.7988275531683], [-72.2284766586321, 43.7987482273255], [-72.2282872283707, 43.7987486125004], [-72.2281777926294, 43.7987340737578], [-72.2282531552611, 43.7986054312571], [-72.2284136039598, 43.7984692757667], [-72.2286685832493, 43.7984004337305], [-72.2288239215078, 43.7983438303532], [-72.2288774519611, 43.7983055475208], [-72.229097746038, 43.7983052767172], [-72.2292565312502, 43.7983584763318], [-72.2293574963585, 43.7984149421534], [-72.2298258968087, 43.7985027678125], [-72.229912445759, 43.7985020020018], [-72.230036406058, 43.7986857344281], [-72.2300999253939, 43.7987316255001], [-72.2302262771061, 43.7987927492147], [-72.2305428016626, 43.7988767509446], [-72.2306586551343, 43.7989674035618], [-72.2309439584524, 43.7993130481551], [-72.2309442868332, 43.7994787151979], [-72.2307820010194, 43.7998301010202], [-72.2308067340815, 43.7998836745408], [-72.2308907274598, 43.7999444249047], [-72.2309942718403, 43.7999791576199], [-72.2311001395387, 43.8001123841526], [-72.231155997871, 43.8002993443333], [-72.2311796270265, 43.8007616438722], [-72.2311499315855, 43.8015296422725], [-72.2311798465704, 43.8016628067307], [-72.2312864749646, 43.8017323363276], [-72.2314754137357, 43.8018021689347], [-72.2316083127789, 43.8019644106684], [-72.2317866911145, 43.8021146462228], [-72.2320520916435, 43.802538050819], [-72.2320802818683, 43.8027014288789], [-72.2320335520638, 43.8028038748435], [-72.2319865757445, 43.8028563151838], [-72.2317870370825, 43.8027873136101], [-72.2315317242678, 43.8027737632359]]]}}, {"type": "Feature", "properties": {}, "geometry": {"type": "Polygon", "coordinates": [[[-72.2353896169705, 43.8053209708221], [-72.2356648987325, 43.8049088967179], [-72.2361422759943, 43.8040768693741], [-72.2362513480632, 43.8037591954305], [-72.2361768488959, 43.8035956482543], [-72.2360807885283, 43.8034855059966], [-72.2361670878879, 43.8034782108913], [-72.2361764331126, 43.8033975862356], [-72.2362182414698, 43.8033053400262], [-72.2363021048533, 43.8032143327826], [-72.2365128842396, 43.8031068321349], [-72.2366248512891, 43.8031070227058], [-72.2368089188898, 43.8036107807372], [-72.2368094091092, 43.8040984338013], [-72.2365994444192, 43.8045187926973], [-72.2364930872285, 43.8047092913969], [-72.2364937093102, 43.8046640721685], [-72.2362828941861, 43.8050759496939], [-72.2362626110064, 43.8052054529412], [-72.2362939978769, 43.8053888451728], [-72.236325505267, 43.8054270070057], [-72.2363894490846, 43.8054572430169], [-72.2364523918426, 43.8054576891321], [-72.2365926403315, 43.8053964558233], [-72.2368518475677, 43.805159988674], [-72.2369793858644, 43.8050982727825], [-72.2374222088164, 43.8050444453998], [-72.2376439014881, 43.8048917597698], [-72.2378004385019, 43.8047086177546], [-72.2378952415452, 43.8045252509862], [-72.2380000893321, 43.8042049513345], [-72.2379747897622, 43.8040587597706], [-72.2380629416595, 43.8040462527955], [-72.2381068787651, 43.8039951038623], [-72.2381137835645, 43.8038742480919], [-72.2380542706877, 43.8037735883605], [-72.2379967061482, 43.8037398970638], [-72.2378679167841, 43.8037218186574], [-72.2378677227479, 43.8035774580229], [-72.2381823480361, 43.8036777406191], [-72.2383810553112, 43.8036512868498], [-72.2384953732016, 43.8035325613615], [-72.2385483868896, 43.8035247087336], [-72.238621959693, 43.8034336635924], [-72.238663764317, 43.8033414164796], [-72.2386641069983, 43.8032498874124], [-72.2388117132629, 43.8027005942626], [-72.2388634976014, 43.8026092516425], [-72.2388737956998, 43.8024788432887], [-72.2390216981265, 43.8020591273134], [-72.2391688467515, 43.8017465903687], [-72.2391998251371, 43.8016014738974], [-72.2394094591362, 43.8011385001216], [-72.239516571943, 43.8009675694552], [-72.2395506020465, 43.8009479076947], [-72.2395685310274, 43.8009373208788], [-72.2396946681028, 43.8009447341313], [-72.2398221895715, 43.8010134623704], [-72.2399485688504, 43.8012882904311], [-72.2399488174522, 43.8014252595504], [-72.2399279007626, 43.8015167137097], [-72.2399275293067, 43.802173506233], [-72.2399389969691, 43.8022644251263], [-72.2399810214388, 43.8023563248444], [-72.2400965834177, 43.8024478377014], [-72.2401708665614, 43.8024707174941], [-72.2402974698644, 43.8024550869454], [-72.2403494812852, 43.8024174450412], [-72.2404339857299, 43.8022340400368], [-72.2404597442896, 43.8020130269805], [-72.2405547868258, 43.801966628408], [-72.2409556037044, 43.8020309084121], [-72.241018602407, 43.8018935158908], [-72.2409746039405, 43.8016078979283], [-72.2407701858784, 43.8012410421052], [-72.2408025988096, 43.8011498473111], [-72.2411001038225, 43.8007982840008], [-72.2411698662234, 43.800645480601], [-72.2411387484339, 43.8005084007691], [-72.2409590690287, 43.8003255625039], [-72.2408322917715, 43.8002801008044], [-72.2405799173644, 43.8002800584285], [-72.240452626235, 43.8002650310409], [-72.2403691408763, 43.8001738515533], [-72.2403485967608, 43.8000396363111], [-72.240537731327, 43.7998226942661], [-72.2406102713851, 43.7996620740458], [-72.2410212859093, 43.7990889485686], [-72.241331204202, 43.7987350401669], [-72.2414427348736, 43.7984936855342], [-72.2414957785677, 43.7982647275537], [-72.2414640430011, 43.7981728670713], [-72.2414104421038, 43.7981352796279], [-72.2412835665082, 43.7981046015879], [-72.2410306853704, 43.7981349949734], [-72.2407255168737, 43.7981132390042], [-72.2404515241568, 43.798047243612], [-72.2404404367188, 43.7980748135465], [-72.2403879700204, 43.7980485351358], [-72.2403346013643, 43.798021166148], [-72.2401054877926, 43.7979846811668], [-72.2400500897412, 43.7979449133968], [-72.2398498359494, 43.7978924444386], [-72.2397240673151, 43.7978767713791], [-72.2396075310479, 43.7978387373867], [-72.239290875596, 43.7976862733133], [-72.2392171670702, 43.7976255666288], [-72.2392231098743, 43.7975979766346], [-72.2392842641924, 43.7973353536014], [-72.239575327565, 43.7970381243586], [-72.2398179253705, 43.7968772520456], [-72.2405551175657, 43.7965203277127], [-72.2409195438769, 43.7963753300175], [-72.2410817861811, 43.7962811272165], [-72.2413981389434, 43.7961735654282], [-72.2420278546418, 43.7960393066308], [-72.2420720404845, 43.7960816428426], [-72.2421993460295, 43.7963103780843], [-72.2423748770118, 43.7964360207479], [-72.24287345, 43.7964932548854], [-72.243000631557, 43.796523062741], [-72.243317443528, 43.7966533418165], [-72.2434437533666, 43.7967218439558], [-72.2436016956369, 43.7968969904516], [-72.2436543187419, 43.7969880562235], [-72.2436869307739, 43.79717166461], [-72.2436723222249, 43.7974446761301], [-72.2436877286885, 43.7974919087107], [-72.2437503302571, 43.7975838799851], [-72.2438663013022, 43.7976597375088], [-72.2441199005378, 43.7977432624768], [-72.2441828372109, 43.7977437057262], [-72.2443085048723, 43.7977741598654], [-72.244436205962, 43.7977735299601], [-72.2447096083701, 43.7977071150269], [-72.2451202743079, 43.7974826986526], [-72.2453974516026, 43.797264327485], [-72.2454262108109, 43.7974370515915], [-72.245384015163, 43.7978493233098], [-72.2452580441074, 43.7981241105738], [-72.2450479664392, 43.7983529423201], [-72.2445204506052, 43.798757604616], [-72.2444682382838, 43.7987813323069], [-72.2444050175901, 43.7988650253992], [-72.2443868100945, 43.7990032316523], [-72.2442685730843, 43.7990786828355], [-72.2442264432107, 43.7991320138283], [-72.244036677314, 43.7992239486493], [-72.2439099778849, 43.799254365124], [-72.2435937708586, 43.7992093130162], [-72.2432835549842, 43.7992162417939], [-72.2430409568938, 43.7993336403272], [-72.2428404865385, 43.7997455606359], [-72.2427493051584, 43.79984632748], [-72.242509065765, 43.8002324498472], [-72.2424146167, 43.800324291484], [-72.2423089258017, 43.8005528414128], [-72.2417303051916, 43.8014236541268], [-72.2416570196402, 43.801561009737], [-72.2415513533025, 43.801698901021], [-72.2414556917193, 43.8017905197109], [-72.2411514926599, 43.8022333721739], [-72.2408619038037, 43.8025771384773], [-72.2406872926725, 43.8028365289467], [-72.2401711757834, 43.8034625424387], [-72.2400446432536, 43.8035540489483], [-72.2399606522268, 43.8037070189088], [-72.2399612908221, 43.8037885511707], [-72.2394242100549, 43.8042090340379], [-72.2394140469041, 43.8042339986069], [-72.2392977825562, 43.8042422741278], [-72.2392972141578, 43.8042801018068], [-72.2390237939556, 43.8045167389747], [-72.2378436440039, 43.8051051145299], [-72.2367266460418, 43.8057476293442], [-72.2362940748602, 43.8061058673069], [-72.2359673789584, 43.8064270958861], [-72.2358527489494, 43.8065032061623], [-72.2352622576317, 43.807236769957], [-72.2351562895535, 43.8073283481566], [-72.234737297222, 43.8077751177511], [-72.2347065012247, 43.8078074003678], [-72.2345776458695, 43.8078401922079], [-72.2343240366949, 43.8078399151619], [-72.234197663706, 43.8077787946137], [-72.2340296524059, 43.8076572973816], [-72.233991977175, 43.8075930232531], [-72.2340544089885, 43.8074101919549], [-72.2342920072207, 43.8071077726104], [-72.2348324879116, 43.8066851463787], [-72.2348934871964, 43.8066186234714], [-72.2349031895938, 43.8065732200045], [-72.2349873682781, 43.8064813453966], [-72.2351242717942, 43.8062520422763], [-72.2351981972812, 43.8060694703974], [-72.2351973326111, 43.8059777192002], [-72.2352397673421, 43.8058402527829], [-72.235250152012, 43.8056987560919], [-72.2353896169705, 43.8053209708221]]]}}, {"type": "Feature", "properties": {}, "geometry": {"type": "Polygon", "coordinates": [[[-72.2328692336402, 43.8077987064041], [-72.23291221086, 43.8078408238575], [-72.2329747445777, 43.8078569248249], [-72.2330803793507, 43.8079401466308], [-72.2332603922745, 43.8081184342662], [-72.2333132779349, 43.808299296774], [-72.233387737028, 43.808723742824], [-72.233227109603, 43.809095797255], [-72.2328704031042, 43.8095049620768], [-72.2327656381559, 43.8095967602217], [-72.2326564585007, 43.8096285369203], [-72.2326279884473, 43.8095890803521], [-72.2325118514457, 43.8095353876513], [-72.2324386556768, 43.8094442392572], [-72.232395542302, 43.8091236140169], [-72.232490830123, 43.8086202209011], [-72.2324906700525, 43.8083454104356], [-72.2324615307779, 43.8083150835701], [-72.2324272141904, 43.8081616806042], [-72.232312830726, 43.8079473266937], [-72.2324514553077, 43.8079450101991], [-72.2326647113359, 43.8079175302296], [-72.2328692336402, 43.8077987064041]]]}}, {"type": "Feature", "properties": {}, "geometry": {"type": "Polygon", "coordinates": [[[-72.2258674401469, 43.8206517941206], [-72.2257412140074, 43.8206517584863], [-72.2256463866032, 43.8206214002725], [-72.2256207420811, 43.820693487646], [-72.2255196403917, 43.8206518017471], [-72.2254139987353, 43.8206518419066], [-72.2252876098701, 43.8205907116014], [-72.2251921493077, 43.8205223032354], [-72.2249449931568, 43.8204602872216], [-72.2251223022415, 43.8202189628939], [-72.225181812694, 43.8200263361479], [-72.2251916149909, 43.8198430910161], [-72.2251394463344, 43.8195226401482], [-72.2250761614, 43.8193167277763], [-72.2250762705708, 43.8193852149088], [-72.2249880082292, 43.8191589898362], [-72.2252165208011, 43.8190778766974], [-72.2253286893736, 43.8190956874855], [-72.2254024633785, 43.8191490127938], [-72.2254975628784, 43.8193089511296], [-72.2256666866053, 43.8193621972543], [-72.2257300040955, 43.8193543879869], [-72.2258561687391, 43.8192785449438], [-72.2259193246832, 43.81920964139], [-72.2259189427553, 43.8190948445557], [-72.2258878466314, 43.8189577568529], [-72.2258980780694, 43.8187986452821], [-72.226054553205, 43.81850723786], [-72.2261111418285, 43.8182576373431], [-72.2260240434259, 43.8179955431378], [-72.2259496382751, 43.8179041684361], [-72.2257072109529, 43.8176912844029], [-72.2255812434779, 43.8176145015381], [-72.2255155611616, 43.8176144745979], [-72.2256231262288, 43.8174315934867], [-72.2257177572887, 43.8171112574104], [-72.2256963257724, 43.8170194288349], [-72.2255800144091, 43.8168213632664], [-72.2255381650067, 43.8167905527293], [-72.2250849994587, 43.8166305833461], [-72.2250105954853, 43.8165392080146], [-72.2249891633179, 43.8164473778897], [-72.2250101042344, 43.8163559253618], [-72.2250634374276, 43.816263939003], [-72.2252401074691, 43.8161511078243], [-72.225675851578, 43.8158313929734], [-72.2256986765699, 43.8158143017699], [-72.2258502152335, 43.8157866034445], [-72.225953121506, 43.8157869866581], [-72.2261048235638, 43.8158203808113], [-72.2262558711639, 43.8159026924181], [-72.2264862293219, 43.8158996366999], [-72.2266804209188, 43.8158751388957], [-72.2268596994893, 43.815820146805], [-72.2270244364551, 43.8156829182473], [-72.2270350295334, 43.8155988182321], [-72.2270560804298, 43.8155758496811], [-72.2271394752477, 43.8153015653318], [-72.2271834014881, 43.8152541137024], [-72.2273399274247, 43.8149118318322], [-72.2274023833764, 43.8147290016533], [-72.2275285792465, 43.8144792245319], [-72.2276552408877, 43.8139963826903], [-72.2277073570338, 43.8139041741769], [-72.2277373688068, 43.8137292670995], [-72.2276558280079, 43.8135782972064], [-72.2277186028663, 43.8135611362428], [-72.2282324327486, 43.8135323874925], [-72.2285456516694, 43.8136222539073], [-72.2285927970579, 43.8136743902975], [-72.2286208886506, 43.8136823226165], [-72.2286173941073, 43.8136631769592], [-72.2288678851828, 43.8135527880158], [-72.2290892170012, 43.8134990369139], [-72.2297430684073, 43.8136125542366], [-72.2299327619704, 43.8136658708646], [-72.2300585591608, 43.8136815547294], [-72.2302594761397, 43.8136888188703], [-72.2305117330049, 43.8136277871034], [-72.2307546317378, 43.8135206289655], [-72.2308708500849, 43.813436483424], [-72.2309653336859, 43.8133446474086], [-72.2310183462301, 43.8132535293907], [-72.231154359271, 43.8131101026344], [-72.2314613671572, 43.8128407707449], [-72.2315071954269, 43.8127807155432], [-72.2317374084312, 43.8126693782246], [-72.231945585735, 43.8126344889908], [-72.2320095350032, 43.8126647274283], [-72.2321356681619, 43.8128025975267], [-72.2321854561204, 43.8129088781892], [-72.2319352805534, 43.8139093691442], [-72.2318633008539, 43.8141986992473], [-72.2319678392769, 43.8142669180819], [-72.2320943285594, 43.8143132579456], [-72.232537384377, 43.8143205397673], [-72.2328535367735, 43.8142971338949], [-72.2330616071566, 43.8143205095117], [-72.2329063291728, 43.8144493013931], [-72.2326642818639, 43.8146916988972], [-72.2326431154691, 43.8148164176893], [-72.2326863051766, 43.8149992039559], [-72.2327383959071, 43.8150374429816], [-72.2328440296293, 43.8150373974373], [-72.2329625223446, 43.8150591391914], [-72.2329066662614, 43.8150821976646], [-72.2328685357175, 43.8154212242109], [-72.2329072537064, 43.8155948643962], [-72.2328969233487, 43.815685488135], [-72.2328526643889, 43.8157375047242], [-72.2326231527747, 43.8159192903945], [-72.2324967454369, 43.8159886164185], [-72.232138655511, 43.8161190530858], [-72.2316112354235, 43.816225819145], [-72.2314212892716, 43.8162492524283], [-72.231041821349, 43.8163637368413], [-72.2309158272503, 43.8164174082144], [-72.230820129715, 43.8165090218916], [-72.2307568243542, 43.8166001028605], [-72.2306837235866, 43.8167911592672], [-72.2306832928232, 43.8170205322019], [-72.2307424552523, 43.8172127285571], [-72.2307775953298, 43.8175050651264], [-72.2304528947535, 43.8178747778822], [-72.2304098601635, 43.8179668036818], [-72.230367761179, 43.8180127405966], [-72.2301156237223, 43.8185623075459], [-72.2299832602945, 43.8189127294559], [-72.2299189355727, 43.819187740033], [-72.2297157676729, 43.8196611761075], [-72.229716040452, 43.8197074872011], [-72.229536719365, 43.8199364157151], [-72.2294327539265, 43.8200403913414], [-72.2293287916483, 43.820017612954], [-72.2292656223724, 43.8200467304643], [-72.2292250125542, 43.8200957165792], [-72.2285565166009, 43.8200738909036], [-72.2282295741434, 43.8201202920725], [-72.2281023075915, 43.8201811323757], [-72.2278293368313, 43.820593646883], [-72.2275816194655, 43.8213660809781], [-72.2274816069324, 43.8213828858519], [-72.2274399182953, 43.8214131701896], [-72.2271227407208, 43.8214900441279], [-72.2268702887799, 43.8214899754929], [-72.2268074355415, 43.8214747395691], [-72.2267012662084, 43.8214219466665], [-72.2266271647052, 43.821329704074], [-72.2265388580756, 43.8209406328141], [-72.2265114463757, 43.8208800880117], [-72.2263713347155, 43.8207488992839], [-72.2261947126727, 43.8207275866563], [-72.2258674401469, 43.8206517941206]]]}}, {"type": "Feature", "properties": {}, "geometry": {"type": "Polygon", "coordinates": [[[-72.2254953038371, 43.80098667088], [-72.2251162159563, 43.8010169972618], [-72.2250900526557, 43.8010362489326], [-72.2249785291989, 43.8009334335165], [-72.2248517609165, 43.8008879555253], [-72.2243393664563, 43.8008984341825], [-72.2240942584411, 43.8009394772767], [-72.2239561715633, 43.8009946167127], [-72.2236708988239, 43.8008987592747], [-72.2233966695733, 43.8008659907099], [-72.2232711133573, 43.8009040009554], [-72.2232145276133, 43.8009037893966], [-72.2231870747906, 43.8009339056633], [-72.2229752731937, 43.8008052753969], [-72.2225808478774, 43.8006144325651], [-72.2225159072341, 43.800597884085], [-72.2225829032121, 43.8003733341194], [-72.2225623405062, 43.8003297750206], [-72.2225212408389, 43.7999891579877], [-72.2225524146867, 43.799905137655], [-72.2225945624102, 43.7998518133002], [-72.2226579171622, 43.7998366140979], [-72.2229106519397, 43.7998284318927], [-72.2230274885174, 43.7997823440121], [-72.2231219089147, 43.7996979086151], [-72.2231637863472, 43.7995150065019], [-72.2231639326476, 43.7992865111683], [-72.2231002001534, 43.7991036485389], [-72.2230264508286, 43.7990503244354], [-72.2229002127256, 43.7990576787477], [-72.2227730869892, 43.7991037274839], [-72.2224468735251, 43.799271428754], [-72.221918976607, 43.7994594621539], [-72.2219198512453, 43.7993809809444], [-72.221835154061, 43.7992932642346], [-72.2216463284218, 43.7992521164251], [-72.2214764131124, 43.7991903862661], [-72.221185148718, 43.7990462355425], [-72.2214453650077, 43.798883071383], [-72.2215512832905, 43.7987988973382], [-72.221645757935, 43.7987070715808], [-72.2217605962924, 43.798478354835], [-72.2218882451392, 43.7984018711789], [-72.2220145356573, 43.7983871278189], [-72.2220776742927, 43.7984014966072], [-72.222203857449, 43.7984015347669], [-72.2222934006262, 43.7983633903616], [-72.2224077799503, 43.7981975012722], [-72.2225247885184, 43.7981690258466], [-72.2228577539474, 43.7981959296881], [-72.2230686982328, 43.7981495425361], [-72.2231947202027, 43.7980884880043], [-72.223278902867, 43.7979966218945], [-72.2234365112969, 43.7977526287029], [-72.2235417409528, 43.7976377972356], [-72.2235633096443, 43.797584394595], [-72.2236680675523, 43.7974926060802], [-72.2237528267644, 43.7973629133927], [-72.2239150402298, 43.7971928560794], [-72.2240317255243, 43.7972087285229], [-72.2242112652374, 43.7971528733168], [-72.2243764467013, 43.7970323944278], [-72.2245956262991, 43.7967673250506], [-72.2247641494988, 43.7966446836691], [-72.2249334093304, 43.7964620410884], [-72.2252175281161, 43.7960035024435], [-72.2254412040992, 43.795450601798], [-72.2255353054643, 43.7953670326901], [-72.2256620059021, 43.7953366337546], [-72.225788869524, 43.7953673263071], [-72.225862565537, 43.7954280402361], [-72.2258612685548, 43.7955656541337], [-72.2257767329701, 43.7957490484953], [-72.2257660866266, 43.7958405374479], [-72.2257872430616, 43.7958860536424], [-72.226019069673, 43.7960054056177], [-72.226070806263, 43.7960482105162], [-72.2261448797554, 43.7961404495851], [-72.2261871914947, 43.7962314832286], [-72.2261871037983, 43.7963693193961], [-72.2261661718222, 43.7964607696708], [-72.2259971442819, 43.7969469159364], [-72.2259838641927, 43.79698426028], [-72.2260404236614, 43.7970714339794], [-72.2261981067883, 43.7971929001473], [-72.2263887407158, 43.7971927407038], [-72.2265767402423, 43.7971384363454], [-72.2267054578701, 43.7970806498904], [-72.2266726539835, 43.7972235831173], [-72.2264633934547, 43.7977504526702], [-72.2263930428838, 43.7979808614056], [-72.2264940404723, 43.798200166595], [-72.2264840243031, 43.7982464377778], [-72.2265469129014, 43.7983375486232], [-72.2266251655322, 43.7983963223448], [-72.2267892149651, 43.7984745482439], [-72.2269789169614, 43.7985204740083], [-72.227106309006, 43.7985207304377], [-72.2272074258817, 43.7984717543146], [-72.2273779185963, 43.7982856346534], [-72.2278014568559, 43.7980469722553], [-72.2280326423622, 43.7978784684448], [-72.2282866545258, 43.7976493941219], [-72.2283384485271, 43.7975580576216], [-72.2284809662809, 43.7974324884732], [-72.2286139420582, 43.7974134151541], [-72.2288022123434, 43.7974054170027], [-72.2290332768293, 43.797421925554], [-72.2293397436548, 43.7974726300773], [-72.2296567198935, 43.7974503220088], [-72.2298455644335, 43.7974044958838], [-72.2300361990539, 43.7974043303581], [-72.2302262089105, 43.797449383759], [-72.2302891451412, 43.797449833252], [-72.2304150530232, 43.7974035552854], [-72.2305307148607, 43.7972665809435], [-72.2306365668733, 43.7971897928079], [-72.2308581268309, 43.7971388667914], [-72.230886775854, 43.7971524519503], [-72.2310900209747, 43.7972508183232], [-72.2312477128931, 43.7973722775434], [-72.2313217959847, 43.7974645146666], [-72.2313641126341, 43.7975555463858], [-72.2313006312207, 43.7980129568374], [-72.2311952213161, 43.7981971484485], [-72.2310837236754, 43.7983441393144], [-72.2309886250781, 43.7983979230125], [-72.2309527675452, 43.7984190967724], [-72.2307450928905, 43.7984744223436], [-72.2304713982906, 43.7984945009864], [-72.2301783728084, 43.7984675462706], [-72.229912445759, 43.7985020020018], [-72.2298258968087, 43.7985027678125], [-72.2293574963585, 43.7984149421534], [-72.2292565312502, 43.7983584763318], [-72.229097746038, 43.7983052767172], [-72.2288774519611, 43.7983055475208], [-72.2288239215078, 43.7983438303532], [-72.2286685832493, 43.7984004337305], [-72.2284136039598, 43.7984692757667], [-72.2282531552611, 43.7986054312571], [-72.2281777926294, 43.7987340737578], [-72.2279892316236, 43.79886599363], [-72.2277624026022, 43.7989751603569], [-72.2274510915893, 43.7990503140907], [-72.2271775979207, 43.7990843010079], [-72.2269039375707, 43.7990571942684], [-72.226659109423, 43.7989345348877], [-72.2264462912536, 43.7988630845403], [-72.2260828577403, 43.7987806382153], [-72.2259574139836, 43.7988038683013], [-72.2259042945004, 43.7988264982374], [-72.2258622036503, 43.7988724322619], [-72.2258099362786, 43.7989868106898], [-72.2258847939834, 43.7991384061347], [-72.2260730371585, 43.7992608570282], [-72.2262928156899, 43.7993742939917], [-72.2265116467338, 43.7995772977394], [-72.2266115882062, 43.7998176896357], [-72.2266396196657, 43.8000430290345], [-72.2265940686087, 43.8006526927828], [-72.2265184753521, 43.800854384239], [-72.2265189740387, 43.8011209308496], [-72.2265564412979, 43.801254558998], [-72.2264924006595, 43.8012391020288], [-72.2260261267459, 43.8012321475524], [-72.2258429535663, 43.8010773223047], [-72.2257161862613, 43.8010318452755], [-72.2254953038371, 43.80098667088]]]}}, {"type": "Feature", "properties": {}, "geometry": {"type": "Polygon", "coordinates": [[[-72.2165316035546, 43.7975430914423], [-72.2166588847384, 43.7975581412334], [-72.2167327371606, 43.7975966863156], [-72.2172593459599, 43.7977489125734], [-72.2175125489637, 43.7978407493743], [-72.2176702729375, 43.7979548342843], [-72.2179772211578, 43.7983516808248], [-72.2180867027466, 43.7984421026405], [-72.2181751273081, 43.7985157032875], [-72.2182446995059, 43.7987255481456], [-72.2182093689444, 43.7988393376237], [-72.2182512581789, 43.7988627579323], [-72.2181616998382, 43.7998927196937], [-72.2182309326308, 43.8001903977195], [-72.2183161716117, 43.8003272529451], [-72.2184096072936, 43.800419353414], [-72.2185231878619, 43.8005706651084], [-72.2182734955917, 43.8006173336771], [-72.2180583384301, 43.8006176061312], [-72.2178310063013, 43.800710013672], [-72.2177046556566, 43.8007321453545], [-72.2175773132356, 43.8007244882785], [-72.2173877762721, 43.8006563722496], [-72.2170498988557, 43.800473119187], [-72.2167156392731, 43.800250745635], [-72.2166498453147, 43.8001859262963], [-72.2164888450182, 43.8000231277071], [-72.2164427366682, 43.7998740262076], [-72.2164113961802, 43.7997738989716], [-72.2164526471, 43.7995964332546], [-72.2163514681284, 43.799323417901], [-72.2163330359215, 43.7992376883813], [-72.2163642704766, 43.7991462781809], [-72.2165120280415, 43.7989698684565], [-72.2165803843794, 43.7986040125484], [-72.2165348621886, 43.7982107642665], [-72.2164168997465, 43.7980392165615], [-72.2162477917824, 43.7979100862189], [-72.2162058009852, 43.7978181792009], [-72.2162930928691, 43.7976343670893], [-72.2163182762975, 43.7976251140338], [-72.2165316035546, 43.7975430914423]]]}}, {"type": "Feature", "properties": {}, "geometry": {"type": "Polygon", "coordinates": [[[-72.2279099195618, 43.8021524921654], [-72.2277915280015, 43.8019096400706], [-72.2277188583395, 43.8018315377594], [-72.2266530972559, 43.8012797034254], [-72.2265564412979, 43.801254558998], [-72.2265189740387, 43.8011209308496], [-72.2265184753521, 43.800854384239], [-72.2265940686087, 43.8006526927828], [-72.2266396196657, 43.8000430290345], [-72.2266115882062, 43.7998176896357], [-72.2265116467338, 43.7995772977394], [-72.2262928156899, 43.7993742939917], [-72.2260730371585, 43.7992608570282], [-72.2258847939834, 43.7991384061347], [-72.2258099362786, 43.7989868106898], [-72.2258622036503, 43.7988724322619], [-72.2259042945004, 43.7988264982374], [-72.2259574139836, 43.7988038683013], [-72.2260828577403, 43.7987806382153], [-72.2264462912536, 43.7988630845403], [-72.226659109423, 43.7989345348877], [-72.2269039375707, 43.7990571942684], [-72.2271775979207, 43.7990843010079], [-72.2274510915893, 43.7990503140907], [-72.2277624026022, 43.7989751603569], [-72.2279892316236, 43.79886599363], [-72.2281777926294, 43.7987340737578], [-72.2282872283707, 43.7987486125004], [-72.2284766586321, 43.7987482273255], [-72.2285862361312, 43.7988275531683], [-72.2287298070276, 43.7990611473659], [-72.2287931672134, 43.7991292124691], [-72.2291196878383, 43.7993806604199], [-72.2293937882468, 43.7995151632949], [-72.2297310077626, 43.7995409785213], [-72.2298585694446, 43.7996023248835], [-72.2300162103733, 43.7997311787361], [-72.2300902944634, 43.799823416622], [-72.2301848566452, 43.800013780601], [-72.2303096026299, 43.8009340992472], [-72.2302991294326, 43.8009599328089], [-72.2303762600861, 43.8013876447355], [-72.2303993106816, 43.80176102186], [-72.2304609729576, 43.8019823555795], [-72.2305563594512, 43.8020581484682], [-72.2308442852824, 43.8022081374185], [-72.2312060960188, 43.8024364480208], [-72.2312477892116, 43.8024459502264], [-72.2314314019189, 43.8026683843625], [-72.2314738472649, 43.8027844208839], [-72.2304410838894, 43.802943668954], [-72.2299349667819, 43.8030052824291], [-72.2298088285675, 43.8029978598107], [-72.2296186978981, 43.802967588855], [-72.2293445185653, 43.8028839577372], [-72.2291859180917, 43.8027614039443], [-72.2291127336564, 43.8026702561542], [-72.2289819017302, 43.8025999822647], [-72.2289498781938, 43.8027190045507], [-72.2288183631943, 43.8028280927213], [-72.2280013271977, 43.8030759541117], [-72.2279524437453, 43.8030142459543], [-72.2278829774144, 43.8028691930043], [-72.2279317194388, 43.8026560933085], [-72.2279099195618, 43.8021524921654]]]}}, {"type": "Feature", "properties": {}, "geometry": {"type": "Polygon", "coordinates": [[[-72.2204697717193, 43.8028636429319], [-72.2200564653909, 43.8024398746106], [-72.2200244477332, 43.8023488766722], [-72.2200351021061, 43.8022573869743], [-72.2200668568038, 43.8022188074384], [-72.2203826922726, 43.8020658555805], [-72.2205681925249, 43.8017760938821], [-72.2206104705468, 43.801497969439], [-72.2205723301804, 43.8013336810179], [-72.2204876072319, 43.8012496591235], [-72.220361204497, 43.8011959176456], [-72.2202351232935, 43.8011810929046], [-72.2201083061182, 43.801143004042], [-72.220054970985, 43.8011119298355], [-72.219992033502, 43.8010282070385], [-72.2199811704795, 43.8009827276897], [-72.2200021135035, 43.8008912772435], [-72.2200554385296, 43.8007992971702], [-72.2203050389388, 43.8006406591492], [-72.2206244809775, 43.8005318546267], [-72.2207505085006, 43.8004708028307], [-72.2209769214918, 43.800420781195], [-72.2210998327022, 43.8003721084012], [-72.2212025557836, 43.8003114028517], [-72.2214481923432, 43.7999901269017], [-72.2215898535281, 43.7998597799656], [-72.2217875903556, 43.799716598739], [-72.2218733218113, 43.7996203904805], [-72.221918976607, 43.7994594621539], [-72.2224468735251, 43.799271428754], [-72.2227730869892, 43.7991037274839], [-72.2229002127256, 43.7990576787477], [-72.2230264508286, 43.7990503244354], [-72.2231002001534, 43.7991036485389], [-72.2231639326476, 43.7992865111683], [-72.2231637863472, 43.7995150065019], [-72.2231219089147, 43.7996979086151], [-72.2230274885174, 43.7997823440121], [-72.2229106519397, 43.7998284318927], [-72.2226579171622, 43.7998366140979], [-72.2225945624102, 43.7998518133002], [-72.2225524146867, 43.799905137655], [-72.2225212408389, 43.7999891579877], [-72.2225623405062, 43.8003297750206], [-72.2225829032121, 43.8003733341194], [-72.2225159072341, 43.800597884085], [-72.2225078480267, 43.8006241601645], [-72.2224275833545, 43.8006760362071], [-72.2223004008826, 43.800812745037], [-72.2221318628452, 43.8009353826562], [-72.2219737186985, 43.8011265436479], [-72.2218583004378, 43.8013098218271], [-72.221868224943, 43.8014013885126], [-72.2219105338469, 43.8014924250542], [-72.2219534739414, 43.8015382424293], [-72.222079876891, 43.801591982144], [-72.2221748915338, 43.801676041935], [-72.2222377771431, 43.8017671550889], [-72.2222374152349, 43.8018586826721], [-72.2221961641846, 43.8019963666171], [-72.222122572141, 43.8020874025617], [-72.2218900952973, 43.8022630648546], [-72.2218167710727, 43.802400410431], [-72.2217955213929, 43.8024927295541], [-72.2216708986479, 43.8026511886091], [-72.2213746324236, 43.8028179147289], [-72.2208894720477, 43.802950883971], [-72.2207842743093, 43.8029352684431], [-72.2206886387623, 43.8030194809076], [-72.2205576776531, 43.8030509467445], [-72.2204697717193, 43.8028636429319]]]}}, {"type": "Feature", "properties": {}, "geometry": {"type": "Polygon", "coordinates": [[[-72.2223663077288, 43.8043998238721], [-72.2222296902777, 43.8044182256926], [-72.2222813626357, 43.804262101955], [-72.2223129565079, 43.8040791598427], [-72.2223869143814, 43.8038965948613], [-72.2223873706897, 43.8036672285307], [-72.2223662160711, 43.803621710367], [-72.2223657327936, 43.803438431528], [-72.2223232495114, 43.8031632479734], [-72.2223333245731, 43.8030263180109], [-72.2223763606937, 43.8029342978283], [-72.2224489045992, 43.8029041323624], [-72.2227557140467, 43.8028272333175], [-72.2228817442484, 43.8027661792031], [-72.2229979548872, 43.8025987738455], [-72.2230823462649, 43.8023542860339], [-72.2231245326349, 43.8021705156546], [-72.2231234704807, 43.8019417967054], [-72.2230210779469, 43.8014150633973], [-72.2230442465263, 43.8012666598375], [-72.2230385373424, 43.8010944501781], [-72.2231870747906, 43.8009339056633], [-72.2232145276133, 43.8009037893966], [-72.2232711133573, 43.8009040009554], [-72.2233966695733, 43.8008659907099], [-72.2236708988239, 43.8008987592747], [-72.2239561715633, 43.8009946167127], [-72.2240678673909, 43.8010317774035], [-72.2241986565006, 43.8013157690598], [-72.2242832941384, 43.8016208933142], [-72.2245087301739, 43.8021239525675], [-72.2244414038743, 43.802353067759], [-72.2244422520574, 43.8024448190526], [-72.2244845656031, 43.802535854637], [-72.2248852532997, 43.8027417171245], [-72.2249370772903, 43.802856702799], [-72.2249372954681, 43.8029936718329], [-72.2250434013565, 43.8031769094988], [-72.2251690705788, 43.8032073818454], [-72.2253274824323, 43.8031457939574], [-72.2254010759389, 43.8031380236053], [-72.2255173387086, 43.8030464931729], [-72.2258648573236, 43.8026958013672], [-72.2258646920162, 43.8026347084057], [-72.2259283006959, 43.8025427643476], [-72.2259280783088, 43.8024057952942], [-72.2259066516088, 43.8023139679404], [-72.2258752056995, 43.8022684130768], [-72.2258011251054, 43.8021761725073], [-72.2256753211627, 43.8020809121095], [-72.2252319111245, 43.8019662053005], [-72.2250844017899, 43.8018595584158], [-72.2250569982359, 43.8017990158966], [-72.2250829330159, 43.8017695452602], [-72.2250840590821, 43.8016975872414], [-72.2250336778362, 43.8016763105537], [-72.2250109862935, 43.8015083846244], [-72.2250211434271, 43.8012336169187], [-72.225063016159, 43.8010507155529], [-72.2250900526557, 43.8010362489326], [-72.2251162159563, 43.8010169972618], [-72.2254953038371, 43.80098667088], [-72.2257161862613, 43.8010318452755], [-72.2258429535663, 43.8010773223047], [-72.2260261267459, 43.8012321475524], [-72.2260534596249, 43.8012602961655], [-72.2260748349411, 43.8013595136736], [-72.2260011263616, 43.8017188354664], [-72.2260549394562, 43.8018101300947], [-72.226276152911, 43.801977489342], [-72.2263596743859, 43.8020612860781], [-72.2264551831518, 43.8022453535489], [-72.2264554067444, 43.8023823226082], [-72.2263708632532, 43.8025657185759], [-72.2263080593731, 43.8028400747919], [-72.2263079718628, 43.8029779122067], [-72.2263719377144, 43.8032977433935], [-72.2263446686647, 43.8037220267376], [-72.2263196050237, 43.8037562840843], [-72.2263277900979, 43.8038382788898], [-72.2261636795137, 43.8038507115701], [-72.2259822646624, 43.8038285123387], [-72.2257602503201, 43.8038552964627], [-72.2256347425658, 43.8038859177091], [-72.2255069770299, 43.8038939209519], [-72.2252416666922, 43.8038396655582], [-72.225236182728, 43.80376094127], [-72.2251898275453, 43.8036848920042], [-72.2251112762355, 43.8036667723437], [-72.2249789051128, 43.8036841047894], [-72.2249150780234, 43.8037223483188], [-72.2248213135775, 43.8038411392351], [-72.2246525413101, 43.8038702938951], [-72.2243265210675, 43.8039251678702], [-72.2241268971284, 43.8039939931423], [-72.2237892715111, 43.804146656528], [-72.2238414145158, 43.8041340242715], [-72.223209735728, 43.8044399475019], [-72.2231255171823, 43.8044522415976], [-72.2229993748633, 43.8044448114551], [-72.2228092986348, 43.8044071390266], [-72.2223663077288, 43.8043998238721]]]}}, {"type": "Feature", "properties": {}, "geometry": {"type": "Polygon", "coordinates": [[[-72.2208011775735, 43.8067576360287], [-72.2209040163971, 43.8067654153084], [-72.2210077570368, 43.8067742837925], [-72.221418228525, 43.8067608279468], [-72.2216916894779, 43.8066944570884], [-72.2220189486419, 43.8064297926598], [-72.2221672435003, 43.806345994049], [-72.2222412575709, 43.8063225742697], [-72.2223777988843, 43.8063152597893], [-72.2224520799989, 43.8063381496715], [-72.2225577530254, 43.8064139882206], [-72.222810471608, 43.806536252062], [-72.2231055432467, 43.8065358352238], [-72.2235278610097, 43.8064745851687], [-72.2236540057253, 43.806482014732], [-72.2237706001093, 43.806512671982], [-72.22387100944, 43.8065634877688], [-72.2239285162544, 43.8066878438886], [-72.2239658525702, 43.8070897614284], [-72.2241061909196, 43.8073940102747], [-72.2242552545045, 43.8074963165019], [-72.2242343156001, 43.8075877690389], [-72.2241183143639, 43.807725609267], [-72.224013757133, 43.8079543711189], [-72.2239287496237, 43.8083671368629], [-72.2239101096271, 43.8086005669851], [-72.2239086234611, 43.8088473255659], [-72.2237929605351, 43.8093969460623], [-72.223739633507, 43.8094889305483], [-72.2235612573467, 43.8096717584288], [-72.2234028821176, 43.8098092225506], [-72.2232768395343, 43.8098702785377], [-72.2231497485509, 43.8099089374078], [-72.2225802631052, 43.8099783301718], [-72.2225022287718, 43.8100130416807], [-72.222481676722, 43.8100092678099], [-72.2221169533199, 43.8099302823424], [-72.2218425551305, 43.8097494510015], [-72.2217402618005, 43.8097075408021], [-72.2214622016983, 43.8094066832079], [-72.2214420831175, 43.8091772374252], [-72.2214610555455, 43.8088994542157], [-72.2213483261483, 43.8088361982217], [-72.2211683427034, 43.8086578961441], [-72.2209300637956, 43.8083393596081], [-72.2208725186667, 43.8082621787639], [-72.2207992070251, 43.8081062356744], [-72.2205449304981, 43.807865255049], [-72.2204705423268, 43.8077738780704], [-72.2204279608611, 43.8073469377912], [-72.2204277424511, 43.8070869118968], [-72.220385591609, 43.8070569677989], [-72.2204270062274, 43.8069803775493], [-72.2204279474448, 43.8069342900957], [-72.2205113673327, 43.8068663375938], [-72.2207023405228, 43.8067820489646], [-72.2208011775735, 43.8067576360287]]]}}, {"type": "Feature", "properties": {}, "geometry": {"type": "Polygon", "coordinates": [[[-72.2202083007438, 43.8125183676837], [-72.2199994722054, 43.81255867082], [-72.2198722161832, 43.8125362331635], [-72.2199139785425, 43.8122885384491], [-72.2198412340514, 43.8119717090647], [-72.2198401825199, 43.8117429862876], [-72.2199242775161, 43.8113763085077], [-72.220062132204, 43.8110250533817], [-72.2201562636764, 43.8109414861991], [-72.2202829400353, 43.8109184835342], [-72.2208521786308, 43.8109258451753], [-72.2209793270738, 43.8108797973262], [-72.2210214281991, 43.8108338638181], [-72.2210657346622, 43.8107346736568], [-72.2209901859753, 43.81071895209], [-72.2208942716389, 43.8106735872912], [-72.2207109395799, 43.8104974435302], [-72.2204941290674, 43.8104298820839], [-72.2203666618535, 43.8103537408427], [-72.2202405551206, 43.8102158605804], [-72.2201246438094, 43.810132589121], [-72.2200502534772, 43.8100412133056], [-72.2200396977663, 43.8099948642669], [-72.2200709323766, 43.8099034504133], [-72.2201663664163, 43.8097655358661], [-72.2203767752159, 43.8095904421144], [-72.2205661856646, 43.8095141913408], [-72.2207140700478, 43.8095293150888], [-72.2208191743456, 43.8098493085984], [-72.220841174623, 43.8099865781907], [-72.2209146251856, 43.8101240423345], [-72.220989014992, 43.8102154189913], [-72.2210948006031, 43.8102764757521], [-72.2213576622143, 43.8103376876536], [-72.2213985919271, 43.8103276224645], [-72.221421026431, 43.8103224891905], [-72.2216110667566, 43.8103675568943], [-72.2217058509856, 43.8104016114305], [-72.2217484595295, 43.810451994366], [-72.2217907745636, 43.8105430322302], [-72.2218014908747, 43.8107337443104], [-72.2217602479288, 43.810911215852], [-72.2215647949821, 43.8108198190696], [-72.2214745336614, 43.8109540585563], [-72.2214214368912, 43.8114291259503], [-72.2214431707812, 43.811520085633], [-72.221421595119, 43.8115734891309], [-72.2214214981865, 43.8117113291183], [-72.221315073878, 43.811945301278], [-72.2210286105834, 43.8122146856275], [-72.2209864105459, 43.8123984590922], [-72.2210004044311, 43.8125546157709], [-72.220885195737, 43.8125815765213], [-72.2205580187556, 43.8125816489542], [-72.2202083007438, 43.8125183676837]]]}}, {"type": "Feature", "properties": {}, "geometry": {"type": "Polygon", "coordinates": [[[-72.221421026431, 43.8103224891905], [-72.2213985919271, 43.8103276224645], [-72.2214946169823, 43.8101083969343], [-72.2215264286898, 43.8100624255026], [-72.2215692136911, 43.8100471486855], [-72.2216316801386, 43.8098643229389], [-72.2217055357816, 43.8097798092422], [-72.2217402618005, 43.8097075408021], [-72.2218425551305, 43.8097494510015], [-72.2221169533199, 43.8099302823424], [-72.222481676722, 43.8100092678099], [-72.2225246749935, 43.8102142326468], [-72.2226231675421, 43.810321135003], [-72.2227970343399, 43.8104261443667], [-72.222855900053, 43.8104887634388], [-72.2229190633979, 43.8106261872739], [-72.2231187782117, 43.810839566074], [-72.2231720680618, 43.8108780317786], [-72.2232984917584, 43.8109317715186], [-72.2236142163207, 43.8110073087446], [-72.2237199525188, 43.8110757546302], [-72.223772934812, 43.8111983573478], [-72.2236149360202, 43.8115338876293], [-72.2235490471718, 43.811729965027], [-72.2236580524445, 43.8120571459731], [-72.2236476078537, 43.8124956318635], [-72.2236051456464, 43.8126330951495], [-72.2236053626329, 43.8127700667603], [-72.2236619632509, 43.8130200876746], [-72.2235853927436, 43.8132280845951], [-72.2235217709829, 43.8133200299547], [-72.2235044578818, 43.8134954180895], [-72.2234480230607, 43.8135563008639], [-72.2233846004487, 43.8135788919787], [-72.22327860685, 43.813587191513], [-72.2231951827118, 43.8135718770542], [-72.2231104943908, 43.8134804628724], [-72.2230467510887, 43.8132975964196], [-72.2230781295874, 43.8130609488713], [-72.22310967205, 43.8129686658687], [-72.2231101260415, 43.8126560267726], [-72.2230134306811, 43.8125513048296], [-72.2228880787546, 43.8121831875334], [-72.2227934652394, 43.8120002052609], [-72.2225663709831, 43.8117225857355], [-72.2225392893084, 43.8114511527617], [-72.2224972833696, 43.8113592454197], [-72.222455544715, 43.8113136506316], [-72.2222227584068, 43.8111534115488], [-72.2217602479288, 43.810911215852], [-72.2218014908747, 43.8107337443104], [-72.2217907745636, 43.8105430322302], [-72.2217484595295, 43.810451994366], [-72.2217058509856, 43.8104016114305], [-72.2216110667566, 43.8103675568943], [-72.221421026431, 43.8103224891905]]]}}, {"type": "Feature", "properties": {}, "geometry": {"type": "Polygon", "coordinates": [[[-72.2182189761193, 43.8160168864936], [-72.2180482619915, 43.8160586357052], [-72.217892251834, 43.8162002352902], [-72.2178401205351, 43.8162924392495], [-72.2177348528462, 43.8164072706134], [-72.2176222556146, 43.8164485875159], [-72.2175087477663, 43.8164490270524], [-72.2173765734941, 43.816353515589], [-72.2173507725173, 43.8162812366957], [-72.2173335803056, 43.8162318179006], [-72.217355105077, 43.8161858067683], [-72.217355004871, 43.8159109939965], [-72.2173765314517, 43.815864982862], [-72.2172960728272, 43.8156929189759], [-72.2171785388312, 43.8156648615854], [-72.2168271576564, 43.8157437557895], [-72.2167636778317, 43.8157737347541], [-72.2166061673176, 43.8159955530179], [-72.2165223707072, 43.8160717652226], [-72.2162902486562, 43.8162317711279], [-72.2161638257255, 43.8163010818525], [-72.2158568940563, 43.8163853599984], [-72.2157776405, 43.8164198444552], [-72.2157730490211, 43.8162626361923], [-72.2157205558594, 43.8160337152934], [-72.2157315914068, 43.8158506933062], [-72.2157098627261, 43.8157597298082], [-72.2156563639877, 43.815667560796], [-72.2155298934541, 43.815537933941], [-72.2154978757873, 43.8154469335369], [-72.215519719539, 43.8153167841584], [-72.2155725441307, 43.8151719693092], [-72.2155616274565, 43.8151338797896], [-72.2155820532896, 43.8150728635074], [-72.2157514898217, 43.8147523869907], [-72.2158242053791, 43.8146602618638], [-72.2159513636592, 43.8146142182594], [-72.2160146793099, 43.8146064143627], [-72.2163415038566, 43.8146146134475], [-72.2165989293372, 43.8145934145613], [-72.2166364535443, 43.8145531177703], [-72.2166998234075, 43.8145379219513], [-72.2166993956496, 43.8145137868403], [-72.2166719068918, 43.8140951593419], [-72.2164463815133, 43.8136068589807], [-72.2163826526066, 43.8134239888552], [-72.2163827592094, 43.8132861489401], [-72.2163508970156, 43.8132562415748], [-72.2163512680841, 43.8131647114051], [-72.2166459571068, 43.81297363705], [-72.2166787163472, 43.8128815768212], [-72.2166567226436, 43.812744305109], [-72.2166673840915, 43.8126528145045], [-72.2168678420769, 43.8121872219918], [-72.216909478812, 43.811958008659], [-72.2169086505724, 43.811576661421], [-72.2168887062033, 43.811531363286], [-72.2169090207654, 43.8114851312202], [-72.2167932696917, 43.8112566248879], [-72.2166777245474, 43.8111650900611], [-72.2165718875119, 43.8111114221822], [-72.2165077826339, 43.8111033511652], [-72.2163812132467, 43.8111115679534], [-72.2163189469465, 43.8111417690955], [-72.2162232919851, 43.8112259790561], [-72.215960514009, 43.8118522198633], [-72.2159492634779, 43.8121878636303], [-72.2158970699869, 43.8123707286054], [-72.2157080653479, 43.812554376977], [-72.2155493506059, 43.8127759701209], [-72.215560159788, 43.8128288427482], [-72.2156662542082, 43.8130120915858], [-72.2156663467338, 43.8132869044779], [-72.2156359124149, 43.8133507085558], [-72.2152658788426, 43.813210589981], [-72.2150806802037, 43.8133292447192], [-72.2149526234258, 43.8134972534442], [-72.2146984513234, 43.8139798150265], [-72.2146228648154, 43.8140510566966], [-72.2145058866081, 43.8141119216762], [-72.2143804101827, 43.8141351417156], [-72.2139377767336, 43.8141121465322], [-72.213811036492, 43.8141425350729], [-72.2136947948353, 43.8142266660044], [-72.2137050292806, 43.8142340973829], [-72.2135578046517, 43.8144559499265], [-72.2135574292917, 43.814547481461], [-72.2135166638661, 43.8146982111185], [-72.2131570532256, 43.814539645339], [-72.2129580477829, 43.8143966955959], [-72.2130299222002, 43.8142960899519], [-72.2130727104368, 43.8142808163362], [-72.2130942377604, 43.814234807404], [-72.2131569275762, 43.8141889552253], [-72.2133679006871, 43.8138603776799], [-72.2133888564681, 43.8137689258745], [-72.2133465519608, 43.8136778849797], [-72.2130088984261, 43.8133346015054], [-72.2129669038671, 43.8132426921287], [-72.2129668217772, 43.8129678792613], [-72.2130714222113, 43.8127391250241], [-72.2130820871879, 43.812647634764], [-72.2130400929924, 43.8125557254041], [-72.2129762082873, 43.8125180848363], [-72.2128505826006, 43.8124802103717], [-72.2126688762657, 43.8124949505143], [-72.2122494671493, 43.8127288047492], [-72.2121839894659, 43.8127426863153], [-72.2121947177392, 43.8126835911483], [-72.2120306229456, 43.8124461982531], [-72.2118589308636, 43.8123350942419], [-72.2117742596676, 43.8122436730937], [-72.2117216679185, 43.8121525915666], [-72.2116794275484, 43.811931103068], [-72.2116581451443, 43.8116181616224], [-72.2115945078285, 43.8112215729407], [-72.2115319357253, 43.8111295843545], [-72.2113831022592, 43.8106720100279], [-72.2113103525465, 43.8105651981823], [-72.211173080475, 43.8104659665141], [-72.2111102428136, 43.810450723377], [-72.2109413584818, 43.8104511612574], [-72.2106029934369, 43.8105731354323], [-72.2104769382131, 43.8106341786655], [-72.2102865251991, 43.8106806268553], [-72.2099917774272, 43.8107162358153], [-72.2097806027585, 43.8106654177666], [-72.2096753561016, 43.8105739160677], [-72.2096963163313, 43.8104824663054], [-72.2096438493874, 43.8102535452691], [-72.2095800724971, 43.8101613345574], [-72.2094853083732, 43.8098413710903], [-72.209390733656, 43.8096583805683], [-72.209295779672, 43.8095669187387], [-72.2091688965126, 43.8095362093064], [-72.2091055853504, 43.8095440094298], [-72.2089796413979, 43.8095902679395], [-72.2088739993541, 43.8096735645686], [-72.2085362289037, 43.8100399083085], [-72.2077991748935, 43.8104171017359], [-72.2071914192673, 43.8106228157447], [-72.2069760931624, 43.8106415503174], [-72.2067661281751, 43.8105909505943], [-72.2066710099533, 43.810521661224], [-72.2066176926921, 43.8104073133197], [-72.2066181514408, 43.8102251227496], [-72.2066594381936, 43.8100874419144], [-72.2066593810554, 43.8098126317738], [-72.2066806547512, 43.8097203142446], [-72.2066555710606, 43.8093927923921], [-72.2066068674399, 43.8093088991814], [-72.2065445081301, 43.8092706105952], [-72.2065964315198, 43.8092477658377], [-72.2065958099163, 43.8092097173223], [-72.2066812385483, 43.809118081994], [-72.2067443116172, 43.8089807031207], [-72.206849053828, 43.8088963176411], [-72.2069124757178, 43.8088737356824], [-72.2070397765382, 43.8088887948054], [-72.2071440111503, 43.8090337777846], [-72.2071448738588, 43.8092014063955], [-72.2071233438024, 43.80924741424], [-72.2071760371018, 43.8093237120077], [-72.2072507917821, 43.8093235674004], [-72.2074396849147, 43.8092777714983], [-72.2076189652261, 43.809262593271], [-72.2077457001872, 43.8092322101496], [-72.207998797037, 43.8091399181815], [-72.2082509632921, 43.8090104440618], [-72.208346623932, 43.8089262393511], [-72.2085044579868, 43.8087433518732], [-72.2086304578126, 43.808689702338], [-72.208757812077, 43.8086973679996], [-72.2088205939122, 43.8087200039764], [-72.2090533959869, 43.8088728717401], [-72.2091790689281, 43.8089033588365], [-72.209252669604, 43.8088955989111], [-72.2093168765359, 43.808849102929], [-72.209464512089, 43.8085320310773], [-72.2096314975975, 43.8080954572358], [-72.2096952765297, 43.8080248258695], [-72.2098715334769, 43.8079276697218], [-72.2099701858113, 43.8081317638344], [-72.2100748456454, 43.8082610927566], [-72.2101390158579, 43.80854397481], [-72.2102233009433, 43.8087269260031], [-72.2102964658811, 43.8088180857382], [-72.2104235547252, 43.8089024966606], [-72.2104966256805, 43.8089251704422], [-72.2105958956583, 43.808924900107], [-72.2108346265935, 43.808688402315], [-72.2109850497823, 43.8084430852308], [-72.2110664000168, 43.808207288595], [-72.2110663245713, 43.8079324783152], [-72.2111085011182, 43.8077958879721], [-72.2111086178241, 43.8076580493606], [-72.2111715584595, 43.8072930386154], [-72.2114648684695, 43.8073265582884], [-72.2115826888374, 43.8078024901337], [-72.2115935089538, 43.8082606205126], [-72.2115303506946, 43.8088180410944], [-72.2115307373137, 43.8090919830036], [-72.2115521482298, 43.8091838128993], [-72.2116679322574, 43.8094049316107], [-72.2117526542767, 43.8094889599207], [-72.2118366966439, 43.8095423312182], [-72.2120584410505, 43.8095960114923], [-72.2124374720916, 43.809580504674], [-72.212564514358, 43.8095492492764], [-72.2127540845399, 43.8095341029358], [-72.2131082153794, 43.8095704615405], [-72.213154184422, 43.809575202351], [-72.2132391981441, 43.8097018449744], [-72.213344644243, 43.8099303136492], [-72.2133446145996, 43.8103429638226], [-72.2133242310785, 43.8104798571113], [-72.2131656533641, 43.8108458101773], [-72.2131337246785, 43.8110296192162], [-72.2131337081382, 43.8112359449655], [-72.2131971200946, 43.8112966284238], [-72.2133131902672, 43.8113577308396], [-72.2136925359514, 43.8114644084056], [-72.2138203719186, 43.8114490254741], [-72.2139142919824, 43.8113950296358], [-72.2139467454897, 43.8113038399196], [-72.2139462841458, 43.8111205585397], [-72.2139672400003, 43.8110291079905], [-72.2140308720062, 43.8109371665349], [-72.2141359267186, 43.8108916940218], [-72.2142094745466, 43.8108913224569], [-72.2143813750444, 43.8109330688111], [-72.2145366870869, 43.8110901995881], [-72.2146633578657, 43.8111504706557], [-72.2147902999379, 43.8111737824463], [-72.2149168716008, 43.8111655688323], [-72.2150426595445, 43.8111812663946], [-72.2151693402926, 43.8111582680038], [-72.2153489423673, 43.8110589418283], [-72.2155548848544, 43.8108349195783], [-72.2158001232741, 43.8104534221757], [-72.2158013498943, 43.8104101622266], [-72.2158752688819, 43.8103182593763], [-72.2160803009902, 43.8101764157288], [-72.2163709125712, 43.8100438113691], [-72.2164967993689, 43.8100049376643], [-72.2168244905469, 43.8099744394709], [-72.2170354058365, 43.8099789361565], [-72.2172882470766, 43.8101262142136], [-72.2173611154925, 43.8102182377863], [-72.2174148168347, 43.8104473777277], [-72.2173938664454, 43.8105388289331], [-72.217351393251, 43.810676291319], [-72.2171827080235, 43.8108969789717], [-72.2171720476882, 43.8109884696554], [-72.21735973627, 43.8111885487462], [-72.2173986252481, 43.8112095683215], [-72.217320089277, 43.8112710164473], [-72.2172673247452, 43.811408439266], [-72.2173419776646, 43.8115461280324], [-72.2174682870345, 43.8116146572937], [-72.2176058308682, 43.8116371371136], [-72.2177383931368, 43.8116374209845], [-72.2183784587428, 43.8114385189039], [-72.2185588434065, 43.8114383318058], [-72.2186388488815, 43.8115066852685], [-72.2186911396798, 43.8115986319974], [-72.2187010629043, 43.8116902001953], [-72.2186916135885, 43.811781913377], [-72.2186488763091, 43.8118730650556], [-72.2185057586677, 43.8120327588423], [-72.2184911151087, 43.8120485735409], [-72.2184176200216, 43.8120415563105], [-72.2182908322461, 43.8120793413949], [-72.2181242546023, 43.8120950177102], [-72.2177469324378, 43.8122468647504], [-72.2176758510586, 43.8123235606862], [-72.2175924812262, 43.8125071763375], [-72.2175634467981, 43.8127516572392], [-72.2175604726332, 43.8129916713274], [-72.2181250072385, 43.8131064308497], [-72.217944420376, 43.8138347378759], [-72.2179433124946, 43.8141093283787], [-72.2179865241914, 43.8142014583057], [-72.2181098130823, 43.8143110681565], [-72.2181254494433, 43.814325042059], [-72.2182601535514, 43.8143229426577], [-72.2185447565254, 43.8142687955654], [-72.2187245788443, 43.8141398965656], [-72.2187448431, 43.8140177854611], [-72.2187349213835, 43.813926217308], [-72.2187796221563, 43.8138150696159], [-72.2190109516277, 43.8138852984073], [-72.2192932926346, 43.8138918003659], [-72.2195771936703, 43.8138504761228], [-72.2198793004879, 43.8137616069475], [-72.2202848190789, 43.8136861716575], [-72.2206252210793, 43.8136996289], [-72.2209997454631, 43.8136823416466], [-72.2210437807646, 43.8137866484539], [-72.2210429982968, 43.8138938315016], [-72.2209589519709, 43.8140467912908], [-72.2208647628582, 43.8141377520315], [-72.2207384015596, 43.8141996735044], [-72.2206750330673, 43.8142148715674], [-72.2205595283835, 43.8141992180113], [-72.2204220294639, 43.8142526190662], [-72.2203264830962, 43.8143220493262], [-72.2202108246143, 43.8144516268758], [-72.2201795878113, 43.8145430406889], [-72.2201792225708, 43.8146345708644], [-72.2202217496469, 43.814779311926], [-72.2202219150131, 43.8150467332357], [-72.2202009672546, 43.8151381862954], [-72.2201276251915, 43.8152755332428], [-72.2200537065575, 43.8153674387646], [-72.2199315374281, 43.8156420096629], [-72.219905975847, 43.8159093341328], [-72.2199065074723, 43.8163748225165], [-72.2198649776693, 43.8164661983294], [-72.2198615639491, 43.8165192339464], [-72.219576828324, 43.816631651065], [-72.2194474093427, 43.8167383481815], [-72.2193163826887, 43.8167337230938], [-72.2189785769481, 43.8166115631931], [-72.2188740473407, 43.8165433353418], [-72.2187257779782, 43.8164134123109], [-72.2186628844183, 43.816322294624], [-72.2186406207282, 43.8161387122353], [-72.2184091925847, 43.8160397820764], [-72.2182189761193, 43.8160168864936]]]}}, {"type": "Feature", "properties": {}, "geometry": {"type": "Polygon", "coordinates": [[[-72.2069581331627, 43.8177183376915], [-72.2068875173861, 43.8176091392784], [-72.2068002339712, 43.8175431413163], [-72.2068799299181, 43.8173699522271], [-72.2068404166603, 43.817028673683], [-72.2067577821273, 43.8167868034612], [-72.2067463582762, 43.8166958801864], [-72.2067678338744, 43.8163750570306], [-72.2067227286896, 43.8163353123003], [-72.2067786183948, 43.8162687829707], [-72.2067998942658, 43.8161764627171], [-72.2069571820674, 43.815948133444], [-72.2070736162318, 43.8157187752833], [-72.2071258376607, 43.8155359131172], [-72.2071265486102, 43.8153602445116], [-72.2070347549756, 43.815169433111], [-72.2071894236001, 43.8151691614732], [-72.2072532167111, 43.815138318108], [-72.2072950202381, 43.8150932580441], [-72.2073796302278, 43.8149098683397], [-72.2073996161796, 43.8143833666161], [-72.2072512782137, 43.8139027414852], [-72.2072731928704, 43.8137652021554], [-72.207389442609, 43.8136810777711], [-72.2075150317493, 43.813643080932], [-72.2076412430216, 43.8136431338428], [-72.2077680766664, 43.8136812365022], [-72.2079058259016, 43.813757429278], [-72.2080269075678, 43.813876822591], [-72.2080523847974, 43.8139101853823], [-72.2080754098535, 43.8143520614587], [-72.2081380353996, 43.8144366603444], [-72.208423322933, 43.8146158238372], [-72.2083809621747, 43.8146950173663], [-72.2083487584894, 43.8148325165674], [-72.2083915765659, 43.8150161801627], [-72.2083906626032, 43.8151381461121], [-72.2082927326713, 43.815565207064], [-72.2082578486044, 43.8158585841256], [-72.2082282192761, 43.8158947777609], [-72.2082025494922, 43.8161297044832], [-72.2081281080513, 43.8164509762987], [-72.2079809889255, 43.8168171887094], [-72.2079815579537, 43.8168626301125], [-72.2078962793304, 43.8170949362935], [-72.2077277255173, 43.8174128001614], [-72.2076857978921, 43.8175957029346], [-72.2076224601552, 43.8176867723869], [-72.2075421061399, 43.8177460348816], [-72.2075165501658, 43.8177635457998], [-72.2075114865883, 43.8177524383005], [-72.2071063265389, 43.817855666026], [-72.20704227325, 43.8178401995739], [-72.2069901409785, 43.8178093418302], [-72.2069581331627, 43.8177183376915]]]}}, {"type": "Feature", "properties": {}, "geometry": {"type": "Polygon", "coordinates": [[[-72.197920850998, 43.7913876138833], [-72.1979948831556, 43.791479868339], [-72.1980378284173, 43.7914822108531], [-72.1981302719802, 43.7914612699951], [-72.1982351104613, 43.7914018956637], [-72.1984253705142, 43.7910917534978], [-72.1982731186837, 43.7910202810175], [-72.198120923551, 43.7909812006425], [-72.1980259250866, 43.7909406060963], [-72.1979074028982, 43.7908503506039], [-72.1976836188162, 43.7908351203268], [-72.1975426398141, 43.7907536902888], [-72.1975221816704, 43.7906990407384], [-72.1975384544627, 43.7906677984302], [-72.1975697948805, 43.7906448765035], [-72.1976681940395, 43.7906361334664], [-72.1977457674182, 43.7907003565088], [-72.1977892474036, 43.7907120498591], [-72.1978304503961, 43.7907048205337], [-72.1978409928695, 43.790631814511], [-72.1978789082486, 43.7906193547469], [-72.1979668806238, 43.7906290490952], [-72.1981425160149, 43.7906890925689], [-72.1982544068626, 43.7906967066068], [-72.1983426038248, 43.7906768358355], [-72.1983933926421, 43.7906426861893], [-72.198441316199, 43.7905478680179], [-72.1993921216926, 43.7906874849846], [-72.1995680658953, 43.7907466579633], [-72.1998085713742, 43.790870435809], [-72.2000109381242, 43.7909168854594], [-72.2001501495477, 43.7909526510843], [-72.2002450085887, 43.7910117227671], [-72.2003718261092, 43.791125705609], [-72.2005040408181, 43.7912860173443], [-72.2005920180537, 43.7914548507642], [-72.2006176535526, 43.7916649655735], [-72.2005948348705, 43.7919207634598], [-72.200585224259, 43.7920309500793], [-72.2004586058125, 43.7922093791656], [-72.2003077573823, 43.7923509716836], [-72.2001542094371, 43.7924495075469], [-72.2000861069273, 43.792492503393], [-72.199864033688, 43.7925701155618], [-72.1996496052625, 43.792597320378], [-72.1987653556109, 43.7926540663881], [-72.1987212837657, 43.7925608437097], [-72.1986318756733, 43.7925009230671], [-72.1983730117982, 43.7924829464746], [-72.198208279059, 43.7923416360616], [-72.1980889147769, 43.7920439720237], [-72.1980707338147, 43.7918888894369], [-72.1979438101986, 43.7915509755835], [-72.197920850998, 43.7913876138833]]]}}, {"type": "Feature", "properties": {}, "geometry": {"type": "Polygon", "coordinates": [[[-72.1963109599228, 43.7908640548213], [-72.1965081332603, 43.7907189537762], [-72.1966814749861, 43.7904852756952], [-72.1968567775414, 43.7903907441295], [-72.1968952283888, 43.7903080634808], [-72.1969363763883, 43.7903082260391], [-72.1969351912686, 43.7904236634837], [-72.1969992438977, 43.7904752250875], [-72.1969924135698, 43.7904980247983], [-72.1968920439719, 43.7905267615476], [-72.1968462842095, 43.7906154995881], [-72.1967743576484, 43.7906836989543], [-72.1966464454904, 43.7906740622288], [-72.1966178596386, 43.7907326488889], [-72.1967300571254, 43.7908189666639], [-72.1970113689065, 43.7909076918015], [-72.1970756217194, 43.7908935962352], [-72.1971564245453, 43.7909306578041], [-72.1971805945316, 43.7909748864512], [-72.1970806449419, 43.7910675410836], [-72.1970408740173, 43.7910852117669], [-72.1969934312958, 43.7910774144309], [-72.1969287028935, 43.7910349823829], [-72.1969260916168, 43.7909808385179], [-72.1968343530499, 43.7909491706149], [-72.1967604901098, 43.7909540965454], [-72.1967432873365, 43.7909879436223], [-72.1966506471638, 43.791034755219], [-72.196512052739, 43.7910370340102], [-72.1964773964167, 43.7910982048288], [-72.1964949322899, 43.7911393642502], [-72.1966029430765, 43.7911795755218], [-72.1967355225065, 43.7911724906769], [-72.196864447646, 43.7911286484027], [-72.1969412626666, 43.7911335169315], [-72.1969924713425, 43.7911632870369], [-72.1970058482641, 43.7912342131306], [-72.1970605705737, 43.7912794326922], [-72.1969956117644, 43.791385922709], [-72.1968565904114, 43.7915232091215], [-72.1965269773531, 43.7916967018757], [-72.196375783346, 43.7918428546724], [-72.1962618034531, 43.7919893705612], [-72.1959456579668, 43.7925372895319], [-72.1954897783786, 43.793195532321], [-72.1951037662791, 43.7938166565515], [-72.1949524417335, 43.7941367328749], [-72.1947751761085, 43.7944067022671], [-72.194641793783, 43.7945570531743], [-72.1942634125684, 43.7948131817138], [-72.1940475070786, 43.7949132019758], [-72.1937888545521, 43.7949452206592], [-72.1936109878146, 43.7949384267178], [-72.1937558221991, 43.7946763743153], [-72.1939197876019, 43.7942087300486], [-72.1940609425253, 43.7938738318127], [-72.1942553081953, 43.7935052280377], [-72.1945972185005, 43.7929537191842], [-72.1952136336193, 43.7921556710711], [-72.1953518445502, 43.792006207044], [-72.1954112697915, 43.7918718690108], [-72.1955612009225, 43.791732886445], [-72.1957461567244, 43.7914846893943], [-72.1960352191079, 43.7911936380102], [-72.1963109599228, 43.7908640548213]]]}}, {"type": "Feature", "properties": {}, "geometry": {"type": "Polygon", "coordinates": [[[-72.1929197766799, 43.805951607194], [-72.1929711658614, 43.8059592030428], [-72.1930090900201, 43.8059467435475], [-72.193309578252, 43.8063434105768], [-72.1933615634359, 43.8065879876351], [-72.1933570939208, 43.8068934339933], [-72.1933004491942, 43.8071754106763], [-72.193235892079, 43.807266249659], [-72.19324564562, 43.8072967257582], [-72.1930278437502, 43.807676766364], [-72.1929805263373, 43.8080048717073], [-72.1929981871356, 43.8082264854598], [-72.1932139142164, 43.8087056509773], [-72.1932616884516, 43.8089078171581], [-72.1932579871456, 43.8091134763184], [-72.1931505809722, 43.8092269729519], [-72.1930232468611, 43.8092951700257], [-72.1928960862343, 43.8093014044172], [-72.1927809631126, 43.8092774658181], [-72.1927173428044, 43.8092463400011], [-72.1926456609716, 43.8091619163776], [-72.1926589271789, 43.8089330334723], [-72.1927157673892, 43.8087047585298], [-72.1927173792899, 43.8086134510962], [-72.1926651450566, 43.8083225626282], [-72.1925659168846, 43.808199763393], [-72.1924621596197, 43.8081149945881], [-72.1923040556259, 43.8080526200868], [-72.1921981560524, 43.8080100211911], [-72.1920852341523, 43.807936520211], [-72.1920387574619, 43.8077234888617], [-72.1919477714721, 43.8073172170831], [-72.1919493844863, 43.8072259110479], [-72.1919819424458, 43.8072032119859], [-72.1919550100221, 43.8072028876646], [-72.1919512162824, 43.8071846091746], [-72.1920458476857, 43.8071575925901], [-72.1922858060042, 43.8070444060986], [-72.1926663320372, 43.8065980515528], [-72.1928438365752, 43.806027398564], [-72.1929197766799, 43.805951607194]]]}}, {"type": "Feature", "properties": {}, "geometry": {"type": "Polygon", "coordinates": [[[-72.1865036742673, 43.8037374768108], [-72.1864020907261, 43.8041129718941], [-72.1864001619111, 43.8042051461464], [-72.1862252220838, 43.8050612595263], [-72.1859280260087, 43.8058773133226], [-72.1857497933462, 43.8061461854209], [-72.1856267190175, 43.8064048456952], [-72.1855182246948, 43.8065792067464], [-72.1854304353758, 43.8068147453172], [-72.1852530895663, 43.8076667211971], [-72.1852059683752, 43.80835203375], [-72.1852394397291, 43.8086774190964], [-72.1853413806092, 43.8090709131746], [-72.1853936221228, 43.8095894367261], [-72.1856465654579, 43.8104122801554], [-72.1859370188754, 43.8112383185146], [-72.1860357687797, 43.8114600435065], [-72.18610323991, 43.8117731742274], [-72.1863715208438, 43.8124554134576], [-72.1864646527965, 43.8128158276877], [-72.1865521119281, 43.8135934369632], [-72.1870295233516, 43.8150950882776], [-72.1870624955864, 43.8152917639396], [-72.1871638035574, 43.8155750288122], [-72.1871586941386, 43.8158424300342], [-72.1871149467661, 43.8159796609754], [-72.1870285849035, 43.8160701947217], [-72.1868533173768, 43.8161499331378], [-72.1867340261074, 43.8159605194315], [-72.1858607277401, 43.8148070911817], [-72.18564389214019, 43.81454326229442], [-72.18526931878118, 43.813965953179476], [-72.18472523878438, 43.81312290506393], [-72.18417814365189, 43.812288846426306], [-72.18374152635272, 43.81141359841324], [-72.18343544526071, 43.81053438999424], [-72.1833369143108, 43.809634874660645], [-72.18348623737063, 43.8087717913374], [-72.18354044474, 43.8085546727432], [-72.1836896472851, 43.8080528351828], [-72.18387169737144, 43.80730328753801], [-72.18408125731456, 43.806641649142136], [-72.18447450013298, 43.805575272556275], [-72.18552313172097, 43.80422979301266], [-72.18647208169013, 43.80365346697473], [-72.1865036742673, 43.8037374768108]]]}}, {"type": "Feature", "properties": {}, "geometry": {"type": "Polygon", "coordinates": [[[-72.191396371937, 43.8140139710334], [-72.1908790333661, 43.81406321774], [-72.1907523464442, 43.81404640547], [-72.1906898753068, 43.8140228927235], [-72.1905965725352, 43.8139159868224], [-72.1905878392334, 43.8138320305163], [-72.1907176854623, 43.8135579532928], [-72.1908370839019, 43.8134216765617], [-72.1909439049246, 43.8133460081086], [-72.1912611953278, 43.8132942238769], [-72.1915224416828, 43.813327443689], [-72.1917179440887, 43.8134475825012], [-72.1920854612917, 43.8137899531509], [-72.1922756539058, 43.8138924609887], [-72.192548960685, 43.8142461955289], [-72.1920509638036, 43.8142990027392], [-72.1918471439726, 43.8143540667343], [-72.191782546275, 43.8142533623659], [-72.191783505779, 43.8142072752614], [-72.1917524445515, 43.81415344995], [-72.191648368808, 43.8140695473398], [-72.1915221615063, 43.8140296916672], [-72.191396371937, 43.8140139710334]]]}}, {"type": "Feature", "properties": {}, "geometry": {"type": "Polygon", "coordinates": [[[-72.2017342841954, 43.8356725763063], [-72.2015000638043, 43.8357368878292], [-72.201412483977, 43.8357874231953], [-72.2011841933946, 43.8357880514352], [-72.2009693771512, 43.835808736338], [-72.2009122790711, 43.8356326175786], [-72.2009172271741, 43.8354595666452], [-72.2009866059389, 43.8352539379965], [-72.200934707069, 43.8347919281363], [-72.200932425779, 43.8346138489244], [-72.2009328745957, 43.8345547112684], [-72.2010581019138, 43.8340512154718], [-72.2011581336052, 43.8337957000661], [-72.2012647742597, 43.8336265263748], [-72.201403478629, 43.8334613923532], [-72.2018794051923, 43.8330621087999], [-72.2020775845988, 43.8328385021255], [-72.2023612578883, 43.8325593527109], [-72.2024802401, 43.832398923589], [-72.2026377218058, 43.8321521124493], [-72.2026810796166, 43.8319833436809], [-72.2026863628254, 43.8318853069082], [-72.2026030863846, 43.8318080150829], [-72.2020991134563, 43.8316747243698], [-72.2018776698759, 43.8316525513789], [-72.2012109594858, 43.8318206214448], [-72.2011479913248, 43.8318201586626], [-72.2010014147926, 43.8319459073318], [-72.2010522881788, 43.8318645733066], [-72.200968059139, 43.8318333687564], [-72.2007769905567, 43.8318778444026], [-72.2005238521378, 43.8318831582468], [-72.2002713615518, 43.8318432513817], [-72.2000828513166, 43.831750324594], [-72.1998096899265, 43.8316816354204], [-72.1995142557794, 43.8317152634171], [-72.1993553326395, 43.8317526883107], [-72.1989052187492, 43.8319022461145], [-72.1987402468752, 43.831938560093], [-72.1984432944941, 43.8319330446469], [-72.1981858247581, 43.83191072303], [-72.1979183890109, 43.8312906700687], [-72.197850332752, 43.8312430041236], [-72.1979346455502, 43.8311835452915], [-72.1980547345546, 43.8310381277696], [-72.1981776652663, 43.8307581377406], [-72.198197806445, 43.8305388376419], [-72.198182199689, 43.8304415896834], [-72.1980833499858, 43.8303429250594], [-72.1978145576058, 43.8302185900545], [-72.1976466385605, 43.8302053174176], [-72.1970696730775, 43.8302769663883], [-72.1962778239677, 43.8303008016433], [-72.1960257642669, 43.830245234112], [-72.1958373206871, 43.8301449102253], [-72.1955237901736, 43.8300123474963], [-72.1953967626896, 43.8299964086162], [-72.1952159307233, 43.8300483079822], [-72.1951529644901, 43.8300478419022], [-72.1950806085655, 43.8300086373576], [-72.1949871058949, 43.829923906956], [-72.1949566285063, 43.8298322526069], [-72.1948435001052, 43.8297013520062], [-72.1947174329899, 43.8296393211476], [-72.1945112993998, 43.8295958900073], [-72.1940491346418, 43.8296201490118], [-72.193745857253, 43.8296902592168], [-72.1936607838745, 43.8297301452958], [-72.1933050604711, 43.829770260221], [-72.1929342466878, 43.8296863840189], [-72.1926729542178, 43.8294940147206], [-72.1925819150389, 43.8292866670579], [-72.1925497675753, 43.829058682394], [-72.1929273634447, 43.828183324803], [-72.1930091461607, 43.8275487815671], [-72.1929579696842, 43.8275116168803], [-72.1929421050021, 43.8272523880147], [-72.1928924095481, 43.8270230286441], [-72.1927828806824, 43.826701246263], [-72.1924909275412, 43.8261682755586], [-72.1924027789936, 43.8260576936106], [-72.1920394676077, 43.82571054889], [-72.1919987037822, 43.8256188533104], [-72.1919888153195, 43.8255272803074], [-72.1920648923424, 43.8254367011899], [-72.1922357094642, 43.8253080167644], [-72.1925149564395, 43.8249364710623], [-72.1926435869617, 43.8248611031479], [-72.1928910563728, 43.8247631608665], [-72.1932124885962, 43.8245733274019], [-72.1936682780555, 43.8240750726629], [-72.1936727794347, 43.8240407393667], [-72.1940928476027, 43.8238958650836], [-72.1942204017578, 43.8238813696612], [-72.1947288226921, 43.8237018397796], [-72.1951106126737, 43.8236137750321], [-72.1953006230305, 43.8235469087743], [-72.1954088349297, 43.8234094937147], [-72.195546524179, 43.8231784871295], [-72.1957306851394, 43.8230846382094], [-72.1959852841947, 43.8230028092368], [-72.1960295764891, 43.8229110150073], [-72.1961074008164, 43.8225912835027], [-72.196662210871, 43.8216087867807], [-72.1966858600955, 43.8215640917074], [-72.1972300952739, 43.8210126926036], [-72.1973801150873, 43.82083021787], [-72.1977773002547, 43.8204673909261], [-72.1985219436262, 43.8199500408396], [-72.1988627961793, 43.8197887530649], [-72.1990866477732, 43.8196485296738], [-72.1995988197371, 43.8194076859353], [-72.1997791703135, 43.8192159792192], [-72.2000389223174, 43.8188519548756], [-72.2004940600223, 43.8183878149715], [-72.2005291494691, 43.8183507741791], [-72.2007510234878, 43.8182305417312], [-72.2013176455763, 43.8179922966738], [-72.2014456634642, 43.8179547502521], [-72.2015092075383, 43.8179173854925], [-72.2015943452226, 43.8178266210571], [-72.2017007629866, 43.8176037493892], [-72.201721846403, 43.8174577288741], [-72.2018022601367, 43.8174308654479], [-72.2018751413273, 43.8174396299809], [-72.2019917695002, 43.8173870364358], [-72.2021386190174, 43.8172206340823], [-72.2021998206442, 43.8169728012434], [-72.2021784930363, 43.8165515819917], [-72.2021490748855, 43.8163592725781], [-72.2022405722805, 43.8157478217891], [-72.2022419725893, 43.8156028102209], [-72.2021158879443, 43.8153455506232], [-72.20195275254, 43.8152646873944], [-72.2018261723206, 43.8152331015162], [-72.2017013332568, 43.8151713022078], [-72.2015861653106, 43.8150714937917], [-72.2015049320585, 43.8148872421443], [-72.2014103771782, 43.8148633912893], [-72.2005249968461, 43.8148718837844], [-72.200651546796, 43.8148275924325], [-72.2005872718957, 43.81468254102], [-72.2005926419286, 43.8146529940078], [-72.2011112666354, 43.8144336967292], [-72.2012389134649, 43.814404410333], [-72.2013121544618, 43.8144049139736], [-72.2017470779851, 43.8142868182228], [-72.2018744709864, 43.8142112213718], [-72.2019607554751, 43.8141280706595], [-72.20214653103, 43.813776367417], [-72.2022418967025, 43.813693034828], [-72.2022836487747, 43.8136553681301], [-72.2024105040835, 43.8136102065027], [-72.2024929129953, 43.8136392269383], [-72.2032224074384, 43.8137103403856], [-72.2032848812558, 43.8137338476971], [-72.2033478323754, 43.8137343092548], [-72.2034413797218, 43.8138116386787], [-72.2034063586091, 43.8140402228997], [-72.2033072346665, 43.8142607300951], [-72.2032954016384, 43.814344606723], [-72.2032411430047, 43.8144354920438], [-72.2032349097647, 43.8145796135545], [-72.2032714238549, 43.8149545799861], [-72.2032596900101, 43.8153058777332], [-72.2032969590127, 43.815581054234], [-72.2032784379215, 43.8157090399222], [-72.2033539448537, 43.8159708851946], [-72.2033512263164, 43.8161304573076], [-72.203489929591, 43.8166814941633], [-72.2034988798215, 43.8168191535564], [-72.20358149543, 43.8169416637737], [-72.2035986237497, 43.8170382626348], [-72.2036222692385, 43.8170333539836], [-72.2036086074277, 43.8170789582], [-72.2034989990691, 43.8174446615638], [-72.2034550295883, 43.8175355876925], [-72.20342000821, 43.8177641731736], [-72.2033872278535, 43.8178562294631], [-72.2033652820287, 43.8181168259872], [-72.2031621375112, 43.8187234970888], [-72.2031602299808, 43.8188156742621], [-72.2031158695374, 43.8189981316229], [-72.2031078244748, 43.8195018553236], [-72.2030730741471, 43.8195741207212], [-72.2030159871408, 43.819958725967], [-72.2029819959812, 43.820050560977], [-72.2028631769603, 43.8202322930758], [-72.2027347089407, 43.8203687653523], [-72.2022975616244, 43.8206557900679], [-72.2015619389509, 43.8211840676181], [-72.2014334659226, 43.8213205383949], [-72.2013894904281, 43.8214114650564], [-72.2012311307347, 43.8216173920608], [-72.2010750159153, 43.821766364151], [-72.2008349412959, 43.8220895953378], [-72.2007364410893, 43.8221853081798], [-72.2006818339643, 43.8221613968061], [-72.2006172993755, 43.8221689710215], [-72.2004478823242, 43.8222359240228], [-72.2001300231773, 43.822318166548], [-72.200004470666, 43.8223089771777], [-72.1999408366754, 43.8222778540066], [-72.1998794800389, 43.8221860803925], [-72.1998489970801, 43.8220944286147], [-72.1998612003414, 43.8220022912465], [-72.1999444615321, 43.821880645812], [-72.2002137287369, 43.8216997221886], [-72.2003000808277, 43.8216091799457], [-72.2003022729328, 43.821480042462], [-72.2000801041449, 43.8214780842606], [-72.2000600563954, 43.8214475677398], [-72.2000919431353, 43.8213942080875], [-72.2002102097377, 43.821326184826], [-72.2008902051873, 43.8211096915104], [-72.2011553315853, 43.820875265059], [-72.2012836371375, 43.8208007584363], [-72.201390314048, 43.8206639847611], [-72.2014025165788, 43.8205718472028], [-72.2013617418576, 43.8204801548493], [-72.2012580091718, 43.8203879997868], [-72.2011331056344, 43.8203335914117], [-72.2010065171002, 43.8203020046296], [-72.200281735403, 43.820358520917], [-72.2000889825967, 43.8203101508307], [-72.2000053014133, 43.8202485111609], [-72.1999748192315, 43.8201568593877], [-72.199986066626, 43.8201108105182], [-72.2000733738931, 43.819974179875], [-72.200158514751, 43.8198834151451], [-72.2004361248865, 43.8196790439868], [-72.2005643160265, 43.8196193226022], [-72.200818306725, 43.8195753114892], [-72.2010713406871, 43.8195773897724], [-72.2011968333041, 43.8195939694873], [-72.2013134100021, 43.8195487681909], [-72.2013782210637, 43.8195042331372], [-72.2013638524793, 43.8194830879866], [-72.2011896313476, 43.8194260953348], [-72.2010738672908, 43.8193641123805], [-72.2010773775955, 43.819180626436], [-72.2011838324266, 43.8191132097187], [-72.2015017875576, 43.8190161797147], [-72.2016281206319, 43.8190014548388], [-72.2018276460975, 43.8190344125687], [-72.202126029577, 43.8188838217156], [-72.202222666596, 43.8187933188427], [-72.2023629376031, 43.8185766663948], [-72.2023552828813, 43.8184281408034], [-72.2023251092026, 43.8183356213186], [-72.2022201717496, 43.8182432445699], [-72.2020948501924, 43.8182044899993], [-72.2017789185159, 43.8181945586563], [-72.2015741946626, 43.8182087597997], [-72.2012180043881, 43.8183191191162], [-72.2010895074184, 43.8183797095606], [-72.2007953451151, 43.8186522868188], [-72.2006405598895, 43.8188264829994], [-72.2004453689617, 43.8190996644885], [-72.2000060838193, 43.819508425102], [-72.1997283055535, 43.8197349711958], [-72.1994201277235, 43.8199383517535], [-72.1992699197566, 43.8200671251848], [-72.1983564260239, 43.8207366593452], [-72.1978818001184, 43.8211324490669], [-72.1977114826521, 43.8212380950189], [-72.1974592756973, 43.8214832188911], [-72.1974124250632, 43.8216726230614], [-72.1974604767482, 43.8217619537452], [-72.1975237428191, 43.8218013381047], [-72.197649125636, 43.8218327047532], [-72.1978169671709, 43.8219329431952], [-72.1978459266781, 43.8220252426197], [-72.1978537375995, 43.822231169565], [-72.1978906574549, 43.8222721885339], [-72.1980939858774, 43.8223632189014], [-72.1981879038788, 43.8224322927116], [-72.1982495105105, 43.8225703783092], [-72.1983109216884, 43.8226547598633], [-72.1985902586266, 43.8228217489092], [-72.1990447254699, 43.8229274621345], [-72.1991489361277, 43.822996574909], [-72.1992320847872, 43.8230886523614], [-72.199282841323, 43.823181254872], [-72.1993118855908, 43.8235807680976], [-72.1993711901685, 43.823624049188], [-72.1993362935549, 43.8237147935789], [-72.1994178701434, 43.8237751216873], [-72.1993656496175, 43.8239144991875], [-72.1993793707433, 43.8244185311713], [-72.1993460760419, 43.8246169032878], [-72.1992693355333, 43.8246768275576], [-72.1992677330355, 43.8247681376663], [-72.1990066024424, 43.825269785177], [-72.1990051692236, 43.8253389193242], [-72.1988495202192, 43.8255046332469], [-72.1988131315444, 43.8255127531265], [-72.1987880469042, 43.8255867934941], [-72.1983460902012, 43.8247514696865], [-72.1981201470164, 43.8245285958237], [-72.1977969929993, 43.8243905656689], [-72.1977024806529, 43.8243991080836], [-72.1974150098684, 43.824385147541], [-72.1970944077664, 43.8244678074756], [-72.1969738009635, 43.8244447207017], [-72.196932098704, 43.8244749952608], [-72.1968754928004, 43.8244747720096], [-72.1966007515715, 43.8246167487782], [-72.1963337067425, 43.8249396498181], [-72.1963322969605, 43.8250050867596], [-72.1960688882365, 43.8256432604977], [-72.1960040097403, 43.8257349732217], [-72.1956816702485, 43.8260828749481], [-72.1953145925338, 43.8263429789488], [-72.1948520153265, 43.8265420439026], [-72.1947554136686, 43.8266251502545], [-72.194581971779, 43.8268986297567], [-72.1945691405434, 43.8269925044295], [-72.1946368266424, 43.8274028282079], [-72.1946364280058, 43.8274943608101], [-72.1947375713137, 43.8276082552756], [-72.1949482220118, 43.8277330189887], [-72.1951369417784, 43.8277963826032], [-72.195263964522, 43.8278123231708], [-72.1953161583741, 43.8278357933086], [-72.1954420861874, 43.8278367266472], [-72.1955263086665, 43.8278679338661], [-72.1955896959945, 43.8278527470263], [-72.1956430971549, 43.8278764396176], [-72.1957690820356, 43.8278699796823], [-72.1961792893453, 43.8279083456366], [-72.1963369369305, 43.8279576710764], [-72.1964510784308, 43.8280350874704], [-72.1969724095867, 43.828466769278], [-72.1970972694336, 43.8285285736686], [-72.1972239300404, 43.8285527718652], [-72.1977926095573, 43.8285730585421], [-72.1979191004181, 43.8286194333068], [-72.1981696640987, 43.8287515236708], [-72.1982425255684, 43.828843561926], [-72.1983099034034, 43.8289799327924], [-72.1982354880125, 43.8292105414024], [-72.1982719867225, 43.8293865791848], [-72.1985136961363, 43.8295290705066], [-72.1988097651583, 43.8296491639699], [-72.1991246231362, 43.8297273680405], [-72.1992513982465, 43.8297367809735], [-72.199314843155, 43.8297142005673], [-72.1994433332908, 43.8295777296105], [-72.1994648766426, 43.8295317206021], [-72.1997211546143, 43.8293511805051], [-72.2000708532698, 43.8291868763857], [-72.2005809014996, 43.8290751647502], [-72.200686583592, 43.8289918705603], [-72.2008548908001, 43.8287942426388], [-72.2009164499962, 43.8287805683018], [-72.2010523648298, 43.8289017682327], [-72.2013858982233, 43.829112015653], [-72.2015670648479, 43.8292544815462], [-72.2016528390669, 43.829321130562], [-72.2021594687593, 43.8295011779493], [-72.2022657964761, 43.8294522391621], [-72.2026830963882, 43.8293151524464], [-72.2027287913065, 43.8292374943679], [-72.2028791206775, 43.8284138377568], [-72.2029886156361, 43.8281859724046], [-72.2032467869678, 43.8279132458899], [-72.2033768645032, 43.8276854617139], [-72.2033637585081, 43.8271362073891], [-72.2033935945254, 43.8266327785691], [-72.2034064387345, 43.8264954192612], [-72.2034495151394, 43.8264033996675], [-72.2034960431505, 43.8262148614496], [-72.203711116117, 43.8257954262963], [-72.2042161859401, 43.8252960225702], [-72.2043440165273, 43.8252047675937], [-72.2045155090946, 43.8250234543905], [-72.2046035097728, 43.8247944193724], [-72.2046413920795, 43.8244673503776], [-72.2045836512388, 43.8243364575686], [-72.2044105176934, 43.8243740496989], [-72.20411819317, 43.8245618510096], [-72.2040382759443, 43.8245619745688], [-72.2037872955232, 43.8244455483345], [-72.2036601076796, 43.824451793202], [-72.2035332322476, 43.8244969560733], [-72.2033721090512, 43.8245876455978], [-72.2030616500143, 43.8249312619381], [-72.2030605279056, 43.8249597399898], [-72.2026867951871, 43.8247032496883], [-72.2025933480271, 43.8246111339114], [-72.2025307759034, 43.8245191392065], [-72.2023984593046, 43.8242431528925], [-72.2021558317697, 43.8240634867437], [-72.2020848563044, 43.8240421196278], [-72.2020262241067, 43.8239897104081], [-72.2019075001535, 43.8239577204355], [-72.2016544495945, 43.8239556439575], [-72.2014648350742, 43.8239309866782], [-72.2013382931037, 43.8238920087388], [-72.2012138603728, 43.8238145562025], [-72.201044379726, 43.8236501758303], [-72.2012068814805, 43.8235773240217], [-72.2012817350145, 43.8234865189605], [-72.20144057597, 43.8231779705699], [-72.2015151385371, 43.8228058242343], [-72.2014917084692, 43.8225822256133], [-72.2014177443896, 43.8222364593396], [-72.2014368271791, 43.8218356153312], [-72.2016086075396, 43.8218560718061], [-72.2022335343904, 43.8220365783615], [-72.2023593959531, 43.8220448969767], [-72.2025003304136, 43.8221013244326], [-72.2025518119653, 43.822618762582], [-72.2025463411416, 43.8229018198997], [-72.2025855199818, 43.823084821993], [-72.2026855240209, 43.823310457673], [-72.2029280071432, 43.8234688150548], [-72.2030525535089, 43.8235314826949], [-72.2033789987788, 43.8235951539425], [-72.2037262821259, 43.8236256411006], [-72.2039800897673, 43.8236074961606], [-72.2041287574504, 43.8235626339055], [-72.2042458147474, 43.8234943853819], [-72.2044168276987, 43.8233361165439], [-72.2044661447953, 43.8232591252179], [-72.2045401509993, 43.8231996221162], [-72.2046970989528, 43.8229795533267], [-72.2047928389612, 43.8228879561232], [-72.2049095868912, 43.8228205752235], [-72.2050371900698, 43.8227986775914], [-72.2050997298773, 43.8228147909738], [-72.2052153912319, 43.8228915542884], [-72.2052558642431, 43.8229841149696], [-72.205311758232, 43.8235615782697], [-72.2053814230132, 43.8237168675229], [-72.2054300603138, 43.8239312147561], [-72.2054914272423, 43.824022985391], [-72.2056072586754, 43.8240775723323], [-72.205733290274, 43.8240637112684], [-72.2058603656498, 43.8240722485387], [-72.2059227955775, 43.8241031473261], [-72.2060272726465, 43.8242185663162], [-72.206024249548, 43.8243790108106], [-72.2060013945884, 43.8244395816652], [-72.2056552156662, 43.8248654677766], [-72.2054661307895, 43.8251323785517], [-72.2053956480906, 43.8253266949383], [-72.2054024930194, 43.8254630434753], [-72.2050981806341, 43.825554264874], [-72.2047913994771, 43.8257717983165], [-72.20434106173, 43.8263996961041], [-72.2041634928647, 43.8266233828171], [-72.204141311242, 43.8267146129727], [-72.2041493345895, 43.8268548798191], [-72.2043198832568, 43.827161018946], [-72.2042533632329, 43.8277928000014], [-72.2041846750628, 43.8279892985946], [-72.2045585253358, 43.8279922752848], [-72.2046598183094, 43.8279683173126], [-72.204813606151, 43.8278475946382], [-72.2049154056142, 43.827836684251], [-72.2050322813658, 43.8278738823794], [-72.2050305460285, 43.8279836727315], [-72.2049595040218, 43.8282519109292], [-72.2049204335163, 43.8284954872857], [-72.2049191229676, 43.8286294141172], [-72.2050354439244, 43.8287405330142], [-72.205135672919, 43.8287774489905], [-72.2052216434354, 43.8287784344016], [-72.2051280659361, 43.8289435293175], [-72.2050218701763, 43.8292164147203], [-72.2049754417583, 43.829231019127], [-72.2050697996408, 43.8293242251382], [-72.2051844298169, 43.8293785899725], [-72.2053110397352, 43.8294101721368], [-72.205372410093, 43.8295019455703], [-72.2053698615258, 43.8296393456334], [-72.2052694944818, 43.8299826990427], [-72.2052118144116, 43.8303255661741], [-72.2052086232404, 43.8305081878219], [-72.2050535079748, 43.830965475391], [-72.2050606102942, 43.831148137642], [-72.2051660474661, 43.8312174702001], [-72.2053821443, 43.8315477028825], [-72.2054121662622, 43.8317021893491], [-72.2054105175956, 43.8318406801769], [-72.2054089756061, 43.8318848109599], [-72.2052713167944, 43.8319529821306], [-72.2050507623457, 43.831812541269], [-72.2049245145691, 43.8317726975927], [-72.2045345000555, 43.8317426999255], [-72.2042702020054, 43.8317829826308], [-72.2040369530586, 43.8318807851522], [-72.2039387235479, 43.8319395416115], [-72.2039077918866, 43.8320263893554], [-72.2037757923253, 43.8321872039145], [-72.2037881690123, 43.83223204016], [-72.2039158515437, 43.8322823265631], [-72.2043138586039, 43.8323369267982], [-72.2044595124189, 43.8323729328368], [-72.2045297123204, 43.8324182124374], [-72.2045487021881, 43.8325096038614], [-72.2045367629589, 43.8326878431916], [-72.2044361177482, 43.8328257334526], [-72.2042576250927, 43.8329289671965], [-72.2040326128095, 43.8330181041227], [-72.2035599333173, 43.8334300198209], [-72.2029414524674, 43.8338244073123], [-72.2027581995402, 43.8339156627029], [-72.2025498624394, 43.834080960289], [-72.2025130858111, 43.834299980052], [-72.2025518245872, 43.8345421222917], [-72.2026471717271, 43.8346651215942], [-72.202762209966, 43.8348666872199], [-72.2027689970381, 43.8350900069615], [-72.2026943378615, 43.8353140978685], [-72.2028207640051, 43.8354511328285], [-72.2031447663638, 43.8355652389696], [-72.2038970263547, 43.8356599208009], [-72.2042762309579, 43.8356407401585], [-72.204299939672, 43.8356284398989], [-72.2042833313772, 43.8358234037092], [-72.2043476707463, 43.8360841286096], [-72.2044941553783, 43.8362118910559], [-72.2045454079862, 43.836321237425], [-72.2044947012953, 43.8363803970214], [-72.2044135926161, 43.8364163903169], [-72.2042358161054, 43.8364633151212], [-72.2040016149052, 43.8364045698679], [-72.2036392069198, 43.8361631236305], [-72.2029561493501, 43.8358849861803], [-72.2024123243446, 43.8358128543118], [-72.2017342841954, 43.8356725763063]]]}}, {"type": "Feature", "properties": {}, "geometry": {"type": "Polygon", "coordinates": [[[-72.1961837142991, 43.8350387206077], [-72.1957053093921, 43.8351627191249], [-72.1955851333562, 43.8351600702074], [-72.1955244725315, 43.8350952541787], [-72.1954607241802, 43.8349197590573], [-72.1954724038712, 43.8347784797175], [-72.195512654619, 43.8347016721729], [-72.195618915761, 43.8345842485425], [-72.1957079401401, 43.8343850052665], [-72.1958138909019, 43.8342684511376], [-72.1959410149086, 43.8342335131352], [-72.1960362985072, 43.8342445432773], [-72.1962834845915, 43.8342270391485], [-72.1966489356812, 43.8341054202931], [-72.1967787880638, 43.8340302690727], [-72.1968622913265, 43.8339586315342], [-72.1969161240437, 43.8338870938553], [-72.1970061281042, 43.8336778531596], [-72.1971247322451, 43.8335293866404], [-72.1971832599302, 43.833517007145], [-72.1973959867061, 43.8335708956838], [-72.1975247066798, 43.8336833769043], [-72.1975855641517, 43.833762105195], [-72.1978543441814, 43.8338503514846], [-72.1980426904096, 43.8338858808642], [-72.1981247271834, 43.8338870721702], [-72.198125145696, 43.8340703626029], [-72.1980797450863, 43.8344256705485], [-72.1981013421408, 43.8345314228626], [-72.1981431628591, 43.8346057296939], [-72.1984781212742, 43.8347903349575], [-72.1985381924068, 43.8348929780402], [-72.1985644311256, 43.8350254908246], [-72.1986062508184, 43.8350997974776], [-72.1986772360749, 43.8351609545184], [-72.1985989643246, 43.8353011022751], [-72.1985208265456, 43.8357012898444], [-72.1985382634063, 43.8357572372963], [-72.1985755277806, 43.83579369333], [-72.1988872350138, 43.8358916724542], [-72.1989241902949, 43.8359289966685], [-72.1989546770458, 43.83614001742], [-72.1989436787215, 43.8362721676054], [-72.1988888898196, 43.8363897960176], [-72.19879064788, 43.8364087616079], [-72.198734651354, 43.8364465904312], [-72.1986320494006, 43.8364814091523], [-72.1984732830022, 43.8364966568476], [-72.1983718356636, 43.8364993030544], [-72.1982347821349, 43.836446364359], [-72.1981907957175, 43.8364179262121], [-72.1981115166068, 43.8361738810244], [-72.1980496716163, 43.8360653616432], [-72.1981298857168, 43.8360282791911], [-72.198171118803, 43.8359414729379], [-72.198167772965, 43.8358640557057], [-72.1981199333958, 43.8357849430551], [-72.1979668247771, 43.8356541031994], [-72.1975870062516, 43.8354362714478], [-72.1973072256569, 43.8353210220842], [-72.1966994865993, 43.8351353368163], [-72.196260298746, 43.8350407636482], [-72.1961837142991, 43.8350387206077]]]}}, {"type": "Feature", "properties": {}, "geometry": {"type": "Polygon", "coordinates": [[[-72.2023780764438, 43.8401379498328], [-72.2021564105917, 43.8401416503937], [-72.2019045348547, 43.8400963119368], [-72.2016695361163, 43.8401012635631], [-72.2016012437414, 43.8400831686927], [-72.2014605465352, 43.8397908327238], [-72.2013394019323, 43.8396353352728], [-72.2010035688223, 43.8395218302043], [-72.2007430596562, 43.8392981670818], [-72.2006371623381, 43.8392879681158], [-72.2006040293221, 43.8392254362688], [-72.2004578832677, 43.83909310486], [-72.2003368847592, 43.8390384922577], [-72.2002044371769, 43.839016013556], [-72.2001594924215, 43.8390336659713], [-72.2000461149913, 43.8390119135597], [-72.1998052984173, 43.8389066056631], [-72.1996668615248, 43.8387562559586], [-72.199544484326, 43.8382859207076], [-72.1994275104399, 43.8376231860508], [-72.1992809771489, 43.8373038656348], [-72.1991028611102, 43.837116617095], [-72.1988057171199, 43.8370537000931], [-72.1985775914426, 43.8370719377875], [-72.1984390716496, 43.8371316196541], [-72.1983447102373, 43.837237351322], [-72.1982384205512, 43.8374380501101], [-72.1981432126979, 43.8375750883949], [-72.1981115706628, 43.8375951841799], [-72.1980488780526, 43.8375577579647], [-72.1973452376233, 43.8373988762622], [-72.1968846267782, 43.8373716216285], [-72.1963721771763, 43.8374320004214], [-72.1959296430132, 43.8375746220471], [-72.1957185237676, 43.8377042422829], [-72.1955256608734, 43.8378224112421], [-72.1953723107697, 43.8379598688858], [-72.1952299291863, 43.838088238364], [-72.1946952089393, 43.8387607911155], [-72.1945563710059, 43.8388611256728], [-72.1942785648944, 43.8389211220397], [-72.1939491052672, 43.8388078411045], [-72.1938856352203, 43.8386749604299], [-72.1938029140078, 43.8383682808764], [-72.193704099349, 43.8381465493866], [-72.193502962354, 43.8379226730216], [-72.1934090544996, 43.8378896875059], [-72.1934560290735, 43.8378446493746], [-72.1940828383296, 43.8374814282629], [-72.1942530964118, 43.8373109900187], [-72.1945589645872, 43.8372626286935], [-72.1945920692358, 43.8372492797244], [-72.1946506876028, 43.8371860251382], [-72.1946864142355, 43.8370676700041], [-72.1946690635134, 43.8370404225008], [-72.1944569487452, 43.8369450031639], [-72.1944218267622, 43.8368663730054], [-72.1944093821961, 43.8366734691986], [-72.1943447041054, 43.8365403661125], [-72.1942587592795, 43.8364560998218], [-72.1941611714601, 43.836390050791], [-72.1940790773252, 43.8363564589597], [-72.1940120592491, 43.8362914015188], [-72.1940228968604, 43.8361814277323], [-72.1940823605331, 43.8360868666571], [-72.1943250116874, 43.8358723621333], [-72.1943888296217, 43.8358415233212], [-72.1944337736717, 43.8358238717572], [-72.1945542604342, 43.8358256536066], [-72.1946615835837, 43.8358462997738], [-72.1949784590031, 43.8359804009368], [-72.1950679227839, 43.8360005405926], [-72.1952293833441, 43.8360681458413], [-72.1953994824274, 43.8360753412522], [-72.1954952493447, 43.8360633276693], [-72.1959219087158, 43.8359760873447], [-72.1960810142082, 43.8359562791603], [-72.1962194143379, 43.8359909614744], [-72.1964615931945, 43.8361141099937], [-72.1965428454045, 43.8361392163287], [-72.1967846646874, 43.8361114714781], [-72.1970408590736, 43.8360252948202], [-72.1973454808009, 43.8359804019701], [-72.1975029527565, 43.8360158096776], [-72.1977025516432, 43.8361246558414], [-72.1977645393294, 43.8361351183128], [-72.1980010439519, 43.836089738383], [-72.1980496716163, 43.8360653616432], [-72.1981115166068, 43.8361738810244], [-72.1981907957175, 43.8364179262121], [-72.1982347821349, 43.836446364359], [-72.1983718356636, 43.8364993030544], [-72.1984732830022, 43.8364966568476], [-72.1986320494006, 43.8364814091523], [-72.198734651354, 43.8364465904312], [-72.19879064788, 43.8364087616079], [-72.1988888898196, 43.8363897960176], [-72.1989436787215, 43.8362721676054], [-72.1989546770458, 43.83614001742], [-72.1989241902949, 43.8359289966685], [-72.1988872350138, 43.8358916724542], [-72.1985755277806, 43.83579369333], [-72.1985382634063, 43.8357572372963], [-72.1985208265456, 43.8357012898444], [-72.1985989643246, 43.8353011022751], [-72.1986772360749, 43.8351609545184], [-72.1986062508184, 43.8350997974776], [-72.1985644311256, 43.8350254908246], [-72.1985381924068, 43.8348929780402], [-72.1984781212742, 43.8347903349575], [-72.1981431628591, 43.8346057296939], [-72.1981013421408, 43.8345314228626], [-72.1980797450863, 43.8344256705485], [-72.198125145696, 43.8340703626029], [-72.1981247271834, 43.8338870721702], [-72.1983854653553, 43.8338785322744], [-72.1990199747166, 43.8338081898998], [-72.1993958523377, 43.8337477002168], [-72.1996907883244, 43.8336612355471], [-72.1999427793226, 43.8335289447288], [-72.2002141177165, 43.8333604180669], [-72.2004236367286, 43.8331592538326], [-72.2006649905755, 43.8327927548267], [-72.2007811117454, 43.8327308092653], [-72.2013097204862, 43.8326502566181], [-72.2014804875203, 43.8326483162592], [-72.2015707657466, 43.8327602059352], [-72.2015729627829, 43.8328697954587], [-72.2016144492044, 43.8329486651054], [-72.2018794051923, 43.8330621087999], [-72.201403478629, 43.8334613923532], [-72.2012647742597, 43.8336265263748], [-72.2011581336052, 43.8337957000661], [-72.2010581019138, 43.8340512154718], [-72.2009328745957, 43.8345547112684], [-72.200932425779, 43.8346138489244], [-72.200934707069, 43.8347919281363], [-72.2009866059389, 43.8352539379965], [-72.2009172271741, 43.8354595666452], [-72.2009122790711, 43.8356326175786], [-72.2009693771512, 43.835808736338], [-72.2009827087155, 43.8358472722042], [-72.2011851551156, 43.8360204816507], [-72.2015588843162, 43.8361252197394], [-72.2023819940119, 43.8362199699583], [-72.2028245415558, 43.8362327856332], [-72.2032489868636, 43.8364375146584], [-72.2033578199481, 43.8367397226807], [-72.2032900542556, 43.8370131966477], [-72.2032014977041, 43.8372328836817], [-72.2030817760172, 43.8373700480584], [-72.2029869953695, 43.8374118579404], [-72.2027540603888, 43.8374255181011], [-72.2025756298086, 43.8373982957239], [-72.2023674454019, 43.837422052233], [-72.2022534560376, 43.8374816169668], [-72.2021724574529, 43.8375824025859], [-72.2022101494384, 43.8376827830625], [-72.2023185220468, 43.8378053974268], [-72.2025396753038, 43.8378284378983], [-72.202753459924, 43.8378251408025], [-72.2028889034635, 43.8382118162099], [-72.2029979006723, 43.8384122716485], [-72.2031813766209, 43.8386134520259], [-72.2033782955809, 43.8387588077562], [-72.2035188803427, 43.8389465583506], [-72.2035186312971, 43.8390196120775], [-72.2034563375108, 43.8391293857048], [-72.203450414258, 43.8393124344858], [-72.2035580658974, 43.8395311498039], [-72.2038000528905, 43.8397634313056], [-72.2041614674021, 43.8400185733249], [-72.2045111284269, 43.8403067169661], [-72.2046108491789, 43.8404536502147], [-72.2043920592673, 43.8405578163244], [-72.2039428847562, 43.8407371849268], [-72.2037151431499, 43.8407832622104], [-72.2034188239395, 43.8407288395146], [-72.2031402486853, 43.8406101270038], [-72.2029052718979, 43.840492017966], [-72.2024484227573, 43.8402045382611], [-72.2023780764438, 43.8401379498328]]]}}, {"type": "Feature", "properties": {}, "geometry": {"type": "Polygon", "coordinates": [[[-72.1832913041526, 43.8425881383847], [-72.1833407141678, 43.8420410759514], [-72.1833227638113, 43.8414733029128], [-72.1833788416357, 43.8413882983115], [-72.1834186734909, 43.8413669340828], [-72.183529494553, 43.8413669470943], [-72.1835978222603, 43.8413415678981], [-72.1836073123309, 43.8412896417328], [-72.1836145783564, 43.8412511862168], [-72.1835723737144, 43.8411888310728], [-72.1834382937319, 43.841181765653], [-72.1833812010797, 43.8411647934796], [-72.183352725842, 43.841089231525], [-72.1832781859673, 43.8406332042376], [-72.1830293286613, 43.8380454867255], [-72.1827970865123, 43.836698034024], [-72.1825515258511, 43.8350048278326], [-72.1825418878956, 43.8338426609349], [-72.1827012374932, 43.8329438266244], [-72.1830776564972, 43.8319673840526], [-72.183672912561, 43.8306480843572], [-72.1837506992713, 43.8307660232731], [-72.1838518325727, 43.8309955948616], [-72.1838463518179, 43.8313471445672], [-72.1837631990692, 43.8316816385898], [-72.1836081667305, 43.8318779968121], [-72.1834892947784, 43.8322114761937], [-72.1833122722847, 43.8325092817505], [-72.1832242195334, 43.8326189407406], [-72.1832326065165, 43.8329388034332], [-72.1831257671796, 43.8332818998388], [-72.1829431288277, 43.8336388210005], [-72.182855808915, 43.8339632980606], [-72.1828074158267, 43.8342653199834], [-72.1827542139124, 43.8352567742387], [-72.1826975120681, 43.8354989717856], [-72.1827306636985, 43.8358650305939], [-72.1827998562296, 43.8360757777557], [-72.1828959544874, 43.8359833267853], [-72.1829834107631, 43.8357958263255], [-72.1830659833526, 43.8356907102879], [-72.1832272949996, 43.8352743436166], [-72.1834231923993, 43.835118809561], [-72.1835311963314, 43.8350905462054], [-72.1836573025606, 43.8351091030403], [-72.1837470627218, 43.8351681696399], [-72.1838603052482, 43.8353601778364], [-72.183918092861, 43.8355197840958], [-72.1840144090497, 43.8359400187151], [-72.1841103043476, 43.8361047789277], [-72.1843266018161, 43.8362824189257], [-72.1845546946093, 43.8364233606526], [-72.1847885156568, 43.8366060715288], [-72.1850175484037, 43.8368202886995], [-72.185132344137, 43.8370079543166], [-72.1851706340888, 43.8372222727118], [-72.1852469133718, 43.8373408588587], [-72.1854047227348, 43.8374873866789], [-72.1854940709332, 43.8375223182049], [-72.1854818955312, 43.8376468527834], [-72.1856104070592, 43.8381720174583], [-72.1856075759286, 43.8382631072005], [-72.1855988962365, 43.8384826711598], [-72.1855493039029, 43.8387844755401], [-72.1855675555716, 43.8391996138481], [-72.1855453512252, 43.8394065131642], [-72.1855658327696, 43.8396527213812], [-72.1855508035206, 43.8398322536526], [-72.1855291421018, 43.8401243875627], [-72.1854668357518, 43.8404257054047], [-72.1853230882442, 43.8409193346641], [-72.185172102108, 43.8410609238607], [-72.1849087245649, 43.8411707477774], [-72.1848671305087, 43.8411464457165], [-72.1847824185749, 43.8409828168741], [-72.1847650850198, 43.8407603208594], [-72.1846817517256, 43.8407301967258], [-72.1846469386353, 43.8406904845044], [-72.184616394409, 43.8406857959108], [-72.1845021395473, 43.8406990318965], [-72.184443208915, 43.8407233631515], [-72.1843813163997, 43.8407776873193], [-72.1843192698324, 43.8407746090762], [-72.1842537472008, 43.8407125961943], [-72.184096660251, 43.8407050038934], [-72.1840806959814, 43.8406558002804], [-72.18410669315, 43.8406226392843], [-72.1842143094491, 43.8406063322198], [-72.1842649774346, 43.8405545732067], [-72.184224601152, 43.8404907045165], [-72.1840782641727, 43.8404638035217], [-72.1839513152316, 43.840396975553], [-72.1838495803068, 43.8403967827633], [-72.1837348154112, 43.8404367592421], [-72.183702935054, 43.8404864211557], [-72.1837209897546, 43.8406165153705], [-72.1837861143848, 43.8406904854359], [-72.1837988186156, 43.8407307611592], [-72.1837728807969, 43.8408722008047], [-72.1837685015647, 43.8410833033169], [-72.1837741719235, 43.8411324644237], [-72.1838140731097, 43.8411795896582], [-72.1837934847363, 43.8412951775711], [-72.1837746391099, 43.8414203389316], [-72.1838382885705, 43.8417984829968], [-72.183889917357, 43.8418560924452], [-72.1839579532134, 43.841867673245], [-72.1839947199653, 43.8418512984178], [-72.1840340107972, 43.8417447007864], [-72.1841226654747, 43.8417526679855], [-72.1842504002674, 43.8417197009241], [-72.1843043973647, 43.841745358008], [-72.184311423576, 43.8417762602999], [-72.1842459894903, 43.8418188289801], [-72.1842980724017, 43.841857089882], [-72.1844320956131, 43.8418715457766], [-72.1844418501912, 43.8419020252581], [-72.1844705372347, 43.8419119248269], [-72.1845602962379, 43.8418951110816], [-72.1846025615184, 43.8420657445544], [-72.1847502024946, 43.8421974477532], [-72.1848059817733, 43.842189193192], [-72.1850269401774, 43.8422381363353], [-72.1851216752487, 43.8423591907979], [-72.1853493155599, 43.8424833886651], [-72.1853808680654, 43.8425141741826], [-72.185474080964, 43.8425202023094], [-72.185472059289, 43.842507801404], [-72.1856105917015, 43.8424879216695], [-72.1857956304114, 43.8424062618392], [-72.1858138685499, 43.8423587191558], [-72.1860552231764, 43.8423938275225], [-72.1860747969795, 43.8424076042027], [-72.1862144529947, 43.8423990336689], [-72.1863726606879, 43.842302262812], [-72.1865221028796, 43.8420095554667], [-72.1866235243676, 43.8418949453568], [-72.1870721537525, 43.8415980057545], [-72.1873042566035, 43.8413047600218], [-72.1875256302794, 43.8410669147497], [-72.1876521308811, 43.8409976292064], [-72.1881125653112, 43.8408555400122], [-72.188858766165, 43.840721552863], [-72.1891182194399, 43.8406480148348], [-72.1892055341323, 43.8405946600976], [-72.1895538814045, 43.8406151871469], [-72.1898373794096, 43.8405645726054], [-72.1900911802779, 43.8404779649257], [-72.190406809478, 43.8403444221536], [-72.1910385048015, 43.840137561025], [-72.1913095490753, 43.8400134047782], [-72.1915243388164, 43.839880762177], [-72.1916189301922, 43.8396297943895], [-72.1915294431476, 43.8395337709075], [-72.1913768910033, 43.8394881555435], [-72.191194107646, 43.8393971957232], [-72.1910909913124, 43.8392237140611], [-72.1910787103684, 43.8391279973222], [-72.1912045044236, 43.8390317452535], [-72.1914196767946, 43.8389667227829], [-72.1915703084946, 43.8388296934692], [-72.191702654195, 43.8384727736536], [-72.1917081820872, 43.8383451673633], [-72.1924482724495, 43.8382137447389], [-72.1925565604987, 43.8381883017541], [-72.1926999524507, 43.8381258190429], [-72.1927331810864, 43.8382929334217], [-72.1928676027197, 43.8384906724965], [-72.1928332637202, 43.8387425318034], [-72.1928195258426, 43.8391499311701], [-72.1927460047663, 43.839417724236], [-72.1925278022399, 43.8396792904276], [-72.1924402556462, 43.8398417933703], [-72.19234646967, 43.8399494805909], [-72.1922111177312, 43.8400291725932], [-72.1920119156356, 43.8401036085167], [-72.1918015315446, 43.8403323721451], [-72.1917099150256, 43.8403941917774], [-72.1915692447798, 43.8404562488238], [-72.1913778668022, 43.8404978853516], [-72.1910155043938, 43.840527531763], [-72.1909274408552, 43.840521527706], [-72.190856727316, 43.8405427702407], [-72.1906792251172, 43.8407081757953], [-72.1903495543746, 43.8410908341702], [-72.1902648028269, 43.8411261535795], [-72.1900301605748, 43.8411626134384], [-72.1896327332414, 43.841301480987], [-72.1895015062333, 43.8413948841875], [-72.1890110386862, 43.8418562580462], [-72.1887509985882, 43.8420435067892], [-72.1886490312816, 43.8420728856073], [-72.1884710137813, 43.8420697805045], [-72.1884133506512, 43.8420869435958], [-72.1878653756014, 43.8423878389334], [-72.1876565884683, 43.8425252851599], [-72.1876233578245, 43.8425932055786], [-72.1876016304935, 43.8426613908817], [-72.187601970065, 43.8428122861717], [-72.1876476286146, 43.8429372728633], [-72.1874499686874, 43.842967571746], [-72.1870709836636, 43.8429136484286], [-72.1867191979178, 43.8430220347765], [-72.1866153928125, 43.8429372568176], [-72.18638751306, 43.8428824179167], [-72.1860140152931, 43.8428239482548], [-72.1856818041305, 43.8427906488138], [-72.1856854836109, 43.8428237117691], [-72.1855596025686, 43.8430069315681], [-72.1855736369502, 43.8431483155925], [-72.1858366156377, 43.8437879585062], [-72.1859015615221, 43.8440793543436], [-72.1858718809793, 43.8443903740839], [-72.1857481121965, 43.8449617100103], [-72.1858645847466, 43.8452857110544], [-72.186017696707, 43.8455322398294], [-72.1861082176188, 43.8458061280867], [-72.1861619030612, 43.8462990357479], [-72.1861518138, 43.8463887933425], [-72.1861190746017, 43.8466650135927], [-72.1861464702228, 43.8469569121321], [-72.1863293712514, 43.847810404022], [-72.1864593768156, 43.8483025335807], [-72.1861990493063, 43.8483675857511], [-72.1860406762875, 43.8483671648424], [-72.1858070747388, 43.8484223215218], [-72.18573169852, 43.8484963779537], [-72.1856757676143, 43.8486785763738], [-72.1856947112143, 43.8488893420153], [-72.185612342182, 43.8490444719097], [-72.1855205077831, 43.8491321608104], [-72.185495346843, 43.8490581330672], [-72.1852417777455, 43.8488005448336], [-72.1850122329423, 43.8484141158917], [-72.1843694208759, 43.8472058790672], [-72.1841026428242, 43.8468190823733], [-72.1834988848673, 43.8455773005737], [-72.1832704056848, 43.8450578101645], [-72.183133714846, 43.8446495805352], [-72.1830207493967, 43.844073592874], [-72.183071846337, 43.8431964809889], [-72.1832913041526, 43.8425881383847]]]}}, {"type": "Feature", "properties": {}, "geometry": {"type": "Polygon", "coordinates": [[[-72.1940049228482, 43.8496196364961], [-72.1940990763023, 43.849623054186], [-72.1942055804582, 43.8495954279321], [-72.1942941429794, 43.8494988058132], [-72.1943311128767, 43.8494167642148], [-72.1947109681373, 43.849283897658], [-72.1947861131987, 43.8491598244562], [-72.1947986688919, 43.8490233293752], [-72.1952698279415, 43.8485148875017], [-72.1954896318701, 43.8481259064951], [-72.1955650044655, 43.8478926858283], [-72.1956579300275, 43.8477006299186], [-72.1957279766247, 43.8476089343222], [-72.1958028445819, 43.8473626656745], [-72.1959980181668, 43.8471838408524], [-72.1963193804228, 43.8469365889049], [-72.1964577303933, 43.8467436249845], [-72.1965450568775, 43.8464515286999], [-72.1965434670286, 43.8461449474017], [-72.196363813448, 43.8454049845786], [-72.1963560584148, 43.8452314461485], [-72.1965876334039, 43.8448057665268], [-72.1966252775611, 43.8445952287028], [-72.1966244738961, 43.8443443145017], [-72.1965354250949, 43.8441891546365], [-72.1963485969538, 43.8441890690365], [-72.1963533096541, 43.8438901252293], [-72.1963780986942, 43.8436975823701], [-72.1965591816452, 43.8432219143475], [-72.1969108625905, 43.8425314507946], [-72.1970930559559, 43.8422660386986], [-72.1972890824607, 43.8420920008959], [-72.1973534940728, 43.8420631196391], [-72.1974905340093, 43.8420003877207], [-72.19776868711, 43.8419358209757], [-72.1980026521723, 43.8419084761139], [-72.1981859589127, 43.8418533191298], [-72.1983873818948, 43.8417654015208], [-72.1985011571255, 43.8416558312278], [-72.1985632645735, 43.8415321428741], [-72.1985443664674, 43.8413500836944], [-72.1984923342043, 43.8411850689417], [-72.1984986941081, 43.8409067895473], [-72.1987692230259, 43.8406502031664], [-72.1987692797684, 43.8405632333819], [-72.1986987957829, 43.8404355445515], [-72.1986536276833, 43.840244031688], [-72.1986895489781, 43.8399008579703], [-72.1986782141265, 43.8398386305537], [-72.1986513845512, 43.8397041559316], [-72.1985942611569, 43.839571519637], [-72.1983515102878, 43.8391244075328], [-72.1982181669929, 43.8389416804498], [-72.1980344232137, 43.8387774538564], [-72.1975580598944, 43.8384724884363], [-72.1974126793855, 43.8383995133208], [-72.1972830191736, 43.8383692152239], [-72.1972055040858, 43.8383697791366], [-72.1970517412329, 43.8383239487437], [-72.1968645122013, 43.8382201506571], [-72.1966585201171, 43.8381545446664], [-72.1962452163038, 43.8380776839427], [-72.196003728636, 43.838061075834], [-72.1959862061409, 43.838056005829], [-72.1959849133063, 43.8380270827154], [-72.1959193530669, 43.8380085599701], [-72.1955896366056, 43.8379683388537], [-72.1953723107697, 43.8379598688858], [-72.1955256608734, 43.8378224112421], [-72.1957185237676, 43.8377042422829], [-72.1963163067757, 43.8377298678091], [-72.1967410842957, 43.8378106879994], [-72.1982663589691, 43.8383796095052], [-72.1982859603052, 43.8384294775147], [-72.1985520018494, 43.838561630185], [-72.1989206201538, 43.8388218157504], [-72.1990607124597, 43.8391917711942], [-72.1991122079711, 43.8396259535327], [-72.1992155435521, 43.8399725007155], [-72.1992341058419, 43.8401989144302], [-72.1992879941525, 43.8406770280568], [-72.1994397940615, 43.8408224293003], [-72.1997376878666, 43.8409086114155], [-72.1999536477155, 43.8410186061335], [-72.2000867452112, 43.841155018807], [-72.2005185306973, 43.8417117997786], [-72.2007162153192, 43.8420358875748], [-72.2009194663302, 43.8421453957352], [-72.2011528412746, 43.8421956649538], [-72.2014257633521, 43.8422217357364], [-72.2015288232948, 43.8422471429868], [-72.2011813812837, 43.8430235189104], [-72.2009570181514, 43.84358099379], [-72.2006530188083, 43.8441377223932], [-72.2005492771699, 43.8439224968187], [-72.2003260482881, 43.8436122236851], [-72.2001686714863, 43.8435620340687], [-72.2000037842889, 43.8435437762025], [-72.1997504918146, 43.8436036631226], [-72.1995741004499, 43.843704508336], [-72.1993592015873, 43.8438519503751], [-72.1990371871952, 43.8441083377419], [-72.1989299063685, 43.8441996701399], [-72.1988105834773, 43.8444007567747], [-72.1987670376989, 43.8445519146276], [-72.1987742089337, 43.8448030720081], [-72.1989531882524, 43.8451181747816], [-72.1990110743093, 43.8453101736962], [-72.1989923949174, 43.8454566465376], [-72.1989481205603, 43.8455845377027], [-72.1988540277831, 43.8456533107518], [-72.1987526234346, 43.8456883520635], [-72.1984934127889, 43.8457684336595], [-72.1983038218041, 43.8458918402589], [-72.1980447787175, 43.8460293217722], [-72.1979761989945, 43.8460481863916], [-72.1978428948095, 43.8460570102846], [-72.1977418001716, 43.8460116055989], [-72.1977356719694, 43.8459022154006], [-72.1977652135745, 43.8456420702508], [-72.1979098307386, 43.8453808567499], [-72.1981112119025, 43.8451013842373], [-72.19832879415, 43.8447221768618], [-72.1983936315463, 43.8445980641322], [-72.1984557715008, 43.8443513099985], [-72.1984799939721, 43.8441133226596], [-72.1985300102613, 43.8439078331795], [-72.1986758857787, 43.8436792388194], [-72.1989081138276, 43.8435229515308], [-72.199160985771, 43.8433991423172], [-72.1993436479763, 43.8432300484499], [-72.1994635584493, 43.8429513435129], [-72.1997088895155, 43.8427040042261], [-72.1997850859758, 43.8425986344651], [-72.1997784491336, 43.8425159856362], [-72.1997016594342, 43.8424204519764], [-72.1996127199961, 43.8423698774568], [-72.1994476681888, 43.8423340069533], [-72.1992641343508, 43.8423391564667], [-72.1990867058327, 43.8422982365132], [-72.198738460829, 43.8421435824841], [-72.1986060089372, 43.8421211019293], [-72.1982643713528, 43.8421721570973], [-72.1979986204091, 43.8422778688986], [-72.1975621316862, 43.8424974892576], [-72.1974055680776, 43.8426584210004], [-72.1973110814234, 43.842818726601], [-72.1972869907098, 43.8431973901004], [-72.1973253556324, 43.8432886426086], [-72.1974215773974, 43.8434164341202], [-72.1976750597609, 43.8436489923156], [-72.1977357549257, 43.8438692678727], [-72.1974686460615, 43.8439932359324], [-72.1970149575979, 43.84416343257], [-72.1969462324158, 43.8443599331727], [-72.1969553025556, 43.8447576444851], [-72.1969951217773, 43.8450545898328], [-72.1970048359198, 43.8455662360998], [-72.1970373984456, 43.8458220595365], [-72.1971606752271, 43.8462139151414], [-72.1971433643735, 43.8464975907763], [-72.1970327979735, 43.8469778889867], [-72.1969640715038, 43.8471743909054], [-72.1968387725262, 43.847403067055], [-72.1966825878826, 43.847631620306], [-72.1962925182325, 43.8480716789614], [-72.196168114927, 43.8483412343042], [-72.1959981098112, 43.8486338739356], [-72.1958171054465, 43.8488995093479], [-72.1955978428023, 43.8491784743508], [-72.1944087529924, 43.850150025862], [-72.1941380035108, 43.8503889951402], [-72.1939554397909, 43.850658971694], [-72.1939139485984, 43.8509742986423], [-72.1937368783549, 43.8511203616158], [-72.1935608253858, 43.8512129403909], [-72.193403201695, 43.8512718897355], [-72.1933211606303, 43.8513863678287], [-72.1932721136909, 43.8515420707444], [-72.193303780247, 43.851637647807], [-72.1934070635361, 43.8517926512919], [-72.1933939995475, 43.8519160997472], [-72.1932820184827, 43.8521037330884], [-72.1930422880769, 43.8523243418341], [-72.1925016644566, 43.8527635776757], [-72.1923192603216, 43.8530113756434], [-72.1922066744441, 43.8532766281851], [-72.1920823103221, 43.8534592106042], [-72.1919379051398, 43.8534919023366], [-72.1915428566111, 43.8533924856607], [-72.1915876328945, 43.8532415492883], [-72.1917378957832, 43.8529212191475], [-72.1920364032109, 43.8521487902675], [-72.1921614126039, 43.8519607741598], [-72.1923247839007, 43.8518640161692], [-72.1926156196222, 43.8517314527527], [-72.1926783054336, 43.8516532104523], [-72.1926453261144, 43.8514528249448], [-72.1927458028604, 43.8512649306403], [-72.1930649612625, 43.8508756941945], [-72.193146300845, 43.8507342523822], [-72.1931466467413, 43.8506501088338], [-72.1932430850914, 43.8505928730605], [-72.1935126725521, 43.8501908284721], [-72.1937404351202, 43.8499893055366], [-72.1939153671868, 43.8498058356561], [-72.1940049228482, 43.8496196364961]]]}}, {"type": "Feature", "properties": {}, "geometry": {"type": "Polygon", "coordinates": [[[-72.2224583146177, 43.8160522111582], [-72.2224689678316, 43.8159607186374], [-72.222416037709, 43.8158307238684], [-72.2220571274839, 43.8155723917584], [-72.2219663530407, 43.8154437757537], [-72.2223950545466, 43.8154697352372], [-72.2227637974908, 43.8155411268728], [-72.2228905376291, 43.8155939986773], [-72.2230164974134, 43.8156707831084], [-72.2231011867271, 43.8157621973279], [-72.2231537969897, 43.8158532750164], [-72.2231227385337, 43.8161288406396], [-72.2232420781642, 43.8163256152081], [-72.2231967229468, 43.816319140315], [-72.2231971945276, 43.8162960959135], [-72.2231124092702, 43.8163425216537], [-72.2229228220282, 43.8163576822996], [-72.2227960815376, 43.8163880807919], [-72.2226147849183, 43.816470454115], [-72.2226040503536, 43.8164897637033], [-72.2223462973708, 43.8163887848531], [-72.2224583146177, 43.8160522111582]]]}}, {"type": "Feature", "properties": {}, "geometry": {"type": "Polygon", "coordinates": [[[-72.2100188833569, 43.8225089796139], [-72.2098281786889, 43.8225091143664], [-72.2095126035982, 43.8225705174531], [-72.209417520468, 43.8224938375253], [-72.2093432522587, 43.8222646096648], [-72.2095122212148, 43.8214860340277], [-72.209522323043, 43.8213491000843], [-72.2095956930239, 43.8212117559481], [-72.2096591517701, 43.820982842963], [-72.2098247318978, 43.8205358171991], [-72.2100172091672, 43.8200132340209], [-72.2100905763565, 43.8198758909334], [-72.2101115392952, 43.8197844384389], [-72.2101433058357, 43.819745860406], [-72.2102070224932, 43.8195632581576], [-72.2103122120343, 43.8193799453258], [-72.2105130554457, 43.8188302163306], [-72.2106917171006, 43.8184947766083], [-72.210691037727, 43.8184641182955], [-72.2107971726955, 43.8182347163051], [-72.2110731089667, 43.8178431225852], [-72.2112816994483, 43.8175936758932], [-72.2113878305922, 43.8173642747151], [-72.2113972900725, 43.8172725608491], [-72.2113873771388, 43.8171809907285], [-72.2113239204526, 43.8170444276474], [-72.2111548777834, 43.816860714881], [-72.21094895064, 43.8167118643347], [-72.2104585593279, 43.8165153933759], [-72.2101626912647, 43.8163731524972], [-72.2099836772578, 43.8162283174256], [-72.2098990034602, 43.8161368949432], [-72.2098471013498, 43.8159534142099], [-72.2098886441082, 43.8158620420654], [-72.209942255592, 43.8158163725371], [-72.2100683203437, 43.8157553299758], [-72.210332196947, 43.8157630841781], [-72.2104479007592, 43.8157926628089], [-72.2108249261166, 43.8158480297354], [-72.2110800786348, 43.8158079181657], [-72.2111963250853, 43.8157237899306], [-72.2112493658932, 43.8156326783865], [-72.2112973846452, 43.8154434934832], [-72.2113939090682, 43.8154473431036], [-72.2117496504209, 43.8153526089658], [-72.2117442650428, 43.815425640216], [-72.2117944346227, 43.8156393349765], [-72.2119763842403, 43.8158374450342], [-72.2120406262738, 43.8161129397796], [-72.2120295813447, 43.8162959613757], [-72.2119880415425, 43.8163873342997], [-72.2118714699708, 43.8165556018723], [-72.2117868766977, 43.816615936739], [-72.211724405163, 43.8166322205935], [-72.211706056115, 43.816698245132], [-72.2119145144239, 43.8171584440117], [-72.2120201930737, 43.8172342921758], [-72.2121458262329, 43.817272168949], [-72.2122236198892, 43.8172309399856], [-72.2123005552026, 43.8172645002803], [-72.2124140646136, 43.8172640645147], [-72.2125930473579, 43.8172099603764], [-72.2129260429559, 43.817081437379], [-72.2132431195385, 43.8169361114126], [-72.2137044564142, 43.8167654622117], [-72.213759852965, 43.816928300769], [-72.2138312454655, 43.8173429687748], [-72.2138227149928, 43.8174320764252], [-72.2139386633016, 43.8177975611921], [-72.2139394993731, 43.8178893150941], [-72.2138758597891, 43.8179812563662], [-72.2137577208513, 43.8180345065703], [-72.2135967476427, 43.8180271517986], [-72.2135111367287, 43.8180613951349], [-72.2134838980596, 43.8181017307232], [-72.2132011211601, 43.8181108685888], [-72.2130118992932, 43.8181575422239], [-72.2129052051671, 43.8182184454061], [-72.2128516635041, 43.8183362977897], [-72.2128144866448, 43.8187375063379], [-72.2126427167655, 43.8190427545055], [-72.2125691479192, 43.8191263966249], [-72.2122743249158, 43.8192489772662], [-72.2120481386666, 43.819381387365], [-72.2119537941149, 43.8194908222692], [-72.2119363752986, 43.8198799323668], [-72.2119364320217, 43.8200353854032], [-72.211839661036, 43.8202674333884], [-72.2116833077443, 43.8204931656385], [-72.211418726504, 43.8207406602173], [-72.2113364156268, 43.8208597062938], [-72.2113257464514, 43.8209511976541], [-72.2113461576541, 43.8210965118074], [-72.2116211076858, 43.8212867200727], [-72.2118525635605, 43.8213421788428], [-72.2122410606689, 43.821365408624], [-72.2125073052049, 43.8213014198621], [-72.2126332691755, 43.8212551576151], [-72.2129489014395, 43.8211030855943], [-72.2130344347812, 43.8210799314128], [-72.2131605501844, 43.8210947627344], [-72.2132023433229, 43.8211329707135], [-72.2131604258521, 43.8213158754047], [-72.2128652735199, 43.8215225987962], [-72.2127391994293, 43.8215836457619], [-72.2125892718967, 43.8215959004743], [-72.2124652716876, 43.821622168199], [-72.2124651618921, 43.8216369512582], [-72.212316834698, 43.8216374710073], [-72.2118637998935, 43.8217448800908], [-72.2117377243192, 43.8218059259452], [-72.2116320683469, 43.8218892263127], [-72.2114841942282, 43.8220730302207], [-72.2113360567424, 43.8222105228413], [-72.2112624290584, 43.8223015555901], [-72.2110824317418, 43.8226117729004], [-72.2100188833569, 43.8225089796139]]]}}, {"type": "Feature", "properties": {}, "geometry": {"type": "Polygon", "coordinates": [[[-72.2051593319069, 43.8271625407519], [-72.2052690634204, 43.8271836219736], [-72.2056110374373, 43.8270771077173], [-72.2058352385478, 43.8269720936777], [-72.2059844942706, 43.8268496124869], [-72.2061827827188, 43.8266075237886], [-72.2062979777671, 43.8261429088483], [-72.2063077938829, 43.825601570768], [-72.2064638365485, 43.8250584088004], [-72.2066024422943, 43.8244990909028], [-72.2067068557726, 43.8242601170664], [-72.2068508028333, 43.8239969445792], [-72.206870886127, 43.8240635534174], [-72.2070023051062, 43.8241792937552], [-72.2072384651873, 43.8242541292068], [-72.2073899742315, 43.8242338427762], [-72.2076166688187, 43.8241579707038], [-72.2082217220231, 43.8238841845475], [-72.2084279755807, 43.8238295392417], [-72.2085798291978, 43.8238842614761], [-72.2086647215083, 43.8240691781142], [-72.2086267217944, 43.8242120936336], [-72.2082213126904, 43.8244244697274], [-72.207890981768, 43.8246358296629], [-72.2073336849247, 43.8250395981261], [-72.2073056133817, 43.82523060129], [-72.2073531790645, 43.825346670668], [-72.2074378839068, 43.8253946126991], [-72.2076073060812, 43.8253674372331], [-72.2080230148056, 43.825155102325], [-72.2082687778361, 43.8250799541298], [-72.2086280531794, 43.8249247977113], [-72.2086043367694, 43.825262794734], [-72.2085750646513, 43.8254933636011], [-72.2085220129088, 43.8255844751221], [-72.2079738551169, 43.8260204593972], [-72.2076366147584, 43.8261426523215], [-72.2073104014102, 43.8262881500347], [-72.2071197772205, 43.826356768659], [-72.206877782632, 43.8264936773105], [-72.2068244181921, 43.8265856563356], [-72.2067199070542, 43.8269985674086], [-72.2066247314285, 43.8271356088819], [-72.2064986411068, 43.8271966502637], [-72.2063084893335, 43.8272422246445], [-72.2061473042735, 43.8273005217054], [-72.2060105596028, 43.8274095710984], [-72.2058483577893, 43.8274417721104], [-72.2056299625495, 43.8273785255371], [-72.2054287532657, 43.8273647004271], [-72.2052781567136, 43.8273028036002], [-72.2051593319069, 43.8271625407519]]]}}, {"type": "Feature", "properties": {}, "geometry": {"type": "Polygon", "coordinates": [[[-72.2039387235479, 43.8319395416115], [-72.2040369530586, 43.8318807851522], [-72.2042702020054, 43.8317829826308], [-72.2045345000555, 43.8317426999255], [-72.2049245145691, 43.8317726975927], [-72.2050507623457, 43.831812541269], [-72.2052713167944, 43.8319529821306], [-72.2054089756061, 43.8318848109599], [-72.2054105175956, 43.8318406801769], [-72.2054893771205, 43.8321836432544], [-72.2054682905786, 43.832250092703], [-72.2053337247155, 43.8326315818311], [-72.205270805825, 43.832905942998], [-72.2051485678032, 43.833097235482], [-72.204918292124, 43.8331215612594], [-72.2047958130005, 43.8331036925954], [-72.204449942748, 43.8330401651103], [-72.2042786346481, 43.8329531822536], [-72.2042576250927, 43.8329289671965], [-72.2044361177482, 43.8328257334526], [-72.2045367629589, 43.8326878431916], [-72.2045487021881, 43.8325096038614], [-72.2045297123204, 43.8324182124374], [-72.2044595124189, 43.8323729328368], [-72.2043138586039, 43.8323369267982], [-72.2039158515437, 43.8322823265631], [-72.2037881690123, 43.83223204016], [-72.2037757923253, 43.8321872039145], [-72.2039077918866, 43.8320263893554], [-72.2039387235479, 43.8319395416115]]]}}, {"type": "Feature", "properties": {}, "geometry": {"type": "Polygon", "coordinates": [[[-72.2177813225043, 43.8358886858807], [-72.2178434529564, 43.8357973859094], [-72.2178647188903, 43.8357050610723], [-72.2178312741757, 43.8354768569452], [-72.2177714929867, 43.8354131433915], [-72.2176824943223, 43.8353699729689], [-72.2175977857396, 43.8352785521837], [-72.2175972926975, 43.8352220208731], [-72.2178385772804, 43.8350183381151], [-72.2179125198402, 43.834926431595], [-72.2179437689666, 43.8348350145427], [-72.2179519980119, 43.8345802254044], [-72.2178244401498, 43.8344281988588], [-72.2178237792075, 43.8342707814905], [-72.2178441008579, 43.8342245480555], [-72.2178657888351, 43.8342396324146], [-72.2178876288532, 43.8341927515907], [-72.2179500249404, 43.8341477639253], [-72.2180134132947, 43.8341325660739], [-72.2180658780154, 43.834079279015], [-72.2181919691908, 43.8340182263536], [-72.2183725385154, 43.8339597702899], [-72.2185815255598, 43.8339481667764], [-72.2188979262044, 43.8338628290423], [-72.2190241743225, 43.8338628708886], [-72.2192291544179, 43.8339023453683], [-72.2192680027349, 43.8339307571856], [-72.2193948268251, 43.8339762426648], [-72.2195222810853, 43.8340597791182], [-72.2196287873615, 43.8341514994873], [-72.2197448974202, 43.8342958708535], [-72.219794371942, 43.8344030290729], [-72.2198315025461, 43.8347077796087], [-72.2199061245263, 43.8350194103436], [-72.220057644728, 43.8352489283812], [-72.2201732354723, 43.8353404651529], [-72.2203000092833, 43.8353933411442], [-72.2204269470777, 43.8354240410389], [-72.2206804436099, 43.8354539138662], [-72.2208072181113, 43.8355067892957], [-72.2209243308512, 43.8355976792993], [-72.2210622438767, 43.8357423500439], [-72.2211290157037, 43.8358443549071], [-72.2211059413394, 43.835894709763], [-72.2209157337126, 43.8359874862568], [-72.2207267761434, 43.8360333040442], [-72.2203462425389, 43.8360273051247], [-72.2202206742473, 43.8360579243084], [-72.2200934254563, 43.8361113653145], [-72.2197571097478, 43.8363105614513], [-72.2197078265038, 43.8363838648667], [-72.2196086993752, 43.8362352079176], [-72.219534440278, 43.8362049232981], [-72.2194081331489, 43.8362122749249], [-72.2191555284273, 43.8362667641496], [-72.2190283323576, 43.8363128124482], [-72.2189025576775, 43.8364127868541], [-72.2188462564553, 43.8365347666672], [-72.2187578737201, 43.8369858039891], [-72.2187163296369, 43.8370771832348], [-72.2185593576149, 43.8372611829549], [-72.218507519879, 43.8373525227072], [-72.2183540559637, 43.838131191303], [-72.2182697122029, 43.8383609077757], [-72.2182070047682, 43.8384067639229], [-72.2180808013124, 43.8383993282295], [-72.2179527594873, 43.8383536203398], [-72.2176997802682, 43.8382933056522], [-72.2175837136781, 43.8382248121108], [-72.2174561238326, 43.8380764795877], [-72.2173806837847, 43.837835939373], [-72.2173793721828, 43.8377672286898], [-72.2175239669202, 43.837125722288], [-72.217523127197, 43.8370339658985], [-72.2176044662579, 43.8367185747581], [-72.2176233595271, 43.8363722897975], [-72.2177813225043, 43.8358886858807]]]}}, {"type": "Feature", "properties": {}, "geometry": {"type": "Polygon", "coordinates": [[[-72.220275564141, 43.8789788588119], [-72.2204034223469, 43.8788116936], [-72.2204873442262, 43.8788113574612], [-72.220614210942, 43.8789040302677], [-72.2207309375635, 43.8790577656801], [-72.2208233168512, 43.8791024703358], [-72.2210029397345, 43.8790650945868], [-72.2211524956671, 43.8789962927992], [-72.2211869322337, 43.8790516520469], [-72.2212469337636, 43.8789664238254], [-72.221267694799, 43.8790276027752], [-72.221265444288, 43.8792113309811], [-72.2213865688944, 43.8794685854666], [-72.2212564135231, 43.8795770339017], [-72.2211929855419, 43.8795922333241], [-72.2211168473942, 43.8796467433631], [-72.2209083606238, 43.8799027575314], [-72.2205347292474, 43.8801627173052], [-72.2204510607722, 43.8801695779938], [-72.2200692123201, 43.8803512251674], [-72.2198577942359, 43.8804271853208], [-72.2197091729711, 43.8805331720631], [-72.2194645726595, 43.880796441564], [-72.2192328061052, 43.8808788477759], [-72.2192151669265, 43.8808052851062], [-72.2192276298015, 43.8805928918526], [-72.2193379283727, 43.880507636339], [-72.2193078232946, 43.880440115531], [-72.2192196768268, 43.8804378260837], [-72.2191737980196, 43.8804146033771], [-72.2191561162751, 43.8803882266762], [-72.2191481749087, 43.8802729526102], [-72.2193300373466, 43.8801786165857], [-72.2194101970824, 43.8801128164688], [-72.2194754877895, 43.8800091260124], [-72.2196145228329, 43.8798467860907], [-72.2196582452287, 43.8797095287072], [-72.2197193398514, 43.8795995162676], [-72.2200306224407, 43.8792069019698], [-72.220275564141, 43.8789788588119]]]}}, {"type": "Feature", "properties": {}, "geometry": {"type": "Polygon", "coordinates": [[[-72.1855265510699, 43.8607560895452], [-72.1858094920852, 43.8598577048612], [-72.186876007632, 43.8582908215583], [-72.1870307728499, 43.8581351087835], [-72.1873111993103, 43.8577498569265], [-72.1875662174734, 43.8573599362259], [-72.1876040780904, 43.8572428918173], [-72.187622251882, 43.8572425294428], [-72.1879170341207, 43.8567627514609], [-72.188231119232, 43.8559034143364], [-72.1882117073405, 43.8554010685312], [-72.1882426900753, 43.8553503131431], [-72.1882505717203, 43.8551546563179], [-72.1881425862088, 43.8550598583236], [-72.1880734534031, 43.8549536906976], [-72.1885603285447, 43.8548895430527], [-72.1887755550463, 43.8548245244966], [-72.1888942988768, 43.8546649701836], [-72.188920036874, 43.8545096094044], [-72.1889568436977, 43.8544497454552], [-72.1890573377891, 43.8544173149246], [-72.1891336910808, 43.8544128381865], [-72.1892927758203, 43.8544402187386], [-72.1894122471137, 43.8544991856803], [-72.1894509437332, 43.8545858780393], [-72.1894453371926, 43.8546449972054], [-72.1893573162088, 43.8547870622173], [-72.1892761805341, 43.8549785119696], [-72.1892407842696, 43.8552079793639], [-72.1893445773565, 43.8556869619784], [-72.1894110855183, 43.8562488554408], [-72.1894975057172, 43.8564692427644], [-72.1897347520218, 43.8564943261529], [-72.1899881012729, 43.8564344575172], [-72.1901768658759, 43.8563062741907], [-72.1904372550384, 43.8557674307466], [-72.1906177318307, 43.855966231816], [-72.1907614450641, 43.8563368741246], [-72.1907860321993, 43.8565644060079], [-72.1907237546199, 43.8567065768336], [-72.1904967773091, 43.8568804867503], [-72.1903454551962, 43.8570229533882], [-72.1902074020161, 43.8572511400929], [-72.1901858887505, 43.8577996381854], [-72.1900743017257, 43.8580511963594], [-72.1899038336609, 43.8582799078995], [-72.1895012540353, 43.8585233457934], [-72.1894452094307, 43.8587203328871], [-72.1892951367291, 43.8589352086885], [-72.1891434922854, 43.859118333739], [-72.1888945279685, 43.8593141149622], [-72.1887538111914, 43.8594159628378], [-72.1886291145308, 43.8594439464448], [-72.1886336078386, 43.8594891901582], [-72.18857064676, 43.8596404905155], [-72.1884333789175, 43.8598049722228], [-72.1878758967878, 43.8605696267099], [-72.1876933027946, 43.8608756929079], [-72.1876319021495, 43.861098535048], [-72.1875182321979, 43.8611100373803], [-72.1872894695751, 43.8610828097012], [-72.1871441029439, 43.8610422178189], [-72.1869477808209, 43.8610107707025], [-72.1866700712153, 43.8610846683308], [-72.1864686919769, 43.8611577874843], [-72.1863174470816, 43.8612493710594], [-72.1861142105531, 43.8613276991209], [-72.1859624597965, 43.8614062344074], [-72.1857801040673, 43.8616031480758], [-72.1857064682201, 43.8617626655095], [-72.1857741706077, 43.8618583928058], [-72.1854920359564, 43.8619555359149], [-72.1852674450706, 43.8620142080356], [-72.1852905372835, 43.8617722960924], [-72.1852516070473, 43.8615994970683], [-72.1854002068137, 43.8613815737267], [-72.1854470743158, 43.8612754370118], [-72.1854775375161, 43.8611755399716], [-72.185462619559, 43.8610691544318], [-72.1855265510699, 43.8607560895452]]]}}, {"type": "Feature", "properties": {}, "geometry": {"type": "Polygon", "coordinates": [[[-72.1801785628837, 43.8729289385872], [-72.1802326581249, 43.8727917364202], [-72.1802448985265, 43.8726995922343], [-72.1802132104881, 43.8726077048358], [-72.1801310616537, 43.8725380071026], [-72.1802565803546, 43.8724861150981], [-72.1805751174433, 43.8723123722801], [-72.1807670411963, 43.8721755128177], [-72.1808733571263, 43.8720617898013], [-72.1815585723644, 43.8714853153887], [-72.1818232684997, 43.8711082638569], [-72.1823095971168, 43.870012173267], [-72.1824430297987, 43.8698007119344], [-72.1824712550108, 43.8697938684673], [-72.1829946457221, 43.8698770918405], [-72.1831820567782, 43.8699661307951], [-72.1832974064595, 43.8700511811427], [-72.1833804869083, 43.8702339471271], [-72.1834095830914, 43.870463244802], [-72.1833885708562, 43.8705547012806], [-72.1833567052335, 43.8706006698834], [-72.1832076228872, 43.8707222659859], [-72.1831806552683, 43.8707617312417], [-72.1828821112403, 43.8708216223495], [-72.1827413424685, 43.8708873721453], [-72.1826979693148, 43.8709330751658], [-72.1827617669514, 43.8710253098051], [-72.1828242278951, 43.8710562224577], [-72.1830141021913, 43.8711022183268], [-72.1830452414599, 43.8711486583142], [-72.1830336246055, 43.8713547429594], [-72.1829588706473, 43.8714233677866], [-72.1829263465059, 43.8715145615912], [-72.1826689647804, 43.8719253481926], [-72.1826045748864, 43.8720625088807], [-72.1825274549612, 43.8723546510645], [-72.1824555500048, 43.8729466639271], [-72.182470146399, 43.8729780344073], [-72.1822811662158, 43.8731644831811], [-72.1821053325515, 43.8731044099674], [-72.18169961336, 43.873077976795], [-72.1814858526819, 43.8731025486565], [-72.180925823913, 43.8732448722831], [-72.1807485445558, 43.8733298221571], [-72.1803265873532, 43.8734031239389], [-72.1800383921523, 43.8733399810236], [-72.1799964048103, 43.8732480506755], [-72.1801785628837, 43.8729289385872]]]}}, {"type": "Feature", "properties": {}, "geometry": {"type": "Polygon", "coordinates": [[[-72.176168155866, 43.8691869681654], [-72.1762517722945, 43.869299509376], [-72.1761593263918, 43.8694972161685], [-72.1756321967852, 43.870074960847], [-72.175194961163, 43.8706609014431], [-72.1748833716925, 43.8713680370225], [-72.1747331796509, 43.8714746163019], [-72.174649253692, 43.8715147147891], [-72.1744991350921, 43.8717258831643], [-72.1741988077492, 43.8722351941116], [-72.1740054692978, 43.8725096775352], [-72.17381548014241, 43.872972723871726], [-72.17335883799738, 43.872847748390896], [-72.1734122859966, 43.872780990737], [-72.1734128335849, 43.8726746649169], [-72.1733617656925, 43.872582912901], [-72.1732890849078, 43.8723529973632], [-72.1731765034494, 43.8721879324725], [-72.1732079786169, 43.8720780372564], [-72.1732713533016, 43.8719943668215], [-72.1735720975772, 43.8717368535014], [-72.1740058574405, 43.8713992184964], [-72.1743279742172, 43.8710058927981], [-72.1745943004816, 43.8705051390653], [-72.1748181309741, 43.8701668565391], [-72.1754583453544, 43.8694636811079], [-72.1757030915942, 43.8693124795394], [-72.175830011951, 43.869274731242], [-72.1760198721581, 43.8692448509969], [-72.176168155866, 43.8691869681654]]]}}, {"type": "Feature", "properties": {}, "geometry": {"type": "Polygon", "coordinates": [[[-72.1688100851318, 43.8712148712158], [-72.1685168341178, 43.8708046505204], [-72.1681368478007, 43.869994416049], [-72.1680483350698, 43.8696644113098], [-72.1680492987148, 43.8692823781303], [-72.1681796746465, 43.869005211546295], [-72.16882262391866, 43.86857580992005], [-72.1698238632182, 43.8682547459922], [-72.1707255014671, 43.8680438711969], [-72.17137536906665, 43.8678209503675], [-72.17140234763428, 43.86781501960344], [-72.17142882866072, 43.86780261239057], [-72.1714526657767, 43.867794435664], [-72.1742366442709, 43.866737649742], [-72.1748352178569, 43.8665811647398], [-72.1754079380058, 43.8664754514169], [-72.1757487250469, 43.8664344500921], [-72.1771565125511, 43.8664850102123], [-72.1776380675678, 43.8664541466215], [-72.1779409976257, 43.8664506017578], [-72.1788265144717, 43.8663570226084], [-72.1793376654647, 43.8663371466503], [-72.1793251151988, 43.8664301576705], [-72.1793597454728, 43.8666475183491], [-72.1794910525803, 43.8667817766147], [-72.1797641282782, 43.8668763871669], [-72.1803210606332, 43.866966716051], [-72.1805171562666, 43.8669518582081], [-72.1806623023189, 43.866906351817], [-72.1807820144306, 43.8668598713437], [-72.1810674587041, 43.8666920831071], [-72.1810356496658, 43.8668463335328], [-72.1810192731955, 43.8671561151775], [-72.1809818421736, 43.8672936006353], [-72.1808504802435, 43.8675498601787], [-72.1805611331049, 43.8678659247259], [-72.1802737262567, 43.868281364368], [-72.1799399641185, 43.8686207308774], [-72.1797088373482, 43.8690048715428], [-72.1794610830248, 43.8692693535513], [-72.1790974384668, 43.8698623474498], [-72.1788622685827, 43.8701818912469], [-72.1787763035954, 43.8703650587365], [-72.1787752210954, 43.8705018228611], [-72.1789427909863, 43.8706862414527], [-72.1789835650405, 43.8707779494346], [-72.1789615734109, 43.8709154986052], [-72.1788327804905, 43.871189815772], [-72.1786391117097, 43.8715086599952], [-72.178525099303, 43.8717523789214], [-72.1781448031652, 43.8723413892138], [-72.1779480803606, 43.8725097533328], [-72.1777244056455, 43.8725621127921], [-72.1775027661184, 43.8728545315978], [-72.177423397594, 43.8728926944123], [-72.1773024179522, 43.8729065496271], [-72.1774045018616, 43.8726782213754], [-72.1775283354925, 43.8721901429943], [-72.1776004212179, 43.8720386652641], [-72.1778559628479, 43.8716728898636], [-72.1780594256205, 43.8714567174302], [-72.1782307151821, 43.8711717020137], [-72.1783496382566, 43.8708816899668], [-72.1783501197682, 43.8707827583153], [-72.1783185521024, 43.8706760846812], [-72.1783582829138, 43.8705936203759], [-72.178373873168, 43.8704993158362], [-72.1783259021799, 43.8704747657444], [-72.1782465215746, 43.8704768345749], [-72.1782116737013, 43.8705166997735], [-72.1781310516024, 43.8705222414441], [-72.1780040154377, 43.8705747779817], [-72.1778568112054, 43.8706874619676], [-72.1777052905937, 43.8709242846738], [-72.1775965416183, 43.8711532385554], [-72.1773654215354, 43.871533679929], [-72.1771071569937, 43.8721275370812], [-72.1770291884057, 43.8724472875828], [-72.1769954978665, 43.8727224282367], [-72.1769163136154, 43.8728901847085], [-72.1766602859275, 43.8731633266979], [-72.176075318474, 43.87359765718234], [-72.17546679805393, 43.873428931688146], [-72.1754762223669, 43.8734176596383], [-72.1755720726216, 43.8733260768165], [-72.1759229830598, 43.873083331092], [-72.176082322795, 43.8728932902208], [-72.1765854732224, 43.8722093327295], [-72.1768783229817, 43.8718763282209], [-72.1769982900674, 43.8716846024374], [-72.1770557832995, 43.8715017552686], [-72.1772381996253, 43.8711132861306], [-72.1774196466564, 43.8705793472987], [-72.1778109340575, 43.8697498983865], [-72.1779514213776, 43.869337993026], [-72.1779426214604, 43.8692253235975], [-72.1779088027618, 43.8692117051373], [-72.1778583855919, 43.8691904077937], [-72.1775797919634, 43.869255804846], [-72.177433757977, 43.8694121971511], [-72.1773701518284, 43.8694495536203], [-72.177243234006, 43.8694873036344], [-72.1771161948793, 43.8694639528883], [-72.1770432594922, 43.8693792889915], [-72.1770336230127, 43.8693340219298], [-72.1769280961942, 43.8692720552227], [-72.1768497913653, 43.8692530355806], [-72.1766845572675, 43.8693475959182], [-72.1766302195441, 43.8694384801406], [-72.1766194959696, 43.8695299771579], [-72.1767614048141, 43.8698549763852], [-72.1767004833955, 43.8703546162692], [-72.1766370058196, 43.8706807318053], [-72.1762677918162, 43.8711699778698], [-72.1761058488594, 43.8714974285406], [-72.1761051859785, 43.8715426538162], [-72.176019212523, 43.8717258191617], [-72.176018182119, 43.871779305505], [-72.1758459973609, 43.8721752073344], [-72.1757825665586, 43.8722662720435], [-72.1756652776576, 43.8723492874068], [-72.1752839298167, 43.8724966679323], [-72.1751656960395, 43.8726220791371], [-72.1751240739784, 43.8727134501605], [-72.1750734795933, 43.8728661026254], [-72.1750782016828, 43.8730335492969], [-72.1749724214222, 43.8731168301067], [-72.1747809702986, 43.8732306330337], [-72.17477550433128, 43.87323725549924], [-72.1742769858221, 43.873099030422395], [-72.17381548014241, 43.872972723871726], [-72.1740054692978, 43.8725096775352], [-72.1741988077492, 43.8722351941116], [-72.1744991350921, 43.8717258831643], [-72.174649253692, 43.8715147147891], [-72.1747331796509, 43.8714746163019], [-72.1748833716925, 43.8713680370225], [-72.175194961163, 43.8706609014431], [-72.1756321967852, 43.870074960847], [-72.1761593263918, 43.8694972161685], [-72.1762517722945, 43.869299509376], [-72.176168155866, 43.8691869681654], [-72.1760198721581, 43.8692448509969], [-72.175830011951, 43.869274731242], [-72.1757030915942, 43.8693124795394], [-72.1754583453544, 43.8694636811079], [-72.1748181309741, 43.8701668565391], [-72.1745943004816, 43.8705051390653], [-72.1743279742172, 43.8710058927981], [-72.1740058574405, 43.8713992184964], [-72.1735720975772, 43.8717368535014], [-72.1732713533016, 43.8719943668215], [-72.1732079786169, 43.8720780372564], [-72.1731765034494, 43.8721879324725], [-72.1732890849078, 43.8723529973632], [-72.1733617656925, 43.872582912901], [-72.1734128335849, 43.8726746649169], [-72.1734122859966, 43.872780990737], [-72.17335883799738, 43.872847748390896], [-72.1691983361794, 43.871709087141866], [-72.1688180590721, 43.8712277945127], [-72.1688100851318, 43.8712148712158]]]}}, {"type": "Feature", "properties": {}, "geometry": {"type": "Polygon", "coordinates": [[[-72.182187482421, 43.8749453702194], [-72.1822218106411, 43.874625002779], [-72.1821767729949, 43.8743428000179], [-72.1822300578534, 43.8738463835039], [-72.1822728837219, 43.8737552326404], [-72.1822835994454, 43.8736637351366], [-72.1823878527223, 43.8734654178792], [-72.1823613035289, 43.8732976633399], [-72.1822811662158, 43.8731644831811], [-72.182470146399, 43.8729780344073], [-72.1826593755899, 43.8730294644731], [-72.182955307706, 43.8729950027765], [-72.1835593624911, 43.8727617419494], [-72.1837501879987, 43.8726098718581], [-72.183825427924, 43.8725181983401], [-72.1839007716611, 43.8723358541874], [-72.1839130537769, 43.8721604304431], [-72.1838926282163, 43.8720224916066], [-72.1838259209154, 43.8717215043128], [-72.183665566714, 43.8714264441712], [-72.1836575377883, 43.871098297229], [-72.1836177252664, 43.8709604987224], [-72.1835227199181, 43.8708690078673], [-72.1833965273255, 43.8708143547991], [-72.1831806552683, 43.8707617312417], [-72.1832076228872, 43.8707222659859], [-72.1833567052335, 43.8706006698834], [-72.1833885708562, 43.8705547012806], [-72.1834095830914, 43.870463244802], [-72.1833804869083, 43.8702339471271], [-72.1832974064595, 43.8700511811427], [-72.1831820567782, 43.8699661307951], [-72.1829946457221, 43.8698770918405], [-72.1824712550108, 43.8697938684673], [-72.1824979605274, 43.8697876704898], [-72.1824733850766, 43.8697155987559], [-72.1825947544944, 43.8695741045771], [-72.1826490852391, 43.8694832174993], [-72.1826987872489, 43.8694414528712], [-72.1832018997924, 43.8695996108766], [-72.1835026083124, 43.8697649930682], [-72.1837432066709, 43.8698314143327], [-72.183870366228, 43.8698399734288], [-72.1839957136537, 43.8698861421452], [-72.1843005210645, 43.8701087242732], [-72.1845517735766, 43.8703621839377], [-72.1846777345626, 43.8704464071358], [-72.184802717653, 43.8705008360713], [-72.1850563216198, 43.8705705685594], [-72.1851834810002, 43.8705791261931], [-72.1854466444506, 43.8705497458122], [-72.1856909608798, 43.8704900645123], [-72.185817220027, 43.8704975318818], [-72.1858483611644, 43.8705439711158], [-72.1858364396144, 43.8706352477113], [-72.1856352666013, 43.8707944718244], [-72.1851050795116, 43.8709978141172], [-72.1849989466956, 43.8710893625712], [-72.184811604026, 43.8719581440289], [-72.1846733006922, 43.8723278840091], [-72.1845979062608, 43.872362153216], [-72.1844157579051, 43.8726053847483], [-72.1842241489485, 43.8727413792835], [-72.1839805211282, 43.8728280240423], [-72.1837243108053, 43.8731668465066], [-72.1830761689864, 43.8736899923093], [-72.1829197530188, 43.873857440267], [-72.182779981976, 43.8742963209254], [-72.1827497018926, 43.874757169689], [-72.1828106661646, 43.8749405017566], [-72.1828521068469, 43.8749869844207], [-72.1829677149484, 43.8750785596462], [-72.1831053085043, 43.8751482628143], [-72.1831177769106, 43.8751422249152], [-72.1832301929147, 43.8752933653845], [-72.1832515853744, 43.8753852121184], [-72.18317798629533, 43.875550874976014], [-72.18317619494422, 43.875550382878856], [-72.18315134642732, 43.87554356367082], [-72.18222049278904, 43.87528788993605], [-72.1822202645224, 43.8752836227543], [-72.182187482421, 43.8749453702194]]]}}, {"type": "Feature", "properties": {}, "geometry": {"type": "Polygon", "coordinates": [[[-72.1786814842704, 43.874190945683], [-72.1787224545408, 43.874105006967], [-72.178945981607, 43.8739952421323], [-72.1790821481547, 43.874014713932], [-72.1792085942986, 43.8740758949415], [-72.1792500315782, 43.8741223789085], [-72.1792908084163, 43.8742140867342], [-72.1793002660275, 43.8743972100349], [-72.1793732087451, 43.874481873846], [-72.1794360404789, 43.8745045258582], [-72.1795315249292, 43.8744970870469], [-72.179775556639, 43.8743226073849], [-72.1799026582441, 43.8742626774987], [-72.1800937993146, 43.8742256204825], [-72.180289857906, 43.8742181559557], [-72.1808476044731, 43.8743280561562], [-72.1809157610655, 43.8743285502432], [-72.1810422686304, 43.8743823363877], [-72.1811682899985, 43.8744591705593], [-72.1812940683952, 43.8746053662443], [-72.1814396130947, 43.8748190483448], [-72.1814996811844, 43.875089907581525], [-72.18144849316728, 43.875075847979694], [-72.18134984771983, 43.87504848169365], [-72.17895277924659, 43.874390322100396], [-72.17889849128673, 43.87437468884733], [-72.17867271418879, 43.874310063133144], [-72.1786814842704, 43.874190945683]]]}}, {"type": "Feature", "properties": {}, "geometry": {"type": "Polygon", "coordinates": [[[-72.234680477457, 43.8791988817531], [-72.2346295542545, 43.8791173716042], [-72.2344010524384, 43.8790421710442], [-72.234197060883, 43.8790140275061], [-72.2342506639252, 43.8788887594572], [-72.2344201558768, 43.8786986849146], [-72.2344840997091, 43.8786530382399], [-72.2345486680571, 43.8785621672778], [-72.2346229832655, 43.8783787003736], [-72.2346130310007, 43.8782871218969], [-72.2344356157424, 43.8780575084302], [-72.2341518332107, 43.8777898877097], [-72.234028118328, 43.8775071961678], [-72.2340181671131, 43.877415617628], [-72.2341255249155, 43.8771863932635], [-72.2342312922709, 43.8770956731463], [-72.2345041013166, 43.8769883865793], [-72.2345481028215, 43.8770205106094], [-72.2346751245454, 43.8770512002939], [-72.2350434963512, 43.8770956001192], [-72.2351179166023, 43.8770676041294], [-72.2352439371908, 43.8770684994644], [-72.2355400420619, 43.8770080454914], [-72.2357946518897, 43.8768178451487], [-72.2358798181072, 43.8767270477431], [-72.2359544045505, 43.8765898975589], [-72.2360501251571, 43.8765056623716], [-72.2362384925457, 43.8764291577313], [-72.2364409849346, 43.8764542495047], [-72.2367387454123, 43.8765449189629], [-72.236777772131, 43.876638125265], [-72.2367751208496, 43.8771419248263], [-72.2368580422482, 43.8773255289173], [-72.2369209469482, 43.8773407621079], [-72.2369624255972, 43.8773872280396], [-72.2370584265048, 43.8773493068654], [-72.2374184667304, 43.8770294581075], [-72.2375454167169, 43.8769842568157], [-72.2376729045847, 43.8769918961269], [-72.2377995131713, 43.8770382350935], [-72.2378933596794, 43.8771766518528], [-72.2379747315068, 43.8774515735118], [-72.2379727719933, 43.8777722919956], [-72.2378987768726, 43.8779548899183], [-72.2378239140805, 43.8780457265106], [-72.2377079540205, 43.8781216264787], [-72.2371355972439, 43.8784330942671], [-72.2370298319068, 43.878523817056], [-72.2365818880592, 43.8791486337778], [-72.2363085555823, 43.8792863651584], [-72.2360421104134, 43.8793069207178], [-72.2357252225574, 43.8793061995957], [-72.2352826563695, 43.8792130405394], [-72.2350715005206, 43.8792122699597], [-72.2348388123626, 43.8792575171105], [-72.2346865117896, 43.8793304551605], [-72.2346980026621, 43.879290922186], [-72.234680477457, 43.8791988817531]]]}}, {"type": "Feature", "properties": {}, "geometry": {"type": "Polygon", "coordinates": [[[-72.2442966359775, 43.8792421772965], [-72.2441148106733, 43.8792495711454], [-72.2441430322521, 43.8791557374637], [-72.2440112400011, 43.879069593795], [-72.2439861842876, 43.8789262102109], [-72.2440862762414, 43.8786919509691], [-72.2441064641343, 43.8785772141037], [-72.244092867471, 43.8785719465382], [-72.2442301690008, 43.8785193834803], [-72.2443989349684, 43.8782986334062], [-72.2445979848602, 43.8782971728749], [-72.2449146392802, 43.8783746283924], [-72.2450157873139, 43.87842369687], [-72.2452506621913, 43.8786730724537], [-72.2452794281524, 43.8788060319887], [-72.2452069914994, 43.8788103383746], [-72.2450800433879, 43.8788555467614], [-72.244919774882, 43.879030664974], [-72.2447612816412, 43.8791681736083], [-72.2446343304898, 43.8792133814901], [-72.2444230723707, 43.8792274097429], [-72.244413081683, 43.8792699931315], [-72.2442966359775, 43.8792421772965]]]}}, {"type": "Feature", "properties": {}, "geometry": {"type": "Polygon", "coordinates": [[[-72.2489416346157, 43.8790134728647], [-72.2488570190075, 43.8790266525661], [-72.2488363133211, 43.8789978774415], [-72.2488372379743, 43.8789517832636], [-72.2488793620421, 43.8789058358778], [-72.2488715824539, 43.8785398546849], [-72.2488295011299, 43.8784479452622], [-72.2488189325492, 43.8783109201677], [-72.2488754961241, 43.8781917467166], [-72.2489304978788, 43.8781675889325], [-72.249052633909, 43.878204768765], [-72.249105345312, 43.8782051742029], [-72.2492321881232, 43.878174747111], [-72.2495598848987, 43.8781450330436], [-72.249897833994, 43.8781662350403], [-72.2501930159677, 43.8782388179341], [-72.2504347436736, 43.8783312150555], [-72.2505098618301, 43.8783773613782], [-72.2504973776127, 43.8784305898906], [-72.2505394634353, 43.8785224987096], [-72.2507592936077, 43.8787598525397], [-72.2507792799575, 43.8788051499564], [-72.2507477807402, 43.8789807314771], [-72.2507886550583, 43.879072418168], [-72.2507807807298, 43.8791163131975], [-72.2506298861728, 43.8791636173418], [-72.2505020180148, 43.8792549245439], [-72.2503157828969, 43.8794632262604], [-72.2500242033593, 43.879703119387], [-72.2499605548303, 43.8797950881734], [-72.2498229810402, 43.8799318071974], [-72.2496431453073, 43.8800459788396], [-72.2495150379698, 43.8800835772195], [-72.2494726758707, 43.8800758157228], [-72.2494324275208, 43.8800693681245], [-72.2494423782888, 43.879900016143], [-72.2491205358918, 43.8791665325456], [-72.2490475526341, 43.8790745145866], [-72.2489416346157, 43.8790134728647]]]}}, {"type": "Feature", "properties": {}, "geometry": {"type": "Polygon", "coordinates": [[[-72.2458260720242, 43.8808428004951], [-72.245953154668, 43.8808660861695], [-72.246079623426, 43.8809345974299], [-72.2461977513523, 43.8811570266709], [-72.2461184762518, 43.8814922566924], [-72.2460462220705, 43.8816446433434], [-72.2458483158683, 43.8823532321258], [-72.2457846600184, 43.8824452013382], [-72.2457310216759, 43.8824908898935], [-72.2456777411555, 43.8825283171211], [-72.2455623986586, 43.8825589978899], [-72.2454987904274, 43.8825131088365], [-72.2452047531869, 43.8824046399281], [-72.2450673666298, 43.8823813177849], [-72.2449511969073, 43.8823128424702], [-72.24491032742, 43.8822211523492], [-72.244899150363, 43.8821293513015], [-72.2449456510692, 43.8817159437033], [-72.2452763647206, 43.8811232923806], [-72.2453606213335, 43.8810313988673], [-72.2455418312602, 43.8808952760306], [-72.2456165857589, 43.880862709068], [-72.2456469716739, 43.8808497711008], [-72.2458260720242, 43.8808428004951]]]}}, {"type": "Feature", "properties": {}, "geometry": {"type": "Polygon", "coordinates": [[[-72.2437755727195, 43.8813701488831], [-72.243901445324, 43.881393214739], [-72.2439650530817, 43.881439104689], [-72.2439859365361, 43.8814854951757], [-72.2439845722245, 43.8816379169618], [-72.2438556870233, 43.8820038451825], [-72.2438549399915, 43.8821110412553], [-72.2439381969995, 43.8822937745167], [-72.2439796825879, 43.8823402378783], [-72.2441057901757, 43.8824170125951], [-72.2444223597632, 43.8825092552268], [-72.2445292309433, 43.8825205098493], [-72.2445257575196, 43.8828455745137], [-72.2444830101524, 43.8829367473497], [-72.244440879853, 43.8829826944738], [-72.2443135111894, 43.8830435561267], [-72.2437562080641, 43.8831496265368], [-72.2436806265461, 43.8830830353993], [-72.24359868206, 43.8829292271848], [-72.2434678879745, 43.8828293862746], [-72.2432807244623, 43.8826017041383], [-72.2432092637446, 43.8824220570561], [-72.2430310379537, 43.8821293918998], [-72.2428998349591, 43.8818277629261], [-72.2428656390873, 43.8816919569215], [-72.2431243665197, 43.8815626388831], [-72.2432044801494, 43.8815440094721], [-72.2434592150107, 43.8814222870512], [-72.243649184722, 43.8813775228249], [-72.2437755727195, 43.8813701488831]]]}}, {"type": "Feature", "properties": {}, "geometry": {"type": "Polygon", "coordinates": [[[-72.2465049290376, 43.8827798067697], [-72.2467265657623, 43.8824937911224], [-72.2469597292434, 43.8820738715768], [-72.2470121805764, 43.8819807757554], [-72.2472344398306, 43.8819104638391], [-72.2478058966451, 43.8819022787481], [-72.2479441813299, 43.8818832005971], [-72.2480835211121, 43.8818430341014], [-72.2482480996499, 43.8818333992864], [-72.2481625635377, 43.8819796517883], [-72.2481622343157, 43.8820711937161], [-72.2481928077996, 43.8821628445218], [-72.2482449064309, 43.8822084760883], [-72.2483715303927, 43.8822548061499], [-72.2486250588401, 43.8822633168156], [-72.2491530435604, 43.8821888692812], [-72.2493217942425, 43.8821892508204], [-72.2493852198406, 43.8821740371925], [-72.2496387985024, 43.8821751527228], [-72.2499674474182, 43.8822298086373], [-72.2498104187718, 43.8822870915235], [-72.2494935993006, 43.8823622906564], [-72.2490446522491, 43.8828379844392], [-72.2489695207536, 43.88301297731], [-72.2488566037648, 43.8830875943693], [-72.2487516910949, 43.8830998335526], [-72.2486272545936, 43.8830872138702], [-72.2483812634048, 43.8829958850681], [-72.2478308078656, 43.8829015146679], [-72.2476426615885, 43.8829012793566], [-72.2473552725748, 43.8829698378557], [-72.2471327286458, 43.8830808115409], [-72.2469536301254, 43.8832617368573], [-72.2468781063317, 43.8834051979011], [-72.2468446076194, 43.8835174966572], [-72.2467588328478, 43.8836535264427], [-72.2467965743566, 43.8839787386908], [-72.246757871352, 43.8840549229795], [-72.2466578489944, 43.884060655621], [-72.2465126027558, 43.8839905550351], [-72.2464831886051, 43.8839065173543], [-72.2464378360031, 43.8838491684925], [-72.2464461749819, 43.8836952476096], [-72.246480317837, 43.8835775164042], [-72.246472149202, 43.8834446296988], [-72.2464518790927, 43.883396502838], [-72.2463069182527, 43.8833292293081], [-72.2460646663904, 43.8833107523192], [-72.2459554998555, 43.8832805734768], [-72.2458974809865, 43.8832588392763], [-72.2458564294147, 43.8831930238835], [-72.2458007003654, 43.883190216687], [-72.2460866745376, 43.8830640338144], [-72.2465049290376, 43.8827798067697]]]}}, {"type": "Feature", "properties": {}, "geometry": {"type": "Polygon", "coordinates": [[[-72.2619438986247, 43.8547292223056], [-72.261804055256, 43.8547637458181], [-72.2616756051226, 43.854860493114], [-72.261629382959, 43.8547983652775], [-72.2617397337223, 43.854690900694], [-72.2617613414081, 43.8545394272463], [-72.2616563317647, 43.8543018465144], [-72.2614913189012, 43.8541605986653], [-72.2613753773174, 43.8537470808662], [-72.2612837502039, 43.8535915190775], [-72.2612985211766, 43.8533758792223], [-72.2613681341782, 43.853111072144], [-72.2616215533498, 43.8526227297351], [-72.2616225654, 43.8525618535695], [-72.2617280028027, 43.852373923017], [-72.2617636101383, 43.8522120606597], [-72.2621064704049, 43.8522952162911], [-72.2621854317978, 43.8523522368283], [-72.2623484536164, 43.8525643596192], [-72.262548588151, 43.8526611536859], [-72.2626760820891, 43.8526613749174], [-72.2632134006215, 43.8526034323712], [-72.2636568211335, 43.8526393128152], [-72.2637517088594, 43.8526696436766], [-72.2638571431283, 43.8527537177545], [-72.2638774280947, 43.8528453252952], [-72.2638565762465, 43.8529293985501], [-72.2638650226774, 43.8530253145058], [-72.2637987630762, 43.8530159549203], [-72.2637557616265, 43.8530608149001], [-72.2634762445034, 43.8532418421332], [-72.2634229237415, 43.853562368939], [-72.2634389376066, 43.853840081737], [-72.2634429255428, 43.8539231543872], [-72.2638226068463, 43.8547078627375], [-72.2638318426341, 43.8547761671734], [-72.2639058832911, 43.8548905739362], [-72.2638952803333, 43.8549820754355], [-72.2637856229144, 43.8550767164704], [-72.2635103420151, 43.8551660026597], [-72.2632338515341, 43.8551643993426], [-72.2626627589735, 43.8549256490881], [-72.2625456926098, 43.8548597996063], [-72.2620915831226, 43.8547451695437], [-72.2619438986247, 43.8547292223056]]]}}, {"type": "Feature", "properties": {}, "geometry": {"type": "Polygon", "coordinates": [[[-72.262133455692, 43.8550044909814], [-72.262260446941, 43.8550351528661], [-72.2623868838716, 43.8551036449109], [-72.262459860559, 43.8551956519097], [-72.262509105944, 43.8554850050374], [-72.2624907087489, 43.8557906490292], [-72.2625436233765, 43.8559391202564], [-72.2626902575495, 43.8561574918202], [-72.2628166953966, 43.8562259833784], [-72.2630706352102, 43.8562946970115], [-72.2632817204406, 43.8562954241358], [-72.2633019064032, 43.8564018175774], [-72.263301746564, 43.8566525150805], [-72.2634708687632, 43.8569055347192], [-72.2634696464501, 43.8570431646076], [-72.2634069519551, 43.8570890454361], [-72.2632840186323, 43.8571303687486], [-72.2632376081375, 43.8570506298388], [-72.2629848768036, 43.8569821370712], [-72.2627314904057, 43.8569662612911], [-72.2626057535042, 43.8569284303079], [-72.262288378497, 43.8567444763422], [-72.2622469451238, 43.8566906279042], [-72.2619109245706, 43.8554022739184], [-72.2619111983152, 43.8552709465705], [-72.261943004358, 43.8551342930705], [-72.2620169082073, 43.8550423568426], [-72.262133455692, 43.8550044909814]]]}}, {"type": "Feature", "properties": {}, "geometry": {"type": "Polygon", "coordinates": [[[-72.2722224100032, 43.8591001086183], [-72.2724431485154, 43.8593856896825], [-72.2726113966454, 43.8595469399724], [-72.2727869357588, 43.8596586401506], [-72.2729106993957, 43.8598145208083], [-72.2730649633681, 43.8600768303394], [-72.2731446889388, 43.8602514792181], [-72.2734549459575, 43.8606515135101], [-72.2735594418758, 43.8608362480888], [-72.273613735119, 43.8610099433653], [-72.2736269377321, 43.8613537500705], [-72.2736458168288, 43.861431219442], [-72.2737927291131, 43.8617069844944], [-72.2738213039266, 43.861876896364], [-72.2738075589202, 43.8619409931257], [-72.2737632299671, 43.8620041166427], [-72.2733949727552, 43.8622753228735], [-72.2734004508961, 43.8620857393302], [-72.2733801502231, 43.8619941307813], [-72.2732956307984, 43.8618112020432], [-72.2732223229001, 43.861720067702], [-72.2730326635114, 43.8615900566244], [-72.27277884431, 43.8614520001009], [-72.2726631382097, 43.8613605068575], [-72.27246336772, 43.8610630354394], [-72.2723813265686, 43.8608259746383], [-72.2723106590622, 43.8601469102991], [-72.2722303304889, 43.8598796323463], [-72.2720675986215, 43.8596157719025], [-72.2719959838391, 43.8593130803016], [-72.272009331367, 43.8592174560429], [-72.2720550576117, 43.8591721666999], [-72.2721249858702, 43.8591313076934], [-72.2722224100032, 43.8591001086183]]]}}, {"type": "Feature", "properties": {}, "geometry": {"type": "Polygon", "coordinates": [[[-72.2652604075368, 43.8599644293786], [-72.2654769778614, 43.860417650061], [-72.2655181850001, 43.8605519467797], [-72.2656603917761, 43.8610294830293], [-72.2658493773031, 43.8613499741342], [-72.2659442519512, 43.8616125230852], [-72.2659281200932, 43.8620351594681], [-72.265848390436, 43.8622740634634], [-72.2657529778495, 43.8625026944287], [-72.2656577980204, 43.8626508758627], [-72.2655642046631, 43.8626966522753], [-72.2655127048951, 43.862743658325], [-72.2653609580493, 43.8624706938359], [-72.2651922113307, 43.8622492034777], [-72.2646655227119, 43.8617910029054], [-72.2645704959768, 43.861688483352], [-72.2644544856063, 43.8613258412923], [-72.2642979180444, 43.8610048072155], [-72.2643084729446, 43.8609206958882], [-72.2644775866268, 43.8606768820581], [-72.2648363999837, 43.86041784551], [-72.2652168252141, 43.8600508187034], [-72.2652604075368, 43.8599644293786]]]}}, {"type": "Feature", "properties": {}, "geometry": {"type": "Polygon", "coordinates": [[[-72.264211135958, 43.8592106867246], [-72.2643005287608, 43.8592492622674], [-72.2643735114757, 43.8593412693975], [-72.26439556712, 43.8594859366415], [-72.2643834946241, 43.8596613642819], [-72.2644464710845, 43.860028172434], [-72.2644362149232, 43.8602492656179], [-72.2642914766621, 43.8605623079762], [-72.2640437118996, 43.8608823884501], [-72.2639487529447, 43.8610879707222], [-72.2639481861313, 43.8612636554806], [-72.2639902787476, 43.8613555568257], [-72.2642478485044, 43.8617006396393], [-72.2644009478982, 43.861951648747], [-72.2650258539763, 43.8626702371147], [-72.2652444858864, 43.8628601542441], [-72.2653394390399, 43.8628830922547], [-72.2653535523499, 43.8629014062002], [-72.2652785064619, 43.8629820338973], [-72.2650096890417, 43.8634157641699], [-72.2649287300052, 43.8636109593433], [-72.2649520713075, 43.863744762387], [-72.2644636145756, 43.8640022677402], [-72.2643774361041, 43.8637986702247], [-72.2641656822697, 43.8635313688742], [-72.2642855756006, 43.8634478516221], [-72.2644029379754, 43.8633351886802], [-72.2645810160316, 43.8628376580791], [-72.2645853316343, 43.8625534863417], [-72.2645163797317, 43.8623558196561], [-72.2643789370444, 43.8622094492825], [-72.2642535248426, 43.8621670544942], [-72.2640735599893, 43.86203880224], [-72.2639753844088, 43.861908874961], [-72.2637122097591, 43.8616774907628], [-72.263565808088, 43.8616034939991], [-72.2634195790616, 43.861503623931], [-72.2633568175771, 43.8614227402875], [-72.2632740779648, 43.8612493778174], [-72.263313649486, 43.8610836124648], [-72.2634177854914, 43.860910241791], [-72.2635442073975, 43.8608010903273], [-72.2637544844274, 43.8601077663807], [-72.2639262650652, 43.859736764204], [-72.264211135958, 43.8592106867246]]]}}, {"type": "Feature", "properties": {}, "geometry": {"type": "Polygon", "coordinates": [[[-72.2640365076551, 43.8730022335918], [-72.2639730935496, 43.8730174539957], [-72.2638950720634, 43.8730882893392], [-72.2638103399088, 43.8728479462347], [-72.2637277808995, 43.8724636653626], [-72.2636641585083, 43.872374297356], [-72.2635218687166, 43.8722705247808], [-72.2634133326739, 43.872238622843], [-72.2631481576028, 43.8720744147995], [-72.2631037377419, 43.8719672822942], [-72.2631044783026, 43.8718563914894], [-72.2632121618866, 43.8715171254241], [-72.2632329316663, 43.8711286352854], [-72.2631841657681, 43.8708560180272], [-72.2633986419494, 43.8707639111008], [-72.2639011971917, 43.8709891638894], [-72.2640285765995, 43.8710115638221], [-72.264149177392, 43.8710058893695], [-72.2641542388691, 43.8709735081029], [-72.2642386211309, 43.8709935858266], [-72.2637313701642, 43.8706545973141], [-72.263569944654, 43.8704233404781], [-72.2635031102738, 43.8699984562592], [-72.2635269916516, 43.8698695983678], [-72.2636396834995, 43.8695960157833], [-72.2638301965141, 43.8692811694211], [-72.2639141051055, 43.8691901346335], [-72.2639962964081, 43.8690386456559], [-72.2640401320421, 43.8690059633374], [-72.2641671500827, 43.8690366230888], [-72.2641926386288, 43.8690301883394], [-72.2641050515564, 43.8691279505983], [-72.2640517307785, 43.869219961384], [-72.2639664921872, 43.8696012702034], [-72.2637290814025, 43.8701351311692], [-72.2637499762956, 43.8701815181619], [-72.263802581548, 43.8701967012189], [-72.2639559290362, 43.8701859222089], [-72.2640036206303, 43.8702113077038], [-72.2641938560391, 43.870256318634], [-72.264320371963, 43.8703174183263], [-72.2645478279846, 43.8705043255275], [-72.2648199768819, 43.8706670329281], [-72.2653769503809, 43.8706811187054], [-72.2655038758165, 43.8707265627962], [-72.2655456788156, 43.8707721499717], [-72.2655460765066, 43.8708943513491], [-72.2654894846734, 43.8709774357942], [-72.265610446573, 43.8710541707491], [-72.265737064971, 43.8711911539685], [-72.2657588777664, 43.8712821185129], [-72.2657369751976, 43.8713872830403], [-72.2657802832996, 43.8713887359366], [-72.2657541041087, 43.8714079980496], [-72.2666362843856, 43.8714427599298], [-72.2666458918967, 43.871455622039], [-72.2665937851179, 43.8715478544317], [-72.2665313808651, 43.8717307240133], [-72.266447771835, 43.8720966035145], [-72.2664380728881, 43.8722798704286], [-72.2664704856929, 43.8724171847914], [-72.2664607441138, 43.8724699889713], [-72.2664761185797, 43.872481131701], [-72.2658849561809, 43.8726865453292], [-72.2658121713687, 43.8726991261823], [-72.2658177649954, 43.8727232798911], [-72.265776263744, 43.8728146799878], [-72.2657238556894, 43.872860597103], [-72.2654711030247, 43.8729225711923], [-72.2652077056373, 43.8729455875581], [-72.2650804705811, 43.8729916825098], [-72.2650486120389, 43.8730450640957], [-72.2650707192307, 43.8730916712951], [-72.2652823175486, 43.8732506922375], [-72.2653038198284, 43.8733425238957], [-72.2652508076752, 43.8734336667024], [-72.2651983986738, 43.8734795835696], [-72.2650723727376, 43.8735259017839], [-72.2649460504142, 43.8735259036075], [-72.2648899343448, 43.8734915724825], [-72.2647342559829, 43.8733964536796], [-72.2644690958313, 43.8731378792667], [-72.2643427234042, 43.873054601038], [-72.2642157958671, 43.8730091556711], [-72.2640365076551, 43.8730022335918]]]}}, {"type": "Feature", "properties": {}, "geometry": {"type": "Polygon", "coordinates": [[[-72.2766931963344, 43.8724860776328], [-72.2766920660914, 43.8723332157702], [-72.2767112939785, 43.8722645688042], [-72.2767364294397, 43.872172024575], [-72.2766442276453, 43.8719090515119], [-72.2766807357448, 43.871744573879], [-72.2767534751485, 43.8716921970732], [-72.2770166550145, 43.8716080576096], [-72.2773545633218, 43.8719122925463], [-72.2778730895405, 43.8722995381941], [-72.2782644057449, 43.8724969701843], [-72.2783913897592, 43.8725350098658], [-72.2785177100438, 43.8725349945819], [-72.2786448382748, 43.8725036718826], [-72.2787712072258, 43.8724962634029], [-72.2788974319371, 43.8725110349399], [-72.2789615059135, 43.8725338610667], [-72.279056687493, 43.8726178911632], [-72.2792801088502, 43.8729215234696], [-72.2794190230926, 43.8733179399551], [-72.2794188313584, 43.8733946949624], [-72.2794823587266, 43.8734553538853], [-72.2794456938811, 43.8734569721173], [-72.2794680469341, 43.8735137967102], [-72.2794933908172, 43.8735767206405], [-72.2795679311201, 43.8736680753486], [-72.2798742300882, 43.8738508695749], [-72.2799693684008, 43.8739422918169], [-72.2800336084153, 43.874033610914], [-72.2800766555172, 43.8741700882148], [-72.2800133833322, 43.8743990582559], [-72.2798992066464, 43.8745826327619], [-72.2798150063218, 43.874674547745], [-72.2796238182708, 43.8748209016492], [-72.2794676624524, 43.8748432153938], [-72.2790868402273, 43.8747069207868], [-72.2788959692612, 43.8745693007737], [-72.2786314630911, 43.8743414154224], [-72.2785050702916, 43.8742581514229], [-72.2783781801148, 43.8742053260455], [-72.2778080333797, 43.8740686162581], [-72.2775263929146, 43.8739143832079], [-72.2772887352323, 43.8736581000083], [-72.2770578703774, 43.8733355217075], [-72.2770450131705, 43.8732628547244], [-72.2769489590316, 43.8730796688735], [-72.2769479641725, 43.8730461797091], [-72.2767409551813, 43.8726891067368], [-72.2766931963344, 43.8724860776328]]]}}, {"type": "Feature", "properties": {}, "geometry": {"type": "Polygon", "coordinates": [[[-72.2632403577851, 43.8732367216449], [-72.2632994998734, 43.8732262714652], [-72.2634565717019, 43.8732485549209], [-72.2636680419721, 43.8732447158258], [-72.2638056266599, 43.8731912648946], [-72.2638708049897, 43.8731384334681], [-72.2638950720634, 43.8730882893392], [-72.2639730935496, 43.8730174539957], [-72.2640365076551, 43.8730022335918], [-72.2642157958671, 43.8730091556711], [-72.2643427234042, 43.873054601038], [-72.2644690958313, 43.8731378792667], [-72.2647342559829, 43.8733964536796], [-72.2648899343448, 43.8734915724825], [-72.2649041901418, 43.8736255633413], [-72.2649568989848, 43.8737166337438], [-72.2651904594442, 43.8739444407741], [-72.2652543701745, 43.8740366366025], [-72.265248247849, 43.8741372895889], [-72.2650090013204, 43.8745820011974], [-72.2649513181202, 43.8746463832848], [-72.2646872965869, 43.8747618076316], [-72.2645824752982, 43.8748536422023], [-72.2644811375754, 43.8750589918836], [-72.2645468812876, 43.8753310161528], [-72.2645071156642, 43.8753885003751], [-72.26456594363, 43.8756074472356], [-72.2645008482441, 43.8762838947122], [-72.2643450155869, 43.8762109527141], [-72.2643453724201, 43.8761120190996], [-72.2642876203626, 43.8758682880385], [-72.2641806913051, 43.8756396099366], [-72.2638352995791, 43.875327484793], [-72.2638336531227, 43.8748932530333], [-72.2637682332071, 43.8745731751626], [-72.2637685423285, 43.8744816344299], [-72.2638309540417, 43.8742987664627], [-72.2638300527842, 43.8742070038386], [-72.2637954225595, 43.8741303470687], [-72.2632896464893, 43.8736130599402], [-72.2630660470364, 43.8734370347863], [-72.2630478927084, 43.8733430397038], [-72.263091374648, 43.8733186177471], [-72.2631711399848, 43.873304541304], [-72.2632403577851, 43.8732367216449]]]}}, {"type": "Feature", "properties": {}, "geometry": {"type": "Polygon", "coordinates": [[[-72.265248247849, 43.8741372895889], [-72.2655187690901, 43.8742284525482], [-72.2655257989683, 43.8743102344468], [-72.265540538657, 43.8745081531385], [-72.2652263287742, 43.8749280389346], [-72.2649743689973, 43.8753250895381], [-72.2648478343643, 43.8754018461629], [-72.2647856301679, 43.8754172888859], [-72.2646580935432, 43.8754170685058], [-72.2645952322825, 43.8753944562547], [-72.2645468812876, 43.8753310161528], [-72.2644811375754, 43.8750589918836], [-72.2645824752982, 43.8748536422023], [-72.2646872965869, 43.8747618076316], [-72.2649513181202, 43.8746463832848], [-72.2650090013204, 43.8745820011974], [-72.265248247849, 43.8741372895889]]]}}, {"type": "Feature", "properties": {}, "geometry": {"type": "Polygon", "coordinates": [[[-72.2630660470364, 43.8734370347863], [-72.2632896464893, 43.8736130599402], [-72.2637954225595, 43.8741303470687], [-72.2638300527842, 43.8742070038386], [-72.2638309540417, 43.8742987664627], [-72.2637685423285, 43.8744816344299], [-72.2637682332071, 43.8745731751626], [-72.2638336531227, 43.8748932530333], [-72.2638352995791, 43.875327484793], [-72.2641806913051, 43.8756396099366], [-72.2642876203626, 43.8758682880385], [-72.2643453724201, 43.8761120190996], [-72.2643450155869, 43.8762109527141], [-72.2645008482441, 43.8762838947122], [-72.2643443015233, 43.8763181476981], [-72.2642109735518, 43.8764140154959], [-72.2640524751555, 43.8765589383262], [-72.2639781759106, 43.8763436353971], [-72.2635988554815, 43.8757134966867], [-72.263356140931, 43.8751777615569], [-72.2632855871908, 43.8748104810292], [-72.2631715989427, 43.8745509017928], [-72.2630579694708, 43.874373733335], [-72.2630207359658, 43.8740976749072], [-72.2630228487566, 43.8738269703327], [-72.263077754003, 43.8734983927579], [-72.2630660470364, 43.8734370347863]]]}}, {"type": "Feature", "properties": {}, "geometry": {"type": "Polygon", "coordinates": [[[-72.2865426215436, 43.8651142498469], [-72.2867113121818, 43.8651654623047], [-72.28703852073, 43.8653437398349], [-72.2871331404212, 43.8657560871173], [-72.2871325289098, 43.8660918052377], [-72.2872381273167, 43.8663969944626], [-72.2873331293018, 43.8665577714868], [-72.287328933093, 43.8665986355195], [-72.287132300016, 43.8667023637346], [-72.2868359306683, 43.8670579910501], [-72.2867312646467, 43.8670841754987], [-72.2864774329369, 43.867083999665], [-72.2862559893748, 43.8670397887283], [-72.2862140312135, 43.8669692030547], [-72.2862246061391, 43.8668776968065], [-72.2861621614435, 43.8666941946186], [-72.2861612279312, 43.8666024333884], [-72.2859724793208, 43.865511379932], [-72.2859733893828, 43.8653200392773], [-72.2860366665934, 43.8652289242225], [-72.2861005185846, 43.8651906470212], [-72.2864163149641, 43.8651142712169], [-72.2865426215436, 43.8651142498469]]]}}, {"type": "Feature", "properties": {}, "geometry": {"type": "Polygon", "coordinates": [[[-72.2880260093499, 43.868548695672], [-72.2881480342077, 43.8686043210377], [-72.2881734020737, 43.8686163625492], [-72.2883862421536, 43.8689208141053], [-72.288345340615, 43.8692103062947], [-72.2882611569645, 43.8693022248091], [-72.2881346610188, 43.8693790031592], [-72.2880086118864, 43.8694327354572], [-72.2878818489905, 43.8694558057453], [-72.2877246369879, 43.8694557290025], [-72.2874604386073, 43.8693213621026], [-72.2875452683343, 43.8692711933381], [-72.2876221457466, 43.8691853384738], [-72.2875704492736, 43.869073191183], [-72.2875620901158, 43.8690059761391], [-72.2875836792797, 43.8689451634766], [-72.2875490502847, 43.8688648166213], [-72.2876899646595, 43.8687111133739], [-72.2876842373231, 43.8686110741311], [-72.2877981348377, 43.8685625215913], [-72.2880260093499, 43.868548695672]]]}}, {"type": "Feature", "properties": {}, "geometry": {"type": "Polygon", "coordinates": [[[-72.2847720553211, 43.8737061141969], [-72.2848338521866, 43.8737063177552], [-72.2854168054384, 43.8742607376647], [-72.2852939707359, 43.8742836014892], [-72.2851311284624, 43.8743574322357], [-72.2849345145443, 43.8744065816237], [-72.2848503169845, 43.8744513155856], [-72.2847145720146, 43.874456088935], [-72.2846877789194, 43.8744770924267], [-72.2847005964631, 43.8745099681349], [-72.2847771098319, 43.8745304405655], [-72.2848452690467, 43.8745780658502], [-72.2848870165507, 43.8746347374384], [-72.2849504878989, 43.8748480348192], [-72.285058125025, 43.8750712622625], [-72.2849635842293, 43.8751705391201], [-72.2848712785181, 43.8753941989613], [-72.2849183875302, 43.8754176198302], [-72.2847290540582, 43.8754172169306], [-72.2846751531535, 43.8753185396255], [-72.2845960153861, 43.8750440898419], [-72.2845947758502, 43.8749531958543], [-72.2844889907817, 43.8747247554342], [-72.2844273929186, 43.8739798257494], [-72.2844321362755, 43.8739011287649], [-72.2844839131759, 43.8738097581604], [-72.2845466091278, 43.8737638659065], [-72.2847720553211, 43.8737061141969]]]}}, {"type": "Feature", "properties": {}, "geometry": {"type": "Polygon", "coordinates": [[[-72.2887556344418, 43.8769206872594], [-72.2882966529102, 43.8765397640853], [-72.2881883258554, 43.8764237335242], [-72.2880183993758, 43.8761798655551], [-72.2880182355637, 43.8759661234413], [-72.2880541822428, 43.8758866572945], [-72.2880681145191, 43.8754553025795], [-72.2880462721079, 43.8753643422992], [-72.2879990629109, 43.8753085252184], [-72.2876912167824, 43.8751263954357], [-72.2874112604168, 43.8749891500782], [-72.2872322031571, 43.8749924803049], [-72.2871163972634, 43.875053637704], [-72.2870428592206, 43.8751373284147], [-72.2869410150064, 43.8758162769697], [-72.2868465199975, 43.8759081624523], [-72.2866400595842, 43.8760286022622], [-72.286364043306, 43.8765119381861], [-72.2863113214435, 43.8766567984772], [-72.2863014118002, 43.8767863593307], [-72.286318533342, 43.8769051378729], [-72.2862706830013, 43.8768547529003], [-72.2861856492924, 43.8768401242498], [-72.2860116821926, 43.8767564926786], [-72.2858260823108, 43.8765967207677], [-72.2857296914844, 43.876414408059], [-72.2856223154854, 43.8759109029332], [-72.2855592293699, 43.8758271987496], [-72.285442629443, 43.8757744146011], [-72.2854317111391, 43.8757289349222], [-72.2854728762051, 43.8755912128771], [-72.285451623925, 43.8754078413391], [-72.2853287265756, 43.8752021772291], [-72.2854399784147, 43.8751429636546], [-72.2854901901877, 43.8750596309941], [-72.2854956675878, 43.875007898667], [-72.2854594694994, 43.8748884063067], [-72.2854734425132, 43.8748345270127], [-72.2856146788876, 43.8745855871042], [-72.2856307621551, 43.874485834881], [-72.2856111089826, 43.8744322806285], [-72.2861169368659, 43.8748735968313], [-72.2864098936359, 43.8750141491906], [-72.2865677853895, 43.8750522825359], [-72.2867892721414, 43.8749984276195], [-72.2868625049609, 43.8749627889351], [-72.2872204906274, 43.8745934414458], [-72.2876508404773, 43.8743252205331], [-72.28777806107, 43.8742791018397], [-72.2878828059633, 43.8741946430624], [-72.2879146010438, 43.8741486494146], [-72.2879354761716, 43.8740571748949], [-72.287858975812, 43.8739386393106], [-72.2875021801155, 43.874025104794], [-72.287070686962, 43.8742348315011], [-72.2869971189979, 43.8742278512671], [-72.2868811604334, 43.8741696343525], [-72.2867591503562, 43.8738235090494], [-72.2867089093412, 43.8735293684742], [-72.2866349512124, 43.873392793757], [-72.2865073886137, 43.8733019226082], [-72.285852842985, 43.8731451845965], [-72.2857051563995, 43.8730746861239], [-72.2855935466891, 43.8730477933226], [-72.2851975760141, 43.8728162309077], [-72.2850917778322, 43.8727330395976], [-72.2849632392906, 43.8725577985023], [-72.2846974660677, 43.8719559286877], [-72.2845592698012, 43.8717280360825], [-72.2844641279663, 43.8716366176189], [-72.2841782130007, 43.8714871700943], [-72.2836706789288, 43.8713665637997], [-72.2833535345991, 43.8711743930351], [-72.2833952781412, 43.8711838804266], [-72.2833545790817, 43.8711533058766], [-72.2835229714598, 43.8711582081664], [-72.2836706644431, 43.8710362760253], [-72.2837327409548, 43.8709449392745], [-72.2838160039248, 43.8707612615601], [-72.2838143678271, 43.8702576715477], [-72.283926124893, 43.869928405131], [-72.28414924688, 43.8696629947143], [-72.2841509999516, 43.8696253846451], [-72.284212341219, 43.8696014496368], [-72.2842122470525, 43.8696162354862], [-72.2845695414784, 43.8694484593993], [-72.2850767064096, 43.8691489727524], [-72.2854540969284, 43.8690117023722], [-72.2858334852716, 43.8689414075756], [-72.2859597979915, 43.8689413854562], [-72.2860238249732, 43.8689716005638], [-72.2863201636535, 43.8692913315816], [-72.2863836159472, 43.8692687072292], [-72.2864044916733, 43.8691772357247], [-72.2863616961164, 43.8690472864724], [-72.2864568682651, 43.8689425755159], [-72.286532293258, 43.8690858950831], [-72.2866575724256, 43.8692013275716], [-72.2869389747445, 43.8693453194946], [-72.2870267058798, 43.8693632180995], [-72.2871421518839, 43.8693575055538], [-72.2870808333639, 43.8696173604631], [-72.2870817663723, 43.8697091216365], [-72.2871432870411, 43.8698480468519], [-72.2875590792379, 43.8702488335928], [-72.2876851659987, 43.8703329575799], [-72.2878719161241, 43.8705003397716], [-72.2879088376192, 43.8706976753017], [-72.2878879636481, 43.8707891484665], [-72.2878898244208, 43.8711179194558], [-72.2878375126216, 43.8712471248169], [-72.287848745881, 43.871338919143], [-72.2880183934676, 43.8715290769736], [-72.2882937148934, 43.8717265364781], [-72.288357963326, 43.8718178509485], [-72.2885136528083, 43.8719638238114], [-72.2885365269633, 43.8719393273069], [-72.2885454068259, 43.8719724062601], [-72.288559581162, 43.8720305091757], [-72.2886865610703, 43.8722137860905], [-72.288799973639, 43.8724352896164], [-72.2886447232318, 43.8724115185043], [-72.2885183142894, 43.8724735127835], [-72.2884868288554, 43.8725186366758], [-72.2884880765284, 43.8726567140259], [-72.2886150928079, 43.8729306633679], [-72.2886161090377, 43.8731057053244], [-72.2885746384522, 43.8731971109443], [-72.2884483083794, 43.8733423845681], [-72.2883865509035, 43.873480040079], [-72.2884654518904, 43.873649897677], [-72.2888091505394, 43.8738145281889], [-72.2889367177361, 43.8739053967695], [-72.2890633898225, 43.8740423598097], [-72.2891492246853, 43.8742181109345], [-72.2891598733469, 43.8743551325612], [-72.2891389999904, 43.8744466058971], [-72.2888957398629, 43.8749757138004], [-72.2889349887269, 43.8751410945988], [-72.2890908560953, 43.8753083768356], [-72.2892510586193, 43.875605049377], [-72.2893454503507, 43.8756731963109], [-72.2895986804317, 43.8757259848164], [-72.2897250055474, 43.8757259599668], [-72.2900111435809, 43.8758930108442], [-72.29007760239121, 43.87596458048976], [-72.2894733889492, 43.8767434766503], [-72.28935189555725, 43.87690004012216], [-72.28905311272199, 43.877285134683625], [-72.2887556344418, 43.8769206872594]]]}}, {"type": "Feature", "properties": {}, "geometry": {"type": "Polygon", "coordinates": [[[-72.2515883956237, 43.877755160437], [-72.2514873661704, 43.8774229911723], [-72.251717542801, 43.8773883603031], [-72.2518443636604, 43.877405114971], [-72.2519713411573, 43.8774431811495], [-72.2520127795508, 43.8774970345352], [-72.2520646039655, 43.8776268121192], [-72.252137900899, 43.8777179597524], [-72.2522641094184, 43.8777799411491], [-72.2526441393248, 43.8778495556898], [-72.2528964913659, 43.8778504433548], [-72.2530432641985, 43.8778292158638], [-72.2531178603598, 43.877996472671], [-72.2529042066016, 43.8783616740948], [-72.252934002874, 43.8785679128306], [-72.2530587363565, 43.8789349565668], [-72.2530029030835, 43.8790810969401], [-72.2528214249156, 43.8791709140748], [-72.252788695732, 43.8791723213169], [-72.252445414525, 43.8791769826822], [-72.2523552838108, 43.879154922011], [-72.2516618593154, 43.8788391437043], [-72.2514352904454, 43.8787004876553], [-72.2513089940269, 43.8785626189643], [-72.2512684417327, 43.8783793904402], [-72.2513597579961, 43.8781842336216], [-72.2513428637808, 43.878173736687], [-72.2513659601176, 43.87816316363], [-72.2514595576396, 43.8781210933768], [-72.2515131915697, 43.8780754020865], [-72.2515662268415, 43.8779842643751], [-72.2515874599775, 43.8778919282416], [-72.2515883956237, 43.877755160437]]]}}, {"type": "Feature", "properties": {}, "geometry": {"type": "Polygon", "coordinates": [[[-72.2527083441141, 43.8794925469135], [-72.2525841230334, 43.8794938488965], [-72.2522911473963, 43.879628934914], [-72.2521995077528, 43.8796944955487], [-72.2518066407829, 43.8798168348108], [-72.2514907575879, 43.8798459439399], [-72.2513636247404, 43.8798300573099], [-72.2510375786247, 43.879706486139], [-72.2509218706937, 43.879614969765], [-72.2508706934112, 43.8795232466073], [-72.2508819689374, 43.8792486571612], [-72.2507807807298, 43.8791163131975], [-72.2507886550583, 43.879072418168], [-72.2507477807402, 43.8789807314771], [-72.2507792799575, 43.8788051499564], [-72.2507592936077, 43.8787598525397], [-72.2505394634353, 43.8785224987096], [-72.2504973776127, 43.8784305898906], [-72.2505098618301, 43.8783773613782], [-72.2505195140155, 43.8783393430171], [-72.2505400642183, 43.8783468090056], [-72.2506674707001, 43.8782785488468], [-72.2513009139656, 43.8781503230623], [-72.2513659601176, 43.87816316363], [-72.2513428637808, 43.878173736687], [-72.2513597579961, 43.8781842336216], [-72.2512684417327, 43.8783793904402], [-72.2513089940269, 43.8785626189643], [-72.2514352904454, 43.8787004876553], [-72.2516618593154, 43.8788391437043], [-72.2523552838108, 43.879154922011], [-72.252445414525, 43.8791769826822], [-72.252788695732, 43.8791723213169], [-72.2528214249156, 43.8791709140748], [-72.2530029030835, 43.8790810969401], [-72.2530587363565, 43.8789349565668], [-72.252934002874, 43.8785679128306], [-72.2529042066016, 43.8783616740948], [-72.2531178603598, 43.877996472671], [-72.2530432641985, 43.8778292158638], [-72.2528964913659, 43.8778504433548], [-72.2526441393248, 43.8778495556898], [-72.2522641094184, 43.8777799411491], [-72.252137900899, 43.8777179597524], [-72.2520646039655, 43.8776268121192], [-72.2520127795508, 43.8774970345352], [-72.2519713411573, 43.8774431811495], [-72.2518443636604, 43.877405114971], [-72.251717542801, 43.8773883603031], [-72.2514873661704, 43.8774229911723], [-72.2514450170538, 43.8772810707043], [-72.2514447446557, 43.8771440822799], [-72.2515089998355, 43.8770068868194], [-72.2515728304766, 43.8769760177331], [-72.2517136273186, 43.8769425946332], [-72.2521954661809, 43.8770086558625], [-72.2523214869741, 43.8770095351782], [-72.2525225238171, 43.8770713437443], [-72.2529411631245, 43.8774311582646], [-72.2532976030898, 43.8774946007549], [-72.2533430021204, 43.8775010665495], [-72.2534914623658, 43.8774098286855], [-72.25355593617, 43.8771958758255], [-72.2536831989713, 43.8770591187651], [-72.2539375885208, 43.8769382454614], [-72.2544230654218, 43.8768708035497], [-72.2549308114606, 43.8767806067294], [-72.2553845678163, 43.8767443621414], [-72.2555104868334, 43.87676002373], [-72.2555638979506, 43.8767910867827], [-72.2556124500413, 43.8768684480015], [-72.2556047692031, 43.8769734440083], [-72.2555614890736, 43.8770117790286], [-72.2554353011664, 43.8770802666536], [-72.2552020217556, 43.8771707741144], [-72.2548210840697, 43.8773683970986], [-72.2546941940781, 43.8774062218945], [-72.2543137930678, 43.8774355476942], [-72.253870622441, 43.8775181404956], [-72.2537534714548, 43.8775938334], [-72.253594388219, 43.8777765773578], [-72.2535825549458, 43.8778678597104], [-72.2536058477604, 43.8779618757363], [-72.2536372142896, 43.8779824263495], [-72.2534971409008, 43.8780428166659], [-72.2533371863963, 43.8782642615865], [-72.2533255937766, 43.8784092530263], [-72.2533458711094, 43.8785008676317], [-72.2535286848789, 43.8787480873268], [-72.2536069180956, 43.8789594972838], [-72.2536065972469, 43.8790510392953], [-72.2535423427128, 43.879188235888], [-72.2534148876244, 43.8792638921368], [-72.2532661012715, 43.8794466718637], [-72.2532653743462, 43.8797750055592], [-72.2532258033571, 43.8802017030556], [-72.2530687889536, 43.8801248294044], [-72.2529909380066, 43.8799014606431], [-72.2528740213094, 43.8798532117392], [-72.252816589043, 43.8797899524091], [-72.2527745757967, 43.8796869544024], [-72.2527631234116, 43.8795451420974], [-72.2527377262672, 43.8794933023974], [-72.2527083441141, 43.8794925469135]]]}}, {"type": "Feature", "properties": {}, "geometry": {"type": "Polygon", "coordinates": [[[-72.2564549941728, 43.8824465824967], [-72.2564128391578, 43.882452740907], [-72.2563972465274, 43.8825183544398], [-72.2563759506845, 43.8825311093189], [-72.2562954224595, 43.8825219118905], [-72.2560761861935, 43.88246048041], [-72.2560210677115, 43.8824124496073], [-72.2560256853192, 43.8823124423629], [-72.2561150216156, 43.8820503019086], [-72.2560818032411, 43.8817666420018], [-72.2560925583104, 43.8814318185656], [-72.2560555058183, 43.8813112267241], [-72.2559059347444, 43.8809849755606], [-72.2558434719204, 43.8809032167879], [-72.2557817689994, 43.8808882145684], [-72.2556522298615, 43.8808247041152], [-72.2555316214963, 43.8807396974049], [-72.2554827755717, 43.8806160199922], [-72.2554945797335, 43.8805284318141], [-72.2555412007873, 43.880444445155], [-72.2556796095764, 43.8802727164501], [-72.2556887672612, 43.8802179530181], [-72.2558468817366, 43.880088693355], [-72.2559328833208, 43.8800498546245], [-72.2560084510455, 43.8799859737973], [-72.2561520564455, 43.8799410307087], [-72.2563905581648, 43.8799301214962], [-72.2566404391595, 43.8798944637743], [-72.2567239201648, 43.8798699677147], [-72.2568786922802, 43.8797863583412], [-72.2568953207688, 43.8797468410963], [-72.2568833408568, 43.8797261427752], [-72.2568418568153, 43.8797231715688], [-72.257084381011, 43.8794761350471], [-72.2571893536854, 43.8794093120424], [-72.2572393699209, 43.879315768942], [-72.2572019249235, 43.8792978080915], [-72.2571358985372, 43.8792949690739], [-72.2571067182092, 43.8792646431478], [-72.2570769678989, 43.879228661208], [-72.2570566351234, 43.8791444401581], [-72.2569856506691, 43.879068523984], [-72.2569614604169, 43.8790169057631], [-72.2569693816321, 43.8789656174049], [-72.2569240572786, 43.8789480644129], [-72.2568861533825, 43.8789531505875], [-72.2568361805143, 43.8789958117289], [-72.2567191216567, 43.8790132329469], [-72.2566195241933, 43.8790468062033], [-72.2564306217716, 43.8790704995543], [-72.2563146148744, 43.8790668334921], [-72.2562892470861, 43.879054784931], [-72.2562858013979, 43.8789375724324], [-72.2563206010586, 43.8787200361796], [-72.2562833916527, 43.8785781341193], [-72.2562004902818, 43.8785176136929], [-72.2561206346436, 43.8784992877694], [-72.2559779270239, 43.8785018323304], [-72.2559770102907, 43.878279605773], [-72.2560188215686, 43.8782345241842], [-72.2560606483603, 43.8781422579067], [-72.2560166912713, 43.8777002658891], [-72.2565230962967, 43.8775848340569], [-72.2569653553217, 43.8775918141668], [-72.2572615191114, 43.8775202222687], [-72.2575448546348, 43.8775536077773], [-72.2577572571262, 43.8776378451052], [-72.2581067538434, 43.8778332364004], [-72.2582948882891, 43.8779676155792], [-72.2582547656874, 43.8780768492639], [-72.258086603053, 43.8782597841711], [-72.2580662973416, 43.8783060272548], [-72.2580664929845, 43.8785012903851], [-72.2582602579984, 43.8788337793626], [-72.2584497475834, 43.8790368751144], [-72.2585342495344, 43.8792198198644], [-72.258577550264, 43.8794026198547], [-72.2585557189469, 43.8795401845112], [-72.2585142018241, 43.8796315832312], [-72.2583257295383, 43.8798607629848], [-72.2581989864168, 43.8798764129666], [-72.2581311668465, 43.8799148812429], [-72.2581031165637, 43.8797617050698], [-72.2580504128845, 43.8796706316145], [-72.2579441264562, 43.8796178581577], [-72.2578184953495, 43.8796485140526], [-72.2575794356972, 43.8798314188383], [-72.2575244297936, 43.8799462543568], [-72.2574504900346, 43.8800381914137], [-72.2573243492728, 43.8800992881881], [-72.2571772878451, 43.8802518535244], [-72.2571563712549, 43.8803433236359], [-72.2571887670178, 43.8804806418042], [-72.2572644446169, 43.8805796243394], [-72.2572815664954, 43.8808251752012], [-72.2571706645933, 43.8810065694141], [-72.2571067081775, 43.8811900855835], [-72.2571084873246, 43.8814642856273], [-72.2571717860123, 43.8816017116403], [-72.2571732819085, 43.8817389233375], [-72.2572457059445, 43.8820501174823], [-72.2572072844909, 43.8823104797297], [-72.2571334849756, 43.8824709113983], [-72.2570135324538, 43.8826016110287], [-72.2568596717587, 43.8826391262999], [-72.256721795978, 43.8826425596066], [-72.2566971374638, 43.8825704995814], [-72.2565381261475, 43.8824738354089], [-72.2564549941728, 43.8824465824967]]]}}, {"type": "Feature", "properties": {}, "geometry": {"type": "Polygon", "coordinates": [[[-72.2618235020595, 43.881110993716], [-72.2618551199345, 43.8811852511644], [-72.2618579558059, 43.8813948739506], [-72.2618201703604, 43.8816534994963], [-72.2617071895709, 43.8820112371988], [-72.2614361210605, 43.8820883621076], [-72.26131118851, 43.8821496837617], [-72.2611843923259, 43.8821727299336], [-72.2605933993554, 43.8821126278531], [-72.2604567285504, 43.881982125143], [-72.2604635718233, 43.8819556206083], [-72.2604988653667, 43.8817983152911], [-72.260632924936, 43.8816859264377], [-72.2610123627868, 43.8815324211019], [-72.2611286106645, 43.8814556304325], [-72.2614325109558, 43.8811809650284], [-72.2615597623833, 43.8811348714295], [-72.2618235020595, 43.881110993716]]]}}, {"type": "Feature", "properties": {}, "geometry": {"type": "Polygon", "coordinates": [[[-72.2599698407479, 43.8819845700977], [-72.2600958354783, 43.8819456491084], [-72.2603914166109, 43.8819627638991], [-72.2604635718233, 43.8819556206083], [-72.2604567285504, 43.881982125143], [-72.2605933993554, 43.8821126278531], [-72.2611843923259, 43.8821727299336], [-72.26131118851, 43.8821496837617], [-72.2614361210605, 43.8820883621076], [-72.2617071895709, 43.8820112371988], [-72.2615060675314, 43.8825008733406], [-72.2614405191995, 43.8825619660622], [-72.2613118678648, 43.8825902245222], [-72.2611945699264, 43.8825974287182], [-72.2607654078084, 43.8825752873187], [-72.2597285338833, 43.8823659955998], [-72.2595484187249, 43.8823431930789], [-72.2599698407479, 43.8819845700977]]]}}, {"type": "Feature", "properties": {}, "geometry": {"type": "Polygon", "coordinates": [[[-72.2576417260018, 43.8842396222062], [-72.2575038712892, 43.8842393592993], [-72.2571900648371, 43.8843169796844], [-72.2571056613624, 43.8843875716776], [-72.2568884894462, 43.8846466578238], [-72.2567896852883, 43.8846961087617], [-72.2565782275547, 43.8846925435529], [-72.2564268339065, 43.8845889468881], [-72.2564323774553, 43.8844863329261], [-72.2565068141551, 43.8844111398305], [-72.2565261491713, 43.884240732928], [-72.2563405651106, 43.8840411231253], [-72.2562585416524, 43.8837605530387], [-72.2562141329355, 43.8836969055594], [-72.2561312513135, 43.883632686571], [-72.2559094890685, 43.8835855966113], [-72.2557335817984, 43.8834784350799], [-72.2557343751515, 43.8834508223853], [-72.2557833248678, 43.8834255528705], [-72.2558169579363, 43.8834252351909], [-72.2558801311543, 43.8834469838039], [-72.2560400807332, 43.8834503686359], [-72.2564936391948, 43.8833604107175], [-72.2567386393116, 43.8833312578596], [-72.257150350494, 43.8833807498012], [-72.2574196353172, 43.8833449403734], [-72.2576753124371, 43.8832603768786], [-72.2582604176472, 43.8828475323778], [-72.2585374583305, 43.8826049606511], [-72.2585976243521, 43.8825336315059], [-72.2586861224672, 43.8824841445665], [-72.2588116851984, 43.8824645763811], [-72.2589874398381, 43.8824597508458], [-72.2592627073495, 43.8824796242783], [-72.2599722476233, 43.8825725412881], [-72.2608440676033, 43.882727551922], [-72.2610347922209, 43.882749520952], [-72.261335887746, 43.882758389762], [-72.2615445472068, 43.8827262775953], [-72.2615449762928, 43.882888273279], [-72.261419831138, 43.8830263512494], [-72.2608247373541, 43.8830793066905], [-72.2605453968732, 43.8832594696993], [-72.2603675694279, 43.8834369394816], [-72.2603478708132, 43.883437958535], [-72.2602930179941, 43.8834399431189], [-72.259923869276, 43.8835934830976], [-72.2595439100506, 43.8837774275578], [-72.2592811713264, 43.8838310934689], [-72.2591548784237, 43.8838236973607], [-72.2587369081786, 43.8836685134972], [-72.2586404247837, 43.8835990304966], [-72.258593305956, 43.8833979503547], [-72.2584898848909, 43.8832790838979], [-72.2583298212087, 43.8833376729079], [-72.258277250178, 43.8834057665679], [-72.258245623602, 43.8835128552034], [-72.2582997574517, 43.8838863925895], [-72.2583956255702, 43.8840917751637], [-72.2587029754543, 43.8842970221693], [-72.2587553773397, 43.884388965122], [-72.2588508107025, 43.8844795362947], [-72.2588941221187, 43.88457166532], [-72.2589247933909, 43.8851453866472], [-72.2589645325672, 43.8852729458062], [-72.2591495703961, 43.8855103842199], [-72.2595744821204, 43.8858962995805], [-72.2596383968682, 43.8859884997719], [-72.2597280804369, 43.8860336046247], [-72.2597231254363, 43.8860946886978], [-72.2597976510001, 43.8861860560675], [-72.2597973375936, 43.8862775994041], [-72.2598965429911, 43.8866186772328], [-72.2596374482175, 43.8866693125463], [-72.2595676196892, 43.886735173799], [-72.259482768976, 43.8868723034935], [-72.2593151951098, 43.8870100169298], [-72.2591891419026, 43.8870563298891], [-72.2589304046301, 43.8870987022564], [-72.2591571565204, 43.8867220070523], [-72.2592181252238, 43.8865323900611], [-72.25922590142, 43.8864126053922], [-72.2591787574643, 43.8861245464357], [-72.2591793710666, 43.8859886471866], [-72.2591314416368, 43.8858623632581], [-72.2587697729486, 43.885668451613], [-72.2584423811036, 43.885468787729], [-72.2583905223493, 43.88538619638], [-72.2584652285318, 43.8851361794753], [-72.2584668460103, 43.8849865834231], [-72.2583491562046, 43.8848715822033], [-72.2580452946716, 43.8847326648337], [-72.2579867177951, 43.8846580961524], [-72.2579275289984, 43.8844945908347], [-72.2578795112637, 43.8844265810104], [-72.2578798769655, 43.884327646173], [-72.2578499175631, 43.884277747137], [-72.2576417260018, 43.8842396222062]]]}}, {"type": "Feature", "properties": {}, "geometry": {"type": "Polygon", "coordinates": [[[-72.260606409605, 43.8880671393227], [-72.2605375349343, 43.8877205117524], [-72.2604311941945, 43.8874937852184], [-72.2603409394556, 43.8874430249443], [-72.2602134301981, 43.8874354080735], [-72.2599486582283, 43.8873388150576], [-72.2599180314224, 43.8872073729104], [-72.2599147599407, 43.8866580979139], [-72.2598965429911, 43.8866186772328], [-72.2597973375936, 43.8862775994041], [-72.2597976510001, 43.8861860560675], [-72.2597231254363, 43.8860946886978], [-72.2597280804369, 43.8860336046247], [-72.2596383968682, 43.8859884997719], [-72.2595744821204, 43.8858962995805], [-72.2591495703961, 43.8855103842199], [-72.2589645325672, 43.8852729458062], [-72.2589247933909, 43.8851453866472], [-72.2588941221187, 43.88457166532], [-72.2588508107025, 43.8844795362947], [-72.2587553773397, 43.884388965122], [-72.2587029754543, 43.8842970221693], [-72.2583956255702, 43.8840917751637], [-72.2582997574517, 43.8838863925895], [-72.258245623602, 43.8835128552034], [-72.258277250178, 43.8834057665679], [-72.2583298212087, 43.8833376729079], [-72.2584898848909, 43.8832790838979], [-72.258593305956, 43.8833979503547], [-72.2586404247837, 43.8835990304966], [-72.2587369081786, 43.8836685134972], [-72.2591548784237, 43.8838236973607], [-72.2592811713264, 43.8838310934689], [-72.2595439100506, 43.8837774275578], [-72.259923869276, 43.8835934830976], [-72.2602930179941, 43.8834399431189], [-72.2603478708132, 43.883437958535], [-72.2603675694279, 43.8834369394816], [-72.2605453968732, 43.8832594696993], [-72.2608247373541, 43.8830793066905], [-72.261419831138, 43.8830263512494], [-72.2615449762928, 43.882888273279], [-72.2615445472068, 43.8827262775953], [-72.2615763764237, 43.8827237774815], [-72.2616790776152, 43.8826343278929], [-72.2616865509676, 43.8825589017267], [-72.2617737513521, 43.8824767930326], [-72.2618235899332, 43.8824091223896], [-72.2619793629516, 43.8823118107255], [-72.2619966030034, 43.882361229374], [-72.2620929397875, 43.8824528882407], [-72.2622186733273, 43.8824981154304], [-72.2624724628453, 43.8825131240312], [-72.2627888728279, 43.8824970362557], [-72.2628732426045, 43.882520810719], [-72.2628184901015, 43.8828707035016], [-72.2626969283343, 43.8831075149978], [-72.262613000204, 43.8831985514377], [-72.2624863520963, 43.8832900924997], [-72.2623599978, 43.8834279509984], [-72.2623184837616, 43.8835193510452], [-72.262300213756, 43.8836686706701], [-72.2620148746696, 43.8837496627355], [-72.2618632211532, 43.8839550582658], [-72.261720774794, 43.8845044797527], [-72.2617322682081, 43.8847332688447], [-72.2616327206601, 43.8850749629291], [-72.2613320281686, 43.8853659514292], [-72.2612826658266, 43.8855882245359], [-72.2612829587654, 43.8857252155936], [-72.2613333338876, 43.8859389187949], [-72.2613790355976, 43.8859916989676], [-72.2614850237465, 43.8860453376526], [-72.2615111822914, 43.8861204472145], [-72.2614961252092, 43.8861519242517], [-72.2614651469901, 43.8861629061898], [-72.2614120775401, 43.8863956050252], [-72.2614135657765, 43.8866706774686], [-72.2614663539634, 43.8868413355411], [-72.2616041223506, 43.8869905431954], [-72.2618165585933, 43.8871654492025], [-72.2618589747228, 43.8872564867092], [-72.261827187321, 43.8875236158103], [-72.2615670827357, 43.8879506489503], [-72.2615040473427, 43.8880880731418], [-72.2614413225654, 43.8881339553855], [-72.2613883444442, 43.8881270311924], [-72.2612918349722, 43.8881954099165], [-72.2611239709224, 43.888196134984], [-72.2608719738978, 43.8882267929554], [-72.2607445629176, 43.8882043909057], [-72.260680938962, 43.8881585074996], [-72.260606409605, 43.8880671393227]]]}}, {"type": "Feature", "properties": {}, "geometry": {"type": "Polygon", "coordinates": [[[-72.2576952913505, 43.8867578042027], [-72.2579744405926, 43.8867885653869], [-72.2578796235214, 43.8868304189417], [-72.2578479963335, 43.8869375088074], [-72.2577847102692, 43.8870212219178], [-72.2576208066196, 43.8871087169684], [-72.2574797584448, 43.8872660893799], [-72.2574485380048, 43.8873575249081], [-72.2574600421472, 43.8874484562404], [-72.2576373688236, 43.8877511040555], [-72.257683277255, 43.8879519652992], [-72.2576623567422, 43.8880434367775], [-72.2576205417521, 43.8880885188813], [-72.2574939764413, 43.888165271339], [-72.2572411107764, 43.8882346254206], [-72.256987903036, 43.8882650542759], [-72.2566082367435, 43.888266773434], [-72.2562279360889, 43.8881832505176], [-72.2554707264867, 43.8879631591911], [-72.2552172562659, 43.8878094085482], [-72.2551129908961, 43.8877255446779], [-72.2550927058489, 43.8876339291103], [-72.2550912761602, 43.8873986498078], [-72.2556468027329, 43.8871996755847], [-72.2556659028604, 43.8871532096351], [-72.2558200190285, 43.8870352413506], [-72.2560226594469, 43.8869548434686], [-72.2562888366899, 43.8868879308775], [-72.2569874805983, 43.8867614244439], [-72.2576952913505, 43.8867578042027]]]}}, {"type": "Feature", "properties": {}, "geometry": {"type": "MultiPolygon", "coordinates": [[[[-72.2446715684871, 43.8923769065922], [-72.2440843125809, 43.8919870950148], [-72.2439804138193, 43.8918949597862], [-72.2439177256077, 43.8918029730693], [-72.2438177936996, 43.8917069384371], [-72.2438331685858, 43.8916745939668], [-72.2440520375889, 43.8914870702543], [-72.2442464124212, 43.8914227503678], [-72.244374030205, 43.8914155979181], [-72.244499973287, 43.8914312702514], [-72.2447534340942, 43.8915415529278], [-72.2452472481071, 43.8918605742347], [-72.2453523593367, 43.8919529303989], [-72.2456045601208, 43.8921138721763], [-72.2457308156696, 43.8921721635462], [-72.2457297630551, 43.892236741875], [-72.2456133236234, 43.8923356980633], [-72.2455182674594, 43.8926282595253], [-72.24555152326909, 43.8926637855207], [-72.24473275604167, 43.89243943619192], [-72.2446715684871, 43.8923769065922]]], [[[-72.2468140198197, 43.8927518273566], [-72.2471182388031, 43.8925780845016], [-72.2477696936265, 43.8919682931159], [-72.2479649883424, 43.8918143826248], [-72.2480552849697, 43.8917707793234], [-72.2480766885258, 43.8917867290892], [-72.2480977038259, 43.8917711484721], [-72.2481724671352, 43.8916950897112], [-72.2482991005076, 43.8916109533878], [-72.2486925422323, 43.8912842258263], [-72.2490854668256, 43.8909879367969], [-72.2491694206887, 43.8908969062596], [-72.2492655346073, 43.8908441906067], [-72.2496167742851, 43.8904403350314], [-72.2497016488253, 43.8903032099928], [-72.2497868132747, 43.8902124024333], [-72.2498406384486, 43.8901843251069], [-72.2499442576187, 43.8902736263294], [-72.250281148595, 43.8904574733482], [-72.2503965655703, 43.890549861479], [-72.2509184151903, 43.8908045962379], [-72.251028976925, 43.8907656291699], [-72.2510720288979, 43.8906735841655], [-72.251062204081, 43.8905598258214], [-72.25060065332, 43.8900848147336], [-72.2505176780038, 43.889901215271], [-72.2505080491877, 43.8896709062999], [-72.2505842254393, 43.8893443551497], [-72.2506481346941, 43.8892154189908], [-72.2509153210207, 43.8888267018729], [-72.2510425084335, 43.8887047310372], [-72.2511585224453, 43.8886214234026], [-72.251476477375, 43.888561227573], [-72.251655136915, 43.8885772963593], [-72.2517360817743, 43.8885708414699], [-72.2520987588949, 43.8886169134813], [-72.2523514594343, 43.8886169340111], [-72.252468170899, 43.8885642884028], [-72.2525542506317, 43.8884273846004], [-72.2525329471822, 43.8883966499035], [-72.2518934322993, 43.8880704034945], [-72.2521977819908, 43.8875626562622], [-72.2523733789966, 43.8870072702409], [-72.252534053906, 43.8865953447986], [-72.2525555909086, 43.886458648524], [-72.2526736278813, 43.8861231128898], [-72.2526744611973, 43.886001129629], [-72.2526133325101, 43.885679968211], [-72.2525506374662, 43.8855879861135], [-72.2523207159246, 43.8854043057974], [-72.2519492531047, 43.8851835962039], [-72.2513305058085, 43.8848824281529], [-72.2510265722199, 43.8846676086635], [-72.2509214668977, 43.8845752590204], [-72.2507440825722, 43.8843308781587], [-72.2505995350637, 43.8838491645433], [-72.2505796359945, 43.8836586147409], [-72.2506024252581, 43.8833842826926], [-72.2505721256806, 43.8829873433649], [-72.2505945725803, 43.8828952267191], [-72.250701837707, 43.8827168686585], [-72.2507754029999, 43.8826368916841], [-72.2508611888177, 43.882453674212], [-72.2509679154612, 43.8823094515969], [-72.2510447249102, 43.8822420989685], [-72.2511338736239, 43.882187183887], [-72.2512302266896, 43.882097503442], [-72.2513889754404, 43.8820099992338], [-72.2515385791044, 43.8818865857671], [-72.2516608205887, 43.8818654895519], [-72.2517648099958, 43.8818993432826], [-72.2518138224898, 43.8819536589527], [-72.2518850312728, 43.8819963110048], [-72.2520930610198, 43.8820566236692], [-72.2521512960327, 43.8821357609663], [-72.2521549066023, 43.8821836116247], [-72.2522132920785, 43.8822405688189], [-72.2522634340921, 43.8822627074487], [-72.2523724433123, 43.8822715714494], [-72.2524044293901, 43.8822903841169], [-72.2524890218841, 43.8822808975421], [-72.2525391343063, 43.8822632443118], [-72.2526808811501, 43.882136539847], [-72.2527354991902, 43.8821243373126], [-72.252780899728, 43.8821308033293], [-72.2528068088573, 43.8821522030143], [-72.2527270948274, 43.8822458584735], [-72.2527562993887, 43.8822724883529], [-72.2528392725375, 43.8822784337257], [-72.2529351962963, 43.8822515920896], [-72.2530517878102, 43.8821702440872], [-72.2531356771096, 43.8820866061618], [-72.2531458592391, 43.8817933130772], [-72.2530128916669, 43.8816995620924], [-72.2529044510925, 43.8816963533172], [-72.2528461773023, 43.8817115870735], [-72.252758179563, 43.8816871420131], [-72.2527754221817, 43.8816023996235], [-72.2529047361543, 43.8815215321172], [-72.2529674235254, 43.8813923738611], [-72.2529482553487, 43.8811381170858], [-72.2529944396622, 43.8810299939465], [-72.2529491279581, 43.8809217658426], [-72.2528202276079, 43.8808093292658], [-72.2527540429122, 43.8807851788883], [-72.2524617901855, 43.8807695802154], [-72.2524152804548, 43.8807481076918], [-72.2523495097748, 43.8805306515246], [-72.2523002706935, 43.8805096033711], [-72.2522167574724, 43.880494305845], [-72.2521037364302, 43.8804967341399], [-72.2518913715337, 43.8805392558952], [-72.2518203460659, 43.8805142169256], [-72.2518206757979, 43.8804661638526], [-72.2519125132636, 43.8803275430735], [-72.2518969517057, 43.8802552978168], [-72.251926444769, 43.8801071066844], [-72.2519183520513, 43.8800501080351], [-72.2518759854263, 43.8799988599321], [-72.2518645455007, 43.8799440253612], [-72.2518816365619, 43.8798814617503], [-72.2519446187028, 43.8798421091426], [-72.2524040778537, 43.8797282686227], [-72.2525416519427, 43.8796350353828], [-72.2526162009421, 43.8796320367943], [-72.2526620970011, 43.879698735014], [-72.2527279698959, 43.8799014052552], [-72.2529324510275, 43.880036938164], [-72.2529478868645, 43.880127664806], [-72.252981164297, 43.8801790981864], [-72.2530941417923, 43.880227550821], [-72.2531314592699, 43.8802639945336], [-72.2532725074025, 43.8803277661463], [-72.2533146914854, 43.8803614006433], [-72.2533981299001, 43.8803877874075], [-72.2534300707284, 43.8804574801797], [-72.2535177257721, 43.8804430028097], [-72.2536062878019, 43.8804731033002], [-72.2536970441754, 43.8805369150131], [-72.2538977336455, 43.8806069838831], [-72.2539682421779, 43.8806189726567], [-72.2540437437406, 43.8806096706777], [-72.2541972422989, 43.8805804205063], [-72.2545201484056, 43.8803212753546], [-72.2545827438364, 43.8802938797696], [-72.2546290964692, 43.8802940425874], [-72.2546819673097, 43.8803157542837], [-72.2547028089263, 43.8803695357318], [-72.2548001069731, 43.8802735497639], [-72.2548626313173, 43.8801230830066], [-72.2547927671071, 43.8797938483094], [-72.2548026363035, 43.8796790747751], [-72.2549022791525, 43.8795946213066], [-72.2549313441782, 43.8795527571581], [-72.254932622693, 43.8794984015903], [-72.2548078624991, 43.879356193157], [-72.2547323314419, 43.8793257038842], [-72.25474083908, 43.8792328870398], [-72.2547955555143, 43.8792058977242], [-72.2548166660918, 43.8791755300393], [-72.2548502967675, 43.8791752140447], [-72.2549872447332, 43.8792178772125], [-72.255208759714, 43.8792547473644], [-72.255296085641, 43.8792883217218], [-72.2554671495626, 43.8793039239096], [-72.2556260037615, 43.8792886072009], [-72.2557480805818, 43.8792461977584], [-72.2558754391341, 43.8793629746914], [-72.2559714208966, 43.8794157140072], [-72.2559926217726, 43.8794612324864], [-72.2559610944032, 43.879553534775], [-72.2557253499699, 43.8798721310997], [-72.2553948737047, 43.8800873287804], [-72.2552671484679, 43.8802471361904], [-72.2552450185872, 43.8803383839682], [-72.2552437307812, 43.8804834130896], [-72.2553167636066, 43.8806587091596], [-72.2554319030949, 43.8808352400378], [-72.2554939597222, 43.8811103032019], [-72.2555139233213, 43.8812934593766], [-72.2554904254431, 43.8816749873461], [-72.2555208681391, 43.8816981427605], [-72.255542669147, 43.8817891090599], [-72.2555395834825, 43.8821096086373], [-72.255569898141, 43.8822854079788], [-72.255651925321, 43.8824753050943], [-72.2558687231233, 43.8827176404958], [-72.2559214280788, 43.8828087163176], [-72.2559429212795, 43.8829005523744], [-72.2559117008058, 43.8829919861463], [-72.2558068535214, 43.8830838152871], [-72.2556495511695, 43.8831817663757], [-72.2553089302485, 43.8835052155433], [-72.2552349846015, 43.8835971525017], [-72.2551492085671, 43.8837803746498], [-72.2551161648878, 43.8839168133739], [-72.2551155257455, 43.8840998972512], [-72.2552833363803, 43.8842842237232], [-72.255644455078, 43.8843781183594], [-72.2558544739233, 43.8844147320123], [-72.2560571135047, 43.8845119852648], [-72.2561687965704, 43.8847526498923], [-72.2564807075872, 43.8849994494744], [-72.2565647772142, 43.8852017482621], [-72.2565747622615, 43.8852933276051], [-72.2566680400371, 43.8855676309119], [-72.2567885918161, 43.8858413790252], [-72.2568949098969, 43.886024620115], [-72.2570579369539, 43.8862006660259], [-72.2572754340116, 43.8862525233325], [-72.2576430689118, 43.8862809840594], [-72.258225468885, 43.8862275641285], [-72.2583416082335, 43.8863034202396], [-72.2583737168134, 43.8863944245986], [-72.2583734012293, 43.8864859665166], [-72.2583433930772, 43.8865776242503], [-72.2582476343816, 43.886669269469], [-72.2579744405926, 43.8867885653869], [-72.2576952913505, 43.8867578042027], [-72.2569874805983, 43.8867614244439], [-72.2562888366899, 43.8868879308775], [-72.2560226594469, 43.8869548434686], [-72.2558200190285, 43.8870352413506], [-72.2556659028604, 43.8871532096351], [-72.2556468027329, 43.8871996755847], [-72.2550912761602, 43.8873986498078], [-72.2550303754133, 43.8874430122215], [-72.2548817036224, 43.8874731513663], [-72.2545640373531, 43.8876703462936], [-72.254478883785, 43.8877611574792], [-72.2543200674252, 43.8879902210259], [-72.2541268895791, 43.88850445293], [-72.2539666464506, 43.8886758892043], [-72.2539558340993, 43.8887062929168], [-72.2540100857141, 43.8887930273473], [-72.2539653034463, 43.8888283123742], [-72.2539003999975, 43.8891485996497], [-72.2538963413907, 43.8897437327096], [-72.2538639554389, 43.8898275523361], [-72.2537578843589, 43.8899191588697], [-72.2535144971052, 43.8900633395404], [-72.2534084270097, 43.8901549471542], [-72.2533745937315, 43.8904059769101], [-72.2534895228669, 43.8906592697563], [-72.2534878573859, 43.8909032389037], [-72.2532649204401, 43.8910696702108], [-72.2532115671515, 43.8911616797267], [-72.2532009430643, 43.8912531880398], [-72.2532625716877, 43.8914134438589], [-72.2532305947068, 43.8914816105], [-72.2531884650644, 43.8915275607817], [-72.2529659969539, 43.8915802696396], [-72.2526264408575, 43.8916069075844], [-72.2521887760724, 43.8915794897367], [-72.2516808915508, 43.8914522326], [-72.2512893465227, 43.8913277761044], [-72.251114053859, 43.8913058469494], [-72.25107797561, 43.8913529065571], [-72.2510953263835, 43.8915180088678], [-72.2510954348644, 43.8918113433698], [-72.2510523660959, 43.8919940645343], [-72.2510511179689, 43.8921317032256], [-72.251072319555, 43.8921772239241], [-72.2510696370955, 43.8926125420286], [-72.2511730334059, 43.8929562561327], [-72.2512772150828, 43.8931853770915], [-72.2514453442669, 43.8933688433134], [-72.2515908395485, 43.893583325515], [-72.2515904150728, 43.89368965443], [-72.2514823026352, 43.8940334918496], [-72.25151805539747, 43.8942983569888], [-72.25082156545025, 43.894107535010825], [-72.24986940347834, 43.89384669353544], [-72.24714026620032, 43.89309914482684], [-72.24663566972893, 43.89296095116856], [-72.24636945055914, 43.89288795629262], [-72.2468140198197, 43.8927518273566]]]]}}, {"type": "Feature", "properties": {}, "geometry": {"type": "Polygon", "coordinates": [[[-72.2507373498913, 43.8884896860531], [-72.251145690577, 43.8883276110104], [-72.2513311820839, 43.8881867098403], [-72.2514585546264, 43.8881258390235], [-72.2516902048482, 43.8880581617182], [-72.2518934322993, 43.8880704034945], [-72.2525329471822, 43.8883966499035], [-72.2525542506317, 43.8884273846004], [-72.252468170899, 43.8885642884028], [-72.2523514594343, 43.8886169340111], [-72.2520987588949, 43.8886169134813], [-72.2517360817743, 43.8885708414699], [-72.251655136915, 43.8885772963593], [-72.251476477375, 43.888561227573], [-72.2511585224453, 43.8886214234026], [-72.2510425084335, 43.8887047310372], [-72.2509153210207, 43.8888267018729], [-72.2506481346941, 43.8892154189908], [-72.2505842254393, 43.8893443551497], [-72.2505080491877, 43.8896709062999], [-72.2505176780038, 43.889901215271], [-72.25060065332, 43.8900848147336], [-72.251062204081, 43.8905598258214], [-72.2510720288979, 43.8906735841655], [-72.251028976925, 43.8907656291699], [-72.2509184151903, 43.8908045962379], [-72.2503965655703, 43.890549861479], [-72.250281148595, 43.8904574733482], [-72.2499442576187, 43.8902736263294], [-72.2498406384486, 43.8901843251069], [-72.2497553840267, 43.8901122660233], [-72.2496095928427, 43.8898986526225], [-72.2495109430683, 43.8897917549466], [-72.2492749424372, 43.8893460254608], [-72.249275967869, 43.8892851442031], [-72.249276600168, 43.8891492437214], [-72.2493502509938, 43.8890581777595], [-72.2496380587459, 43.8888000034531], [-72.2498817590877, 43.8886549611848], [-72.2500083128365, 43.88862540176], [-72.2504033288266, 43.888595053487], [-72.2507373498913, 43.8884896860531]]]}}, {"type": "Feature", "properties": {}, "geometry": {"type": "Polygon", "coordinates": [[[-72.2589811805329, 43.8887799416515], [-72.2593209327227, 43.8884516929192], [-72.2594473979029, 43.8883897256146], [-72.2596377339258, 43.8883366763594], [-72.2597632821256, 43.8883208043177], [-72.2599537134523, 43.8883436436186], [-72.2600390022488, 43.8884119993989], [-72.2600814145999, 43.8885030375372], [-72.2601144060714, 43.8888236660403], [-72.2602255308411, 43.8890151845554], [-72.2602819817691, 43.8890014634573], [-72.2602307412678, 43.8890512983572], [-72.2601041772578, 43.8891280522895], [-72.259879771186, 43.8892007711478], [-72.2597363028387, 43.8893577038383], [-72.2596317412793, 43.8895865287442], [-72.2595277637137, 43.8899986620313], [-72.2594910241487, 43.8900548526986], [-72.2594221593429, 43.8900672253362], [-72.2592447344147, 43.890181855728], [-72.2592016934278, 43.8902739038448], [-72.2592125982583, 43.8903193872888], [-72.2591289502479, 43.8904567399586], [-72.2590023818386, 43.890533494048], [-72.2585807462939, 43.8906459697762], [-72.258496344066, 43.8906258893035], [-72.2584647856803, 43.8905877270024], [-72.258432674737, 43.8904967227305], [-72.2584023454444, 43.8901867579103], [-72.2583034130446, 43.8900298531201], [-72.2583979062736, 43.8899018886109], [-72.2586906849763, 43.8893068886829], [-72.2589811805329, 43.8887799416515]]]}}, {"type": "Feature", "properties": {}, "geometry": {"type": "Polygon", "coordinates": [[[-72.2531016136354, 43.8933742450332], [-72.2529855061402, 43.8933816641483], [-72.2528589589846, 43.8933205506738], [-72.2527756018897, 43.8932358889912], [-72.252525455568, 43.8928153355845], [-72.2522425562571, 43.8926210298234], [-72.2521784666437, 43.8925546999623], [-72.252147883756, 43.8924630475547], [-72.2521482070146, 43.8923715029556], [-72.2523075661779, 43.8922424663377], [-72.2523918277623, 43.8921505664248], [-72.2524664655399, 43.8921364779571], [-72.2524811699221, 43.8921132634646], [-72.252919611542, 43.8921602521119], [-72.2530466690827, 43.8921909241924], [-72.2533723169196, 43.8923375407845], [-72.2536779428161, 43.8923990651526], [-72.2539575363405, 43.892501159611], [-72.2542232402177, 43.8925516709199], [-72.2542721482027, 43.8925337935814], [-72.2542349417549, 43.8926130309855], [-72.2541303320382, 43.8926678954316], [-72.2540460723885, 43.8927597966226], [-72.2539189515735, 43.8928271946968], [-72.253664653688, 43.8929258916719], [-72.2535894851134, 43.8930176067965], [-72.2535317614429, 43.8931726618198], [-72.2531550363534, 43.8934053105552], [-72.2531336058699, 43.8933930574744], [-72.2531016136354, 43.8933742450332]]]}}, {"type": "Feature", "properties": {}, "geometry": {"type": "Polygon", "coordinates": [[[-72.2585976024576, 43.8948377438065], [-72.2585157319086, 43.8947561341366], [-72.258415822657, 43.8945185516196], [-72.2582686861385, 43.8944536752988], [-72.2577784443012, 43.8943565102065], [-72.2575127724762, 43.894255124073], [-72.257245514444, 43.8940747990744], [-72.257182638358, 43.8940521827853], [-72.2571079813641, 43.8939792953063], [-72.2569215345294, 43.8938581796531], [-72.2566803939517, 43.8938038469163], [-72.2566193982315, 43.8937723211151], [-72.2565450435545, 43.8936550746117], [-72.2565500863419, 43.8936263895596], [-72.2566425833646, 43.8935258172888], [-72.2567574127225, 43.893304422774], [-72.2566789689438, 43.8932095589448], [-72.2565600977465, 43.8931776145398], [-72.2565342092376, 43.8931525185956], [-72.2565281141929, 43.8930681268861], [-72.2564589292119, 43.892903713774], [-72.2561721532076, 43.892564365254], [-72.255914238397, 43.8924375629869], [-72.2558305177407, 43.8923611634206], [-72.2558185661244, 43.8922026028955], [-72.2558451142119, 43.8921750804282], [-72.2559369251333, 43.8921308244199], [-72.2561281779335, 43.8920788714913], [-72.256377677241, 43.8919718896717], [-72.2564303496688, 43.8918455196211], [-72.2564493022584, 43.8916870686074], [-72.2565099202888, 43.8916398767743], [-72.2565627599439, 43.8914441420553], [-72.2565370628523, 43.891345984359], [-72.2564241665666, 43.8912827480154], [-72.2563142652924, 43.8912691003069], [-72.2561178071115, 43.8912849395913], [-72.2559601199133, 43.891347664826], [-72.2557886400098, 43.8913440217954], [-72.2557505453875, 43.8913314945156], [-72.255662887785, 43.8912552987506], [-72.2556770564782, 43.8911320559057], [-72.2557206218954, 43.8910530580204], [-72.2558082065242, 43.8910061787372], [-72.2558839266122, 43.8910107928979], [-72.2559755352387, 43.8909961097644], [-72.2561231038911, 43.8909509615071], [-72.2562077751315, 43.8908868933718], [-72.2562223866991, 43.8907877893461], [-72.2562762341763, 43.8907560132487], [-72.2563894232063, 43.8907314022364], [-72.2565125216842, 43.8908094603923], [-72.2566056569187, 43.8908376176948], [-72.2567577411987, 43.8908414108821], [-72.2568358250131, 43.8908103709803], [-72.2569941126593, 43.8907930922072], [-72.2570331070068, 43.8908067108789], [-72.2571305593883, 43.8909133815217], [-72.2572091451496, 43.8909425748011], [-72.2574770992584, 43.890928723442], [-72.2575558993462, 43.8908811589891], [-72.257624789775, 43.8907309267043], [-72.2576210404565, 43.8906580689434], [-72.2575125090381, 43.8905317908951], [-72.2574685036578, 43.8904524869477], [-72.2573522750216, 43.8903442283679], [-72.2576090797504, 43.8902311826594], [-72.2578619534491, 43.8901618278064], [-72.2579882556851, 43.8901692253574], [-72.2580731353159, 43.8902532381968], [-72.2580921305087, 43.8903122310393], [-72.2579247901246, 43.8906378177852], [-72.2576327148241, 43.8909479656777], [-72.2576139816216, 43.8910296594275], [-72.2576117951097, 43.8910394371002], [-72.2575488706917, 43.8910242138838], [-72.2574964936288, 43.8910627369685], [-72.2573614412269, 43.8912286131613], [-72.2571008251582, 43.8916351982312], [-72.2570242856018, 43.8917960582913], [-72.256985474643, 43.8919342190848], [-72.2571100200744, 43.8922910473213], [-72.2571542862941, 43.8926452044082], [-72.2570077090048, 43.8929014969841], [-72.2569337986429, 43.893076719578], [-72.2569552970171, 43.8931685566973], [-72.2570937605742, 43.8933049427245], [-72.2579403800911, 43.8938902151586], [-72.2580034063924, 43.8938906524049], [-72.2580250728232, 43.8939131247396], [-72.2580355184825, 43.893981656746], [-72.2585433897801, 43.8943846126778], [-72.2586924561298, 43.894567351488], [-72.258776978607, 43.8947503012329], [-72.2590363320565, 43.895025402616], [-72.2591267940928, 43.8950465923716], [-72.2591695980509, 43.8950349989485], [-72.2591905226394, 43.895077690849], [-72.259264355526, 43.895138397966], [-72.2594349236802, 43.89550364859], [-72.2595510294491, 43.8955868990733], [-72.2598767324686, 43.895729804191], [-72.2601087214801, 43.895929572776], [-72.2602581218117, 43.8962890961867], [-72.260027148868, 43.8962532876696], [-72.2599852429169, 43.8960411307267], [-72.2598297328722, 43.8958692424559], [-72.2596739611309, 43.8957815056879], [-72.2593047796788, 43.8957500007971], [-72.2591685961175, 43.8957232161616], [-72.2589366882647, 43.8956465219933], [-72.2588625481984, 43.8955866831222], [-72.2588207842693, 43.8955336993949], [-72.2586160695183, 43.8950650399606], [-72.2585976024576, 43.8948377438065]]]}}, {"type": "Feature", "properties": {}, "geometry": {"type": "Polygon", "coordinates": [[[-72.2567620539538, 43.8949448588241], [-72.2566987176863, 43.8949452907399], [-72.2566038239044, 43.89490755843], [-72.2561280658677, 43.894729763733], [-72.2558154085947, 43.8945864609229], [-72.2557145728565, 43.8944421589364], [-72.2556515571453, 43.8942168807321], [-72.2556043882912, 43.894157351942], [-72.2554940829345, 43.8940686828826], [-72.2553044575771, 43.8940145263629], [-72.2544483772909, 43.89406501895], [-72.2543988443048, 43.8940411444302], [-72.2543451524593, 43.8937824110868], [-72.2543560671632, 43.8937372202151], [-72.2543232243926, 43.8937099248215], [-72.2542722968395, 43.893668213806], [-72.2543149373656, 43.8935918218059], [-72.2544210121988, 43.893500213417], [-72.2545480840685, 43.8934402090757], [-72.254674763945, 43.8933486728296], [-72.2549926471763, 43.8932125783008], [-72.2551191066533, 43.89319780041], [-72.2552354047223, 43.8932514823865], [-72.2553930520709, 43.8933738034367], [-72.2555196516337, 43.8934275212349], [-72.2559357815377, 43.8935046483036], [-72.256061104017, 43.8936127223554], [-72.2560606267518, 43.8936829553672], [-72.256061335316, 43.893757107488], [-72.2559143849597, 43.8939781725147], [-72.2559358820846, 43.8940700098084], [-72.2559988981032, 43.8941611229053], [-72.2560625744474, 43.8941996160011], [-72.2562528703627, 43.8942446401028], [-72.2563165984922, 43.8942757415922], [-72.2563484147691, 43.8943204288921], [-72.2563699126821, 43.8944122661005], [-72.2564547960328, 43.894496280088], [-72.2565817077891, 43.8945491282643], [-72.2570025797659, 43.8944642698954], [-72.2572249455908, 43.8945170151196], [-72.2573040757298, 43.8945555614455], [-72.2575861954933, 43.8945998163802], [-72.2576190155266, 43.8946308079773], [-72.25779213449, 43.894796671193], [-72.2578178246541, 43.8948513397525], [-72.2577649359438, 43.8949203042773], [-72.2574382149449, 43.8949289505731], [-72.2569799637197, 43.89498475963], [-72.2569450887151, 43.8949885528172], [-72.2567620539538, 43.8949448588241]]]}}, {"type": "Feature", "properties": {}, "geometry": {"type": "Polygon", "coordinates": [[[-72.2570025797659, 43.8944642698954], [-72.2565817077891, 43.8945491282643], [-72.2564547960328, 43.894496280088], [-72.2563699126821, 43.8944122661005], [-72.2563484147691, 43.8943204288921], [-72.2563165984922, 43.8942757415922], [-72.2562528703627, 43.8942446401028], [-72.2560625744474, 43.8941996160011], [-72.2559988981032, 43.8941611229053], [-72.2559358820846, 43.8940700098084], [-72.2559143849597, 43.8939781725147], [-72.256061335316, 43.893757107488], [-72.2560606267518, 43.8936829553672], [-72.2563569772024, 43.8938177216075], [-72.256477952531, 43.8938074883791], [-72.2566028095294, 43.8938951200964], [-72.2567913012849, 43.8939379638968], [-72.2569865810652, 43.8940523693424], [-72.257214975298, 43.8942440836722], [-72.2573484325942, 43.8943147853764], [-72.2575451250494, 43.8943998403212], [-72.2577649709568, 43.8944669263412], [-72.2578316117363, 43.894515214069], [-72.2577633181792, 43.8945767318761], [-72.2576681589032, 43.8946231521711], [-72.2576190155266, 43.8946308079773], [-72.2575861954933, 43.8945998163802], [-72.2573040757298, 43.8945555614455], [-72.2572249455908, 43.8945170151196], [-72.2570025797659, 43.8944642698954]]]}}, {"type": "Feature", "properties": {}, "geometry": {"type": "Polygon", "coordinates": [[[-72.2573889955044, 43.8958433634338], [-72.2574933503494, 43.8957819730225], [-72.2575248181543, 43.8957442465825], [-72.2575033693939, 43.8956450153312], [-72.2575027908322, 43.8954617056225], [-72.2575340154834, 43.8953702688128], [-72.2576179646298, 43.8952792335337], [-72.2577349419995, 43.8952331070527], [-72.257798227211, 43.8952400674342], [-72.2581436921884, 43.8955522197483], [-72.2584138214252, 43.8961161313506], [-72.25845169249274, 43.89620814345527], [-72.25717279340358, 43.89585672556907], [-72.2573889955044, 43.8958433634338]]]}}, {"type": "Feature", "properties": {}, "geometry": {"type": "Polygon", "coordinates": [[[-72.2614853878514, 43.8795307672869], [-72.2615098215466, 43.8793205867752], [-72.2615513338768, 43.879229186951], [-72.261691230539, 43.879103990417], [-72.261847967193, 43.8791780263698], [-72.261762388964, 43.8793353750232], [-72.2617532972993, 43.8794262335819], [-72.2618063021208, 43.8795636229609], [-72.2619225817041, 43.8796172968117], [-72.2619859525171, 43.8796094704746], [-72.2620799776674, 43.8795480415229], [-72.262156344193, 43.879318686989], [-72.2622969331855, 43.8790899891454], [-72.2624778188636, 43.8788603426445], [-72.2625732029747, 43.8787769578909], [-72.2626467736262, 43.878783951036], [-72.2628260770446, 43.8787002017162], [-72.2629520142418, 43.8786686718421], [-72.2630707745855, 43.8786682107451], [-72.2629762324489, 43.8788979374589], [-72.2628558026957, 43.8793745889047], [-72.262827381235, 43.8798643847422], [-72.2628020624743, 43.8799356183189], [-72.2627137056042, 43.8800101144553], [-72.2625607812278, 43.8800450306505], [-72.2621563703285, 43.880083861845], [-72.2620788454778, 43.8801242557915], [-72.2619656306507, 43.8799749182632], [-72.2618602059543, 43.8798834470411], [-72.26141045319, 43.8796364023495], [-72.2614853878514, 43.8795307672869]]]}}]}