{"type": "FeatureCollection", "features": [{"type": "Feature", "properties": {}, "geometry": {"type": "Polygon", "coordinates": [[[-72.32745, 43.81335], [-72.32739, 43.81337], [-72.32741, 43.81339], [-72.32739, 43.81341], [-72.32736, 43.81343], [-72.32735, 43.81342], [-72.32734, 43.81343], [-72.32734, 43.81344], [-72.32733, 43.81344], [-72.32731, 43.81345], [-72.32731, 43.81344], [-72.32731, 43.81343], [-72.32737, 43.81334], [-72.32739, 43.81327], [-72.3274, 43.81304], [-72.32737, 43.81295], [-72.32729, 43.81285], [-72.32721, 43.81279], [-72.32709, 43.81273], [-72.3271, 43.81255], [-72.3271, 43.81245], [-72.32711, 43.81242], [-72.32716, 43.8124], [-72.32719, 43.81232], [-72.32716, 43.81229], [-72.32714, 43.81229], [-72.32712, 43.81229], [-72.32714, 43.81218], [-72.32716, 43.81215], [-72.32716, 43.81209], [-72.32718, 43.81204], [-72.32719, 43.81193], [-72.32717, 43.8119], [-72.32712, 43.81188], [-72.32698, 43.8114], [-72.32688, 43.81114], [-72.32673, 43.81054], [-72.32671, 43.81049], [-72.32654, 43.80991], [-72.3265, 43.80967], [-72.32647, 43.80936], [-72.3265, 43.80929], [-72.32652, 43.80904], [-72.32659, 43.80906], [-72.3266, 43.80909], [-72.32659, 43.8092], [-72.32661, 43.80923], [-72.32657, 43.80928], [-72.32657, 43.80931], [-72.32655, 43.80936], [-72.32663, 43.80941], [-72.32666, 43.80941], [-72.32677, 43.80941], [-72.32678, 43.80943], [-72.3268, 43.80948], [-72.32683, 43.8095], [-72.32684, 43.80966], [-72.32688, 43.80985], [-72.32693, 43.81005], [-72.32705, 43.81044], [-72.32715, 43.81081], [-72.32721, 43.81106], [-72.32729, 43.81129], [-72.32738, 43.81154], [-72.32738, 43.81156], [-72.32744, 43.81179], [-72.32745, 43.81183], [-72.32747, 43.81205], [-72.32747, 43.81208], [-72.32746, 43.81231], [-72.32745, 43.81233], [-72.32743, 43.81252], [-72.32745, 43.81291], [-72.32751, 43.81317], [-72.32751, 43.81319], [-72.32751, 43.81322], [-72.32751, 43.81325], [-72.3275, 43.81327], [-72.32749, 43.8133], [-72.32748, 43.81332], [-72.32746, 43.81335], [-72.32745, 43.81335]]]}}, {"type": "Feature", "properties": {}, "geometry": {"type": "MultiPolygon", "coordinates": [[[[-72.32689, 43.81707], [-72.32687, 43.81703], [-72.3268, 43.81702], [-72.32681, 43.81669], [-72.32692, 43.81613], [-72.32696, 43.81611], [-72.32701, 43.8161], [-72.32699, 43.81607], [-72.32696, 43.81606], [-72.32698, 43.81605], [-72.327, 43.81603], [-72.32701, 43.81601], [-72.32703, 43.81595], [-72.32708, 43.81589], [-72.32708, 43.81583], [-72.32713, 43.81581], [-72.3271, 43.81575], [-72.32702, 43.81578], [-72.327, 43.81567], [-72.32705, 43.81541], [-72.32712, 43.81541], [-72.32717, 43.81539], [-72.32723, 43.81541], [-72.32728, 43.81538], [-72.32728, 43.81534], [-72.32721, 43.81531], [-72.32714, 43.81532], [-72.32708, 43.81533], [-72.32708, 43.81527], [-72.32718, 43.81469], [-72.32725, 43.81466], [-72.32728, 43.8147], [-72.32729, 43.81472], [-72.3273, 43.81473], [-72.32732, 43.8148], [-72.32733, 43.81482], [-72.32733, 43.81484], [-72.32735, 43.81487], [-72.32738, 43.81491], [-72.32741, 43.81493], [-72.32737, 43.81494], [-72.32734, 43.81492], [-72.32732, 43.81492], [-72.32728, 43.81496], [-72.32728, 43.81501], [-72.32728, 43.81503], [-72.32729, 43.81509], [-72.32729, 43.81514], [-72.32739, 43.8152], [-72.32742, 43.81519], [-72.32742, 43.8152], [-72.32734, 43.81566], [-72.32724, 43.81619], [-72.32711, 43.81626], [-72.32703, 43.81633], [-72.32697, 43.81641], [-72.32694, 43.81651], [-72.32693, 43.81658], [-72.32696, 43.81673], [-72.32699, 43.81681], [-72.32709, 43.81691], [-72.32714, 43.81694], [-72.32714, 43.81695], [-72.32714, 43.81698], [-72.32714, 43.817], [-72.32713, 43.81703], [-72.32712, 43.81706], [-72.3271, 43.81708], [-72.32709, 43.8171], [-72.32706, 43.81713], [-72.32704, 43.81715], [-72.32701, 43.81717], [-72.327, 43.81717], [-72.32693, 43.81711], [-72.32689, 43.81707]]], [[[-72.32748, 43.81458], [-72.32745, 43.81457], [-72.3274, 43.81458], [-72.32733, 43.81461], [-72.32725, 43.81461], [-72.32724, 43.81458], [-72.32731, 43.81455], [-72.32738, 43.8145], [-72.32742, 43.81446], [-72.32744, 43.81448], [-72.32746, 43.8145], [-72.32748, 43.81452], [-72.3275, 43.81455], [-72.32751, 43.81457], [-72.32752, 43.8146], [-72.32752, 43.81463], [-72.32752, 43.81465], [-72.32752, 43.81466], [-72.32748, 43.81464], [-72.32748, 43.81458]]]]}}, {"type": "Feature", "properties": {}, "geometry": {"type": "Polygon", "coordinates": [[[-72.33179, 43.82118], [-72.33178, 43.82118], [-72.33175, 43.82118], [-72.33171, 43.82119], [-72.33109, 43.8212], [-72.33025, 43.82127], [-72.32964, 43.82129], [-72.32935, 43.82124], [-72.32909, 43.82115], [-72.32893, 43.82106], [-72.3287, 43.82091], [-72.32868, 43.8209], [-72.32843, 43.82069], [-72.32828, 43.82055], [-72.32817, 43.82042], [-72.32782, 43.82012], [-72.32765, 43.81993], [-72.32756, 43.81978], [-72.32762, 43.81974], [-72.32769, 43.81978], [-72.32775, 43.81983], [-72.32775, 43.81988], [-72.32779, 43.8199], [-72.32785, 43.81994], [-72.3279, 43.81994], [-72.32791, 43.81994], [-72.32796, 43.81994], [-72.32798, 43.8199], [-72.32797, 43.81987], [-72.32794, 43.81985], [-72.32789, 43.81981], [-72.32784, 43.81978], [-72.32784, 43.8197], [-72.32781, 43.81966], [-72.32776, 43.81965], [-72.32775, 43.81965], [-72.32773, 43.81965], [-72.32765, 43.81967], [-72.32754, 43.81973], [-72.32751, 43.81971], [-72.32738, 43.81951], [-72.32719, 43.81914], [-72.32709, 43.81883], [-72.32701, 43.81837], [-72.32692, 43.81812], [-72.32691, 43.81806], [-72.32689, 43.81798], [-72.32688, 43.81783], [-72.32695, 43.81775], [-72.32701, 43.81768], [-72.32702, 43.81768], [-72.32705, 43.8177], [-72.32708, 43.81771], [-72.32711, 43.81773], [-72.32714, 43.81775], [-72.32716, 43.81777], [-72.32718, 43.8178], [-72.32719, 43.81782], [-72.32721, 43.81785], [-72.32722, 43.81787], [-72.32722, 43.8179], [-72.32723, 43.81796], [-72.32725, 43.81803], [-72.32733, 43.81828], [-72.32733, 43.81829], [-72.32736, 43.81839], [-72.32736, 43.81841], [-72.32738, 43.81851], [-72.32741, 43.81866], [-72.32743, 43.8188], [-72.32747, 43.81894], [-72.32753, 43.81908], [-72.3276, 43.81923], [-72.32771, 43.81942], [-72.32785, 43.81965], [-72.32796, 43.81981], [-72.32801, 43.81987], [-72.32807, 43.81993], [-72.32815, 43.82001], [-72.3284, 43.82022], [-72.32842, 43.82024], [-72.32866, 43.82049], [-72.32889, 43.82069], [-72.32902, 43.82078], [-72.32903, 43.82078], [-72.32912, 43.82085], [-72.32922, 43.8209], [-72.3293, 43.82094], [-72.32942, 43.82098], [-72.32948, 43.821], [-72.32953, 43.82101], [-72.32961, 43.82102], [-72.32969, 43.82103], [-72.32974, 43.82103], [-72.32983, 43.82103], [-72.33024, 43.82101], [-72.33068, 43.82097], [-72.33069, 43.82097], [-72.33111, 43.82094], [-72.33113, 43.82094], [-72.33139, 43.82094], [-72.33142, 43.82094], [-72.33171, 43.82094], [-72.33175, 43.82095], [-72.33178, 43.82095], [-72.33182, 43.82096], [-72.33185, 43.82097], [-72.33189, 43.82098], [-72.33191, 43.821], [-72.33179, 43.82118]]]}}, {"type": "Feature", "properties": {}, "geometry": {"type": "MultiPolygon", "coordinates": [[[[-72.31063, 43.8187], [-72.31062, 43.81868], [-72.31056, 43.81862], [-72.31052, 43.81858], [-72.31043, 43.81863], [-72.31037, 43.81862], [-72.31031, 43.81858], [-72.31024, 43.8186], [-72.31016, 43.81857], [-72.31016, 43.8185], [-72.31026, 43.8185], [-72.31107, 43.81855], [-72.31136, 43.81858], [-72.31154, 43.81861], [-72.31151, 43.81862], [-72.31143, 43.81864], [-72.31143, 43.81866], [-72.31147, 43.81869], [-72.31151, 43.81868], [-72.31153, 43.81867], [-72.31155, 43.81871], [-72.3116, 43.81872], [-72.31164, 43.8187], [-72.31166, 43.81863], [-72.31243, 43.81871], [-72.31257, 43.81875], [-72.31272, 43.81878], [-72.31285, 43.81879], [-72.31279, 43.81887], [-72.31269, 43.81889], [-72.31266, 43.81888], [-72.31265, 43.81888], [-72.31261, 43.81885], [-72.31249, 43.81885], [-72.31247, 43.81884], [-72.31243, 43.81881], [-72.31238, 43.81879], [-72.31231, 43.81877], [-72.31226, 43.81876], [-72.31221, 43.81873], [-72.31219, 43.81874], [-72.31219, 43.81881], [-72.31213, 43.81885], [-72.31205, 43.81885], [-72.31204, 43.81885], [-72.31201, 43.81885], [-72.31199, 43.81885], [-72.31198, 43.81885], [-72.31194, 43.81884], [-72.31189, 43.81884], [-72.31184, 43.81883], [-72.3118, 43.81882], [-72.31177, 43.81881], [-72.31171, 43.81879], [-72.31167, 43.81881], [-72.31164, 43.8188], [-72.31159, 43.81881], [-72.31155, 43.8188], [-72.31145, 43.81882], [-72.31137, 43.81879], [-72.31135, 43.81871], [-72.31128, 43.81871], [-72.31133, 43.81877], [-72.31131, 43.81879], [-72.31119, 43.81879], [-72.31111, 43.81879], [-72.31111, 43.81875], [-72.31107, 43.81871], [-72.31106, 43.81871], [-72.31103, 43.81875], [-72.31091, 43.81876], [-72.31091, 43.81871], [-72.31094, 43.81867], [-72.31095, 43.81861], [-72.31092, 43.81862], [-72.3109, 43.81865], [-72.31088, 43.81868], [-72.31087, 43.8187], [-72.3108, 43.81876], [-72.31058, 43.81875], [-72.3106, 43.81872], [-72.31063, 43.8187]]], [[[-72.31212, 43.81888], [-72.31216, 43.81892], [-72.31205, 43.8189], [-72.31212, 43.81888]]]]}}, {"type": "Feature", "properties": {}, "geometry": {"type": "MultiPolygon", "coordinates": [[[[-72.30424, 43.81994], [-72.30407, 43.81993], [-72.30415, 43.81992], [-72.30423, 43.81989], [-72.30423, 43.81983], [-72.30438, 43.81977], [-72.30443, 43.81975], [-72.30448, 43.8198], [-72.30448, 43.81983], [-72.30451, 43.81987], [-72.30448, 43.81993], [-72.30449, 43.81997], [-72.30443, 43.82], [-72.30437, 43.81997], [-72.30424, 43.81994]]], [[[-72.30454, 43.81986], [-72.30456, 43.81977], [-72.30452, 43.81974], [-72.30452, 43.81973], [-72.30452, 43.81971], [-72.30461, 43.81968], [-72.30466, 43.81968], [-72.30469, 43.81966], [-72.30471, 43.81964], [-72.30474, 43.81962], [-72.30485, 43.81961], [-72.30486, 43.81959], [-72.30491, 43.81952], [-72.30503, 43.81946], [-72.30509, 43.81943], [-72.30516, 43.81941], [-72.30528, 43.81932], [-72.30556, 43.81918], [-72.30562, 43.81915], [-72.30573, 43.8191], [-72.30592, 43.81901], [-72.3063, 43.81883], [-72.30635, 43.81882], [-72.30641, 43.81879], [-72.30644, 43.8188], [-72.30647, 43.81889], [-72.30656, 43.81889], [-72.30654, 43.81883], [-72.30646, 43.81876], [-72.30649, 43.81874], [-72.30656, 43.81872], [-72.30658, 43.8187], [-72.30665, 43.81866], [-72.30684, 43.81855], [-72.30701, 43.81847], [-72.30719, 43.81845], [-72.30724, 43.81848], [-72.30734, 43.8185], [-72.30737, 43.81849], [-72.30737, 43.81844], [-72.30741, 43.81839], [-72.30749, 43.81838], [-72.3076, 43.81835], [-72.30766, 43.81837], [-72.30772, 43.81836], [-72.30778, 43.81836], [-72.30777, 43.81837], [-72.30775, 43.81839], [-72.30773, 43.81841], [-72.3077, 43.81843], [-72.30767, 43.81845], [-72.30764, 43.81846], [-72.30763, 43.81846], [-72.3076, 43.81847], [-72.30757, 43.81848], [-72.30752, 43.8185], [-72.30744, 43.81852], [-72.30739, 43.8185], [-72.30739, 43.81852], [-72.30739, 43.81854], [-72.30721, 43.81863], [-72.30682, 43.81884], [-72.3068, 43.81885], [-72.30636, 43.81906], [-72.30585, 43.8193], [-72.30583, 43.81931], [-72.30519, 43.81964], [-72.30517, 43.81965], [-72.30455, 43.81994], [-72.30455, 43.81989], [-72.30454, 43.81986]]]]}}, {"type": "Feature", "properties": {}, "geometry": {"type": "MultiPolygon", "coordinates": [[[[-72.3265, 43.81805], [-72.3265, 43.81807], [-72.3265, 43.81809], [-72.32656, 43.81813], [-72.32659, 43.81811], [-72.32658, 43.81806], [-72.3266, 43.81806], [-72.32663, 43.81807], [-72.32674, 43.81809], [-72.32677, 43.81813], [-72.3268, 43.81817], [-72.32685, 43.81821], [-72.32686, 43.81824], [-72.3269, 43.81828], [-72.32695, 43.81844], [-72.32702, 43.81885], [-72.32708, 43.81906], [-72.32719, 43.81931], [-72.32732, 43.81956], [-72.32748, 43.81978], [-72.3274, 43.81984], [-72.32736, 43.81983], [-72.32731, 43.81983], [-72.32726, 43.8198], [-72.32722, 43.81978], [-72.32716, 43.81973], [-72.32715, 43.81968], [-72.32706, 43.81971], [-72.32705, 43.81971], [-72.32702, 43.81965], [-72.32701, 43.81963], [-72.32689, 43.81942], [-72.32689, 43.81941], [-72.32681, 43.81926], [-72.32681, 43.81924], [-72.32674, 43.81908], [-72.32673, 43.81906], [-72.32669, 43.8189], [-72.32668, 43.81888], [-72.32666, 43.81873], [-72.32665, 43.81873], [-72.32663, 43.81858], [-72.32661, 43.81848], [-72.32659, 43.81841], [-72.32651, 43.81815], [-72.3265, 43.81814], [-72.32648, 43.81805], [-72.3265, 43.81805]]], [[[-72.32724, 43.81988], [-72.32724, 43.81989], [-72.3272, 43.81994], [-72.32718, 43.81991], [-72.32724, 43.81988]]], [[[-72.32731, 43.81998], [-72.32738, 43.81996], [-72.32742, 43.81995], [-72.32753, 43.81995], [-72.32751, 43.8199], [-72.32754, 43.81987], [-72.32761, 43.81998], [-72.32772, 43.82011], [-72.32807, 43.8204], [-72.32833, 43.82069], [-72.3284, 43.82075], [-72.3285, 43.82083], [-72.32855, 43.82088], [-72.32882, 43.82106], [-72.32909, 43.82122], [-72.32935, 43.8213], [-72.32964, 43.82135], [-72.33027, 43.82133], [-72.33123, 43.82125], [-72.3317, 43.82126], [-72.33173, 43.82126], [-72.33172, 43.82127], [-72.33163, 43.82141], [-72.33157, 43.82149], [-72.3314, 43.82148], [-72.33117, 43.82149], [-72.33076, 43.82152], [-72.33032, 43.82156], [-72.33029, 43.82156], [-72.33027, 43.82156], [-72.33023, 43.82156], [-72.32988, 43.82158], [-72.32977, 43.82158], [-72.32973, 43.82158], [-72.32964, 43.82158], [-72.32961, 43.82158], [-72.32949, 43.82157], [-72.32947, 43.82156], [-72.32936, 43.82155], [-72.32932, 43.82154], [-72.32923, 43.82152], [-72.32919, 43.82151], [-72.32911, 43.82148], [-72.3291, 43.82148], [-72.32896, 43.82143], [-72.32893, 43.82142], [-72.3289, 43.82141], [-72.32878, 43.82135], [-72.32875, 43.82133], [-72.32864, 43.82127], [-72.32861, 43.82125], [-72.32851, 43.82118], [-72.32836, 43.82108], [-72.32833, 43.82106], [-72.32807, 43.82084], [-72.32805, 43.82082], [-72.3278, 43.82056], [-72.32757, 43.82035], [-72.32756, 43.82035], [-72.32747, 43.82027], [-72.32746, 43.82025], [-72.32738, 43.82018], [-72.32737, 43.82016], [-72.3273, 43.82008], [-72.32729, 43.82006], [-72.32726, 43.82002], [-72.32731, 43.81998]]]]}}, {"type": "Feature", "properties": {}, "geometry": {"type": "Polygon", "coordinates": [[[-72.30047, 43.82243], [-72.30077, 43.82222], [-72.30079, 43.82222], [-72.30084, 43.82218], [-72.30098, 43.82209], [-72.30111, 43.82201], [-72.30146, 43.82174], [-72.30182, 43.82141], [-72.30189, 43.82139], [-72.30194, 43.82134], [-72.30211, 43.82119], [-72.30232, 43.82104], [-72.30242, 43.82096], [-72.30251, 43.82088], [-72.30254, 43.82087], [-72.30261, 43.82081], [-72.30272, 43.82074], [-72.30293, 43.82058], [-72.30298, 43.82057], [-72.30301, 43.82053], [-72.30305, 43.82053], [-72.3031, 43.82053], [-72.30316, 43.82053], [-72.30317, 43.8206], [-72.30316, 43.82061], [-72.30315, 43.82062], [-72.30305, 43.82066], [-72.30304, 43.82071], [-72.30311, 43.82074], [-72.30313, 43.82075], [-72.30295, 43.82089], [-72.30293, 43.82091], [-72.30273, 43.82104], [-72.30257, 43.82117], [-72.30255, 43.82119], [-72.30252, 43.82121], [-72.30249, 43.82122], [-72.30246, 43.82123], [-72.30244, 43.82124], [-72.30227, 43.82136], [-72.30166, 43.8219], [-72.30165, 43.82192], [-72.30138, 43.82213], [-72.30134, 43.82215], [-72.30121, 43.82223], [-72.30109, 43.82231], [-72.30105, 43.82234], [-72.30102, 43.82236], [-72.301, 43.82237], [-72.30097, 43.82239], [-72.30087, 43.82245], [-72.30084, 43.82247], [-72.30081, 43.82249], [-72.30077, 43.8225], [-72.30074, 43.82251], [-72.3007, 43.82252], [-72.30067, 43.82252], [-72.30063, 43.82253], [-72.30059, 43.82253], [-72.30056, 43.82252], [-72.30052, 43.82252], [-72.30049, 43.82251], [-72.30047, 43.82243]]]}}, {"type": "Feature", "properties": {}, "geometry": {"type": "Polygon", "coordinates": [[[-72.29637, 43.82513], [-72.29635, 43.82513], [-72.29631, 43.82513], [-72.29626, 43.82508], [-72.29612, 43.82498], [-72.29643, 43.8249], [-72.29659, 43.82484], [-72.29681, 43.82474], [-72.29693, 43.8247], [-72.29731, 43.82442], [-72.29734, 43.8244], [-72.29773, 43.82415], [-72.29774, 43.82425], [-72.29779, 43.82434], [-72.29783, 43.82438], [-72.29751, 43.82459], [-72.29717, 43.82483], [-72.29715, 43.82485], [-72.29712, 43.82486], [-72.2971, 43.82488], [-72.29676, 43.82502], [-72.29672, 43.82503], [-72.29652, 43.8251], [-72.29649, 43.82511], [-72.29638, 43.82513], [-72.29637, 43.82513]]]}}, {"type": "Feature", "properties": {}, "geometry": {"type": "MultiPolygon", "coordinates": [[[[-72.29721, 43.83016], [-72.29717, 43.8301], [-72.29715, 43.83007], [-72.29707, 43.83007], [-72.29703, 43.83003], [-72.29702, 43.83002], [-72.29698, 43.83005], [-72.29698, 43.83008], [-72.29698, 43.8301], [-72.29688, 43.82999], [-72.29683, 43.82995], [-72.29686, 43.82995], [-72.2969, 43.82995], [-72.29693, 43.82996], [-72.29697, 43.82996], [-72.297, 43.82997], [-72.29704, 43.82999], [-72.29707, 43.83], [-72.29723, 43.83009], [-72.2973, 43.83012], [-72.29723, 43.83017], [-72.29721, 43.83016]]], [[[-72.29741, 43.83016], [-72.29745, 43.83018], [-72.29742, 43.83018], [-72.29741, 43.83016]]]]}}, {"type": "Feature", "properties": {}, "geometry": {"type": "Polygon", "coordinates": [[[-72.32027, 43.83303], [-72.32016, 43.83309], [-72.32006, 43.83316], [-72.31997, 43.83313], [-72.31995, 43.83313], [-72.31991, 43.83311], [-72.31988, 43.8331], [-72.31984, 43.83313], [-72.31981, 43.83314], [-72.31981, 43.83309], [-72.31981, 43.83308], [-72.31975, 43.83307], [-72.31972, 43.83304], [-72.31965, 43.83301], [-72.31956, 43.83299], [-72.31953, 43.83298], [-72.31949, 43.83297], [-72.31946, 43.83294], [-72.31939, 43.83293], [-72.31939, 43.83292], [-72.31947, 43.83287], [-72.31955, 43.8328], [-72.31955, 43.83279], [-72.31959, 43.8328], [-72.31962, 43.8328], [-72.31966, 43.83281], [-72.31988, 43.83288], [-72.31993, 43.83289], [-72.32002, 43.83291], [-72.32014, 43.83293], [-72.32017, 43.83294], [-72.32021, 43.83294], [-72.32025, 43.83295], [-72.32028, 43.83296], [-72.32032, 43.83297], [-72.32035, 43.83298], [-72.32038, 43.833], [-72.32039, 43.83301], [-72.32027, 43.83303]]]}}, {"type": "Feature", "properties": {}, "geometry": {"type": "Polygon", "coordinates": [[[-72.28112, 43.79532], [-72.28106, 43.79533], [-72.28104, 43.79532], [-72.28099, 43.7953], [-72.28099, 43.79528], [-72.28099, 43.79524], [-72.28095, 43.79521], [-72.28091, 43.79521], [-72.2809, 43.79521], [-72.28086, 43.7952], [-72.28081, 43.79523], [-72.28082, 43.79521], [-72.28084, 43.79519], [-72.28143, 43.79499], [-72.28151, 43.79501], [-72.28161, 43.79496], [-72.28169, 43.79499], [-72.28173, 43.79498], [-72.28177, 43.79497], [-72.28184, 43.79508], [-72.28183, 43.79508], [-72.28163, 43.79518], [-72.2816, 43.79519], [-72.28157, 43.7952], [-72.28154, 43.79521], [-72.28137, 43.79525], [-72.28122, 43.79529], [-72.28113, 43.79532], [-72.28112, 43.79532]]]}}, {"type": "Feature", "properties": {}, "geometry": {"type": "MultiPolygon", "coordinates": [[[[-72.29915, 43.80138], [-72.29866, 43.80158], [-72.29854, 43.80163], [-72.29824, 43.80177], [-72.29787, 43.80191], [-72.29776, 43.80194], [-72.29776, 43.80193], [-72.29775, 43.8019], [-72.29774, 43.80187], [-72.29774, 43.80185], [-72.29774, 43.80182], [-72.29774, 43.80179], [-72.29775, 43.80177], [-72.29776, 43.80174], [-72.29777, 43.80172], [-72.29779, 43.80169], [-72.29781, 43.80167], [-72.29784, 43.80165], [-72.29786, 43.80163], [-72.29789, 43.80161], [-72.29792, 43.8016], [-72.29849, 43.80136], [-72.29849, 43.80135], [-72.29869, 43.80127], [-72.29873, 43.80126], [-72.29876, 43.80125], [-72.2988, 43.80124], [-72.29883, 43.80124], [-72.29887, 43.80124], [-72.29891, 43.80124], [-72.29895, 43.80124], [-72.29898, 43.80125], [-72.29902, 43.80125], [-72.29905, 43.80127], [-72.29908, 43.80128], [-72.29911, 43.80129], [-72.29914, 43.80131], [-72.29917, 43.80133], [-72.29919, 43.80135], [-72.2992, 43.80136], [-72.29915, 43.80138]]], [[[-72.29789, 43.80197], [-72.29827, 43.80182], [-72.29854, 43.80169], [-72.2987, 43.80163], [-72.29916, 43.80144], [-72.29924, 43.80141], [-72.29924, 43.80142], [-72.29925, 43.80145], [-72.29926, 43.80148], [-72.29926, 43.8015], [-72.29926, 43.80153], [-72.29925, 43.80156], [-72.29925, 43.80158], [-72.29923, 43.80161], [-72.29922, 43.80163], [-72.2992, 43.80166], [-72.29918, 43.80168], [-72.29915, 43.8017], [-72.29913, 43.80172], [-72.2991, 43.80174], [-72.29907, 43.80175], [-72.29887, 43.80183], [-72.29831, 43.80207], [-72.29827, 43.80208], [-72.29824, 43.80209], [-72.2982, 43.8021], [-72.29817, 43.80211], [-72.29813, 43.80211], [-72.29809, 43.80211], [-72.29806, 43.80211], [-72.29802, 43.8021], [-72.29799, 43.80209], [-72.29795, 43.80208], [-72.29792, 43.80207], [-72.29789, 43.80205], [-72.29786, 43.80204], [-72.29783, 43.80202], [-72.29781, 43.802], [-72.2978, 43.80199], [-72.29789, 43.80197]]]]}}, {"type": "Feature", "properties": {}, "geometry": {"type": "MultiPolygon", "coordinates": [[[[-72.32622, 43.80996], [-72.32627, 43.80994], [-72.32631, 43.80993], [-72.32634, 43.80988], [-72.32636, 43.80984], [-72.32632, 43.80976], [-72.32635, 43.80972], [-72.32632, 43.80967], [-72.32623, 43.80965], [-72.32621, 43.80958], [-72.32626, 43.80956], [-72.32633, 43.80952], [-72.3264, 43.80946], [-72.32643, 43.80969], [-72.32646, 43.80992], [-72.32662, 43.81044], [-72.32667, 43.81061], [-72.32675, 43.8109], [-72.3268, 43.81114], [-72.32691, 43.81141], [-72.32702, 43.81181], [-72.32705, 43.812], [-72.32699, 43.81205], [-72.32693, 43.81207], [-72.32686, 43.81209], [-72.32681, 43.81211], [-72.32675, 43.81211], [-72.32673, 43.81211], [-72.32673, 43.81215], [-72.3267, 43.81218], [-72.32671, 43.81207], [-72.32671, 43.81206], [-72.32672, 43.81203], [-72.32671, 43.81188], [-72.32667, 43.81178], [-72.32667, 43.81177], [-72.32664, 43.81166], [-72.32656, 43.81142], [-72.32648, 43.81119], [-72.32647, 43.81117], [-72.32641, 43.81092], [-72.32631, 43.81055], [-72.32619, 43.81017], [-72.32619, 43.81016], [-72.32615, 43.81002], [-72.32616, 43.81002], [-72.32622, 43.80996]]], [[[-72.32681, 43.8123], [-72.32691, 43.81231], [-72.32692, 43.81237], [-72.32694, 43.8124], [-72.32691, 43.81246], [-72.32697, 43.81249], [-72.32699, 43.81255], [-72.32699, 43.81258], [-72.32701, 43.81262], [-72.32701, 43.8127], [-72.32688, 43.81269], [-72.32668, 43.81269], [-72.32667, 43.81252], [-72.32667, 43.81249], [-72.3267, 43.81228], [-72.32673, 43.81229], [-72.32681, 43.8123]]]]}}, {"type": "Feature", "properties": {}, "geometry": {"type": "MultiPolygon", "coordinates": [[[[-72.31522, 43.81445], [-72.31518, 43.81446], [-72.31516, 43.81447], [-72.31519, 43.81449], [-72.31532, 43.81449], [-72.31536, 43.8145], [-72.31544, 43.81451], [-72.31542, 43.81454], [-72.31541, 43.81457], [-72.31541, 43.81461], [-72.31536, 43.81468], [-72.3152, 43.81463], [-72.31516, 43.81452], [-72.31511, 43.81447], [-72.31513, 43.81445], [-72.31516, 43.81444], [-72.3152, 43.81442], [-72.31523, 43.81441], [-72.31523, 43.81442], [-72.31522, 43.81445]]], [[[-72.31521, 43.81469], [-72.31535, 43.81473], [-72.31534, 43.81484], [-72.31536, 43.81491], [-72.31542, 43.81502], [-72.31552, 43.81511], [-72.31569, 43.8152], [-72.31566, 43.8152], [-72.31563, 43.8152], [-72.31559, 43.81519], [-72.31555, 43.81519], [-72.31552, 43.81518], [-72.31548, 43.81517], [-72.31545, 43.81515], [-72.31542, 43.81514], [-72.3154, 43.81512], [-72.31537, 43.8151], [-72.31523, 43.81498], [-72.31518, 43.81494], [-72.31519, 43.81493], [-72.31521, 43.81469]]]]}}, {"type": "Feature", "properties": {}, "geometry": {"type": "Polygon", "coordinates": [[[-72.32684, 43.81463], [-72.32712, 43.81463], [-72.32699, 43.81531], [-72.32694, 43.81535], [-72.32691, 43.81543], [-72.32693, 43.81564], [-72.32691, 43.81576], [-72.32689, 43.81583], [-72.32688, 43.81591], [-72.32684, 43.81597], [-72.32682, 43.816], [-72.32685, 43.81605], [-72.32673, 43.81674], [-72.32672, 43.81698], [-72.32666, 43.81697], [-72.3266, 43.81695], [-72.32661, 43.81691], [-72.32665, 43.81685], [-72.32665, 43.81683], [-72.32658, 43.81677], [-72.32662, 43.81671], [-72.3266, 43.81662], [-72.32654, 43.81661], [-72.32652, 43.8166], [-72.32648, 43.81659], [-72.32644, 43.81658], [-72.32643, 43.81658], [-72.32641, 43.81657], [-72.32641, 43.81653], [-72.32646, 43.8165], [-72.32649, 43.81652], [-72.32655, 43.81656], [-72.32663, 43.81654], [-72.32663, 43.81651], [-72.32656, 43.81647], [-72.32658, 43.81646], [-72.32661, 43.81644], [-72.32659, 43.81631], [-72.32666, 43.81627], [-72.32668, 43.81621], [-72.3267, 43.81616], [-72.32668, 43.81608], [-72.32665, 43.81604], [-72.32659, 43.816], [-72.32661, 43.81597], [-72.32665, 43.81596], [-72.32671, 43.81585], [-72.32674, 43.81586], [-72.32676, 43.81586], [-72.32672, 43.81583], [-72.32679, 43.81578], [-72.32678, 43.81563], [-72.32673, 43.81563], [-72.32667, 43.81559], [-72.32663, 43.81555], [-72.32661, 43.81554], [-72.3266, 43.81553], [-72.32667, 43.81513], [-72.32677, 43.81462], [-72.32684, 43.81463]]]}}, {"type": "Feature", "properties": {}, "geometry": {"type": "Polygon", "coordinates": [[[-72.31215, 43.81844], [-72.31219, 43.81852], [-72.31222, 43.81857], [-72.3123, 43.81864], [-72.31209, 43.81862], [-72.31212, 43.8186], [-72.31211, 43.81856], [-72.31206, 43.81857], [-72.31198, 43.81858], [-72.31188, 43.81859], [-72.31188, 43.81858], [-72.31184, 43.81855], [-72.31178, 43.81856], [-72.31168, 43.81851], [-72.31165, 43.8185], [-72.3116, 43.81854], [-72.31156, 43.81853], [-72.31149, 43.81852], [-72.31147, 43.81851], [-72.31141, 43.81851], [-72.31138, 43.8185], [-72.31133, 43.81849], [-72.3112, 43.81849], [-72.31106, 43.81848], [-72.31105, 43.81846], [-72.31102, 43.81845], [-72.31098, 43.81843], [-72.31095, 43.81844], [-72.31088, 43.81845], [-72.3108, 43.81841], [-72.31076, 43.81843], [-72.3107, 43.81843], [-72.31068, 43.8184], [-72.31076, 43.81832], [-72.31081, 43.8183], [-72.31084, 43.81827], [-72.31083, 43.81825], [-72.31083, 43.81822], [-72.31137, 43.81826], [-72.31141, 43.81826], [-72.31178, 43.81832], [-72.31214, 43.81836], [-72.31215, 43.81844]]]}}, {"type": "Feature", "properties": {}, "geometry": {"type": "MultiPolygon", "coordinates": [[[[-72.30572, 43.81881], [-72.30577, 43.81883], [-72.30581, 43.81878], [-72.30585, 43.81876], [-72.30596, 43.81876], [-72.30605, 43.81875], [-72.3061, 43.81875], [-72.30612, 43.81879], [-72.30608, 43.81883], [-72.30603, 43.81885], [-72.30599, 43.81889], [-72.30596, 43.81889], [-72.30593, 43.8189], [-72.30585, 43.8189], [-72.3058, 43.81893], [-72.30576, 43.81899], [-72.30569, 43.819], [-72.30567, 43.81904], [-72.30561, 43.81906], [-72.30554, 43.81911], [-72.30512, 43.81931], [-72.30508, 43.81933], [-72.30503, 43.81935], [-72.30499, 43.81936], [-72.30494, 43.81936], [-72.30489, 43.81933], [-72.30497, 43.81926], [-72.30505, 43.81922], [-72.30514, 43.81917], [-72.30516, 43.81909], [-72.30514, 43.81906], [-72.30513, 43.81899], [-72.30541, 43.81885], [-72.30543, 43.81884], [-72.30545, 43.81883], [-72.30563, 43.81874], [-72.30572, 43.81881]]], [[[-72.30714, 43.81805], [-72.30718, 43.81808], [-72.30719, 43.8181], [-72.30713, 43.81814], [-72.30714, 43.81817], [-72.30717, 43.81817], [-72.30718, 43.81818], [-72.30718, 43.81819], [-72.30718, 43.81826], [-72.30715, 43.8183], [-72.30708, 43.81831], [-72.30702, 43.81833], [-72.30699, 43.8183], [-72.30696, 43.81828], [-72.30691, 43.81826], [-72.30691, 43.81816], [-72.30691, 43.81812], [-72.30702, 43.81806], [-72.30705, 43.81805], [-72.30708, 43.81804], [-72.30714, 43.81802], [-72.30714, 43.81805]]]]}}, {"type": "Feature", "properties": {}, "geometry": {"type": "Polygon", "coordinates": [[[-72.3027, 43.82033], [-72.30274, 43.82036], [-72.30277, 43.82041], [-72.30282, 43.82043], [-72.30279, 43.82031], [-72.30281, 43.82027], [-72.30292, 43.82028], [-72.30298, 43.82023], [-72.3031, 43.82022], [-72.30317, 43.82019], [-72.30322, 43.82021], [-72.3032, 43.82026], [-72.3032, 43.82032], [-72.30313, 43.82037], [-72.3031, 43.82039], [-72.30305, 43.82042], [-72.30291, 43.8205], [-72.30281, 43.82056], [-72.30278, 43.82057], [-72.30275, 43.82059], [-72.30271, 43.82064], [-72.30267, 43.82068], [-72.30266, 43.8207], [-72.30242, 43.82086], [-72.30231, 43.82095], [-72.3022, 43.82104], [-72.302, 43.82118], [-72.30137, 43.82174], [-72.3011, 43.82195], [-72.30097, 43.82204], [-72.30083, 43.82212], [-72.30078, 43.82216], [-72.30075, 43.82217], [-72.30061, 43.82226], [-72.30063, 43.8222], [-72.30065, 43.82212], [-72.30058, 43.82191], [-72.30071, 43.82182], [-72.30072, 43.82181], [-72.30084, 43.82174], [-72.30106, 43.82156], [-72.30107, 43.82157], [-72.30108, 43.82163], [-72.30113, 43.82163], [-72.30122, 43.82159], [-72.30125, 43.82161], [-72.30127, 43.82164], [-72.30131, 43.82162], [-72.30138, 43.82155], [-72.3014, 43.8215], [-72.30141, 43.82146], [-72.30147, 43.82141], [-72.30145, 43.82137], [-72.30144, 43.82123], [-72.3017, 43.821], [-72.30173, 43.82097], [-72.30193, 43.82084], [-72.30198, 43.82079], [-72.302, 43.82078], [-72.30203, 43.82076], [-72.30206, 43.82074], [-72.30209, 43.82073], [-72.3021, 43.82073], [-72.30218, 43.82067], [-72.3022, 43.82065], [-72.3024, 43.82051], [-72.30262, 43.82034], [-72.30264, 43.82033], [-72.30266, 43.82031], [-72.30267, 43.8203], [-72.3027, 43.82033]]]}}, {"type": "Feature", "properties": {}, "geometry": {"type": "Polygon", "coordinates": [[[-72.26382, 43.79201], [-72.2638, 43.79182], [-72.26416, 43.79198], [-72.26419, 43.792], [-72.26432, 43.79205], [-72.26444, 43.79215], [-72.26453, 43.79226], [-72.26463, 43.79243], [-72.26473, 43.79265], [-72.26484, 43.79282], [-72.26486, 43.79296], [-72.26489, 43.79303], [-72.26493, 43.79308], [-72.265, 43.79316], [-72.26497, 43.79316], [-72.26493, 43.79315], [-72.26489, 43.79315], [-72.26486, 43.79314], [-72.26482, 43.79313], [-72.26479, 43.79311], [-72.26476, 43.7931], [-72.26473, 43.79308], [-72.26471, 43.79306], [-72.2647, 43.79306], [-72.26467, 43.79303], [-72.26465, 43.79301], [-72.26455, 43.79287], [-72.26454, 43.79286], [-72.26445, 43.79273], [-72.26437, 43.79262], [-72.26436, 43.7926], [-72.26435, 43.79258], [-72.2643, 43.79246], [-72.26424, 43.79237], [-72.26416, 43.79228], [-72.26409, 43.79221], [-72.26393, 43.79214], [-72.26384, 43.7921], [-72.26382, 43.79201]]]}}, {"type": "Feature", "properties": {}, "geometry": {"type": "Polygon", "coordinates": [[[-72.26665, 43.79369], [-72.26681, 43.79367], [-72.26691, 43.79363], [-72.26701, 43.79359], [-72.26721, 43.79364], [-72.26746, 43.79373], [-72.26746, 43.79384], [-72.26737, 43.79396], [-72.26718, 43.7939], [-72.26693, 43.79384], [-72.26679, 43.79381], [-72.26675, 43.7938], [-72.26672, 43.79379], [-72.26669, 43.79377], [-72.26666, 43.79376], [-72.26663, 43.79374], [-72.2666, 43.79372], [-72.26658, 43.7937], [-72.26657, 43.79368], [-72.26665, 43.79369]]]}}, {"type": "Feature", "properties": {}, "geometry": {"type": "Polygon", "coordinates": [[[-72.27097, 43.79493], [-72.27102, 43.79485], [-72.27105, 43.79476], [-72.27124, 43.79482], [-72.27161, 43.79493], [-72.27224, 43.79513], [-72.27245, 43.7952], [-72.27297, 43.79536], [-72.27303, 43.79541], [-72.27312, 43.79541], [-72.27325, 43.79544], [-72.27332, 43.79549], [-72.27339, 43.79549], [-72.27357, 43.79555], [-72.27363, 43.79559], [-72.27373, 43.79562], [-72.27379, 43.79565], [-72.27388, 43.79565], [-72.27396, 43.79568], [-72.27402, 43.79568], [-72.27424, 43.79573], [-72.2743, 43.79577], [-72.27436, 43.79575], [-72.27446, 43.79576], [-72.27448, 43.79577], [-72.27471, 43.79583], [-72.27499, 43.79599], [-72.27504, 43.79601], [-72.27518, 43.79608], [-72.27541, 43.7962], [-72.2758, 43.79639], [-72.27614, 43.79641], [-72.27635, 43.79636], [-72.2766, 43.79639], [-72.27713, 43.79651], [-72.27755, 43.79649], [-72.278, 43.79645], [-72.27854, 43.79636], [-72.27899, 43.7962], [-72.27928, 43.79604], [-72.2793, 43.79612], [-72.27933, 43.79616], [-72.27936, 43.79619], [-72.27932, 43.79626], [-72.27936, 43.79629], [-72.27942, 43.79626], [-72.27943, 43.79627], [-72.27936, 43.79631], [-72.27933, 43.79633], [-72.2792, 43.79639], [-72.27919, 43.79639], [-72.27905, 43.79645], [-72.27904, 43.79646], [-72.27887, 43.79653], [-72.27882, 43.79654], [-72.27856, 43.79661], [-72.27854, 43.79662], [-72.27851, 43.79663], [-72.27826, 43.79667], [-72.27822, 43.79667], [-72.27798, 43.79669], [-72.27796, 43.79669], [-72.27768, 43.79671], [-72.27767, 43.79671], [-72.27735, 43.79673], [-72.27732, 43.79673], [-72.27726, 43.79673], [-72.27718, 43.79668], [-72.27712, 43.79668], [-72.27706, 43.7967], [-72.27697, 43.79666], [-72.27696, 43.79668], [-72.27701, 43.79671], [-72.27688, 43.7967], [-72.27684, 43.79669], [-72.27661, 43.79665], [-72.2766, 43.79665], [-72.27643, 43.79662], [-72.27635, 43.79661], [-72.27624, 43.79662], [-72.27618, 43.79663], [-72.27607, 43.79664], [-72.27603, 43.79664], [-72.27598, 43.79664], [-72.27586, 43.79663], [-72.27583, 43.79663], [-72.27579, 43.79662], [-72.27568, 43.7966], [-72.27565, 43.7966], [-72.27562, 43.79659], [-72.27548, 43.79654], [-72.27544, 43.79653], [-72.27541, 43.79651], [-72.27529, 43.79645], [-72.27527, 43.79644], [-72.27519, 43.79639], [-72.2751, 43.79635], [-72.27508, 43.79634], [-72.2749, 43.79624], [-72.2747, 43.79614], [-72.27454, 43.79606], [-72.27436, 43.79602], [-72.27414, 43.79597], [-72.27387, 43.79591], [-72.27385, 43.7959], [-72.27361, 43.79584], [-72.27358, 43.79583], [-72.27333, 43.79574], [-72.27332, 43.79574], [-72.27307, 43.79565], [-72.27277, 43.79555], [-72.27248, 43.79547], [-72.27213, 43.79537], [-72.27212, 43.79537], [-72.27181, 43.79528], [-72.27179, 43.79528], [-72.27149, 43.79518], [-72.27119, 43.79508], [-72.27091, 43.79498], [-72.27097, 43.79493]]]}}, {"type": "Feature", "properties": {}, "geometry": {"type": "Polygon", "coordinates": [[[-72.28787, 43.82373], [-72.28781, 43.82376], [-72.28779, 43.82377], [-72.28771, 43.82375], [-72.28757, 43.82374], [-72.28751, 43.82366], [-72.28729, 43.82345], [-72.28722, 43.82336], [-72.28704, 43.82313], [-72.28699, 43.82306], [-72.28693, 43.82297], [-72.28686, 43.82289], [-72.28661, 43.82267], [-72.28659, 43.82265], [-72.28655, 43.82262], [-72.28635, 43.82247], [-72.28622, 43.82239], [-72.28584, 43.82213], [-72.28575, 43.82209], [-72.28569, 43.82198], [-72.28556, 43.8218], [-72.28541, 43.8217], [-72.28526, 43.82165], [-72.28515, 43.82163], [-72.28519, 43.82163], [-72.28522, 43.82163], [-72.28526, 43.82163], [-72.2853, 43.82164], [-72.28533, 43.82165], [-72.28537, 43.82166], [-72.28575, 43.82179], [-72.28579, 43.82181], [-72.28602, 43.82192], [-72.28606, 43.82194], [-72.28631, 43.8221], [-72.28632, 43.8221], [-72.28658, 43.82227], [-72.28659, 43.82228], [-72.2868, 43.82243], [-72.28682, 43.82245], [-72.287, 43.82261], [-72.28713, 43.82272], [-72.28715, 43.82274], [-72.28716, 43.82276], [-72.2874, 43.82309], [-72.28762, 43.82334], [-72.28778, 43.8235], [-72.2878, 43.82352], [-72.28781, 43.82354], [-72.28791, 43.82368], [-72.28787, 43.82373]]]}}, {"type": "Feature", "properties": {}, "geometry": {"type": "Polygon", "coordinates": [[[-72.29769, 43.82388], [-72.29769, 43.82397], [-72.2977, 43.82402], [-72.29771, 43.82407], [-72.29752, 43.8242], [-72.29745, 43.82424], [-72.29743, 43.82425], [-72.29737, 43.8243], [-72.29733, 43.82432], [-72.29689, 43.82463], [-72.2968, 43.82466], [-72.29655, 43.82477], [-72.29633, 43.82484], [-72.29597, 43.82493], [-72.29593, 43.82493], [-72.2958, 43.82492], [-72.29563, 43.82493], [-72.29557, 43.82492], [-72.29551, 43.8249], [-72.29552, 43.82474], [-72.29562, 43.82472], [-72.29599, 43.82465], [-72.29623, 43.82459], [-72.2964, 43.82454], [-72.29667, 43.82442], [-72.29698, 43.8242], [-72.29699, 43.82419], [-72.29734, 43.82396], [-72.29753, 43.82383], [-72.29756, 43.82382], [-72.29759, 43.8238], [-72.29762, 43.82379], [-72.29765, 43.82378], [-72.29769, 43.82377], [-72.29773, 43.82376], [-72.29769, 43.82388]]]}}, {"type": "Feature", "properties": {}, "geometry": {"type": "Polygon", "coordinates": [[[-72.23768, 43.80585], [-72.2377, 43.80575], [-72.23773, 43.80572], [-72.23784, 43.8057], [-72.23797, 43.80561], [-72.23802, 43.80559], [-72.23806, 43.80561], [-72.2381, 43.80559], [-72.23813, 43.80555], [-72.23828, 43.80548], [-72.23841, 43.80544], [-72.23848, 43.8054], [-72.23855, 43.80537], [-72.23888, 43.8052], [-72.23923, 43.80496], [-72.23956, 43.80474], [-72.23993, 43.80447], [-72.23998, 43.80444], [-72.23999, 43.80443], [-72.24018, 43.80444], [-72.2403, 43.80442], [-72.24043, 43.80437], [-72.24061, 43.80423], [-72.24066, 43.80418], [-72.24071, 43.80409], [-72.24073, 43.80398], [-72.24071, 43.80382], [-72.2411, 43.80346], [-72.24128, 43.80325], [-72.24131, 43.80317], [-72.24145, 43.80296], [-72.2415, 43.80288], [-72.24151, 43.80282], [-72.24156, 43.80277], [-72.24176, 43.80241], [-72.24188, 43.80221], [-72.24206, 43.80194], [-72.24235, 43.80154], [-72.24251, 43.80135], [-72.24264, 43.80132], [-72.24273, 43.8013], [-72.24283, 43.80128], [-72.24288, 43.80127], [-72.24288, 43.80129], [-72.24289, 43.80132], [-72.24289, 43.80135], [-72.24288, 43.80137], [-72.24288, 43.8014], [-72.24287, 43.80143], [-72.24285, 43.80145], [-72.24284, 43.80148], [-72.24281, 43.8015], [-72.24279, 43.80152], [-72.24268, 43.80161], [-72.24265, 43.80164], [-72.24247, 43.8019], [-72.24224, 43.80222], [-72.24208, 43.80249], [-72.24192, 43.80278], [-72.24178, 43.80301], [-72.24177, 43.80303], [-72.24164, 43.80324], [-72.24158, 43.80334], [-72.24157, 43.80337], [-72.24155, 43.80339], [-72.24138, 43.80358], [-72.24136, 43.8036], [-72.24116, 43.80379], [-72.24116, 43.8038], [-72.24095, 43.80399], [-72.24094, 43.80399], [-72.24073, 43.80418], [-72.24052, 43.80435], [-72.24051, 43.80436], [-72.24029, 43.80453], [-72.24013, 43.80466], [-72.24005, 43.80473], [-72.24004, 43.80474], [-72.23984, 43.80489], [-72.23983, 43.80489], [-72.23962, 43.80504], [-72.23946, 43.80515], [-72.23928, 43.80527], [-72.23926, 43.80529], [-72.23911, 43.80538], [-72.23909, 43.80539], [-72.23892, 43.80548], [-72.23891, 43.80549], [-72.23871, 43.80558], [-72.23869, 43.80559], [-72.23848, 43.80567], [-72.23848, 43.80568], [-72.23821, 43.80578], [-72.23819, 43.80579], [-72.23797, 43.80588], [-72.23791, 43.80591], [-72.23788, 43.80593], [-72.23785, 43.80594], [-72.23781, 43.80595], [-72.23777, 43.80595], [-72.23774, 43.80596], [-72.2377, 43.80596], [-72.23766, 43.80596], [-72.23763, 43.80595], [-72.23761, 43.80595], [-72.23768, 43.80585]]]}}, {"type": "Feature", "properties": {}, "geometry": {"type": "Polygon", "coordinates": [[[-72.23293, 43.81109], [-72.23292, 43.81104], [-72.23309, 43.81091], [-72.23315, 43.81089], [-72.23323, 43.81081], [-72.23325, 43.81079], [-72.23327, 43.81076], [-72.2333, 43.81072], [-72.23338, 43.81061], [-72.23345, 43.81033], [-72.23347, 43.81026], [-72.2335, 43.81015], [-72.23355, 43.80992], [-72.23367, 43.80988], [-72.23367, 43.80985], [-72.23359, 43.8098], [-72.23358, 43.80977], [-72.23366, 43.80953], [-72.23372, 43.80943], [-72.23376, 43.80941], [-72.23377, 43.80937], [-72.23387, 43.80929], [-72.23388, 43.80925], [-72.23391, 43.80921], [-72.23391, 43.80918], [-72.23391, 43.80916], [-72.23404, 43.80907], [-72.23406, 43.809], [-72.23414, 43.80897], [-72.23414, 43.80894], [-72.23423, 43.80888], [-72.23424, 43.80883], [-72.23428, 43.80879], [-72.23429, 43.80877], [-72.23432, 43.80873], [-72.23438, 43.80869], [-72.23441, 43.80864], [-72.23448, 43.80861], [-72.23453, 43.80858], [-72.23464, 43.80853], [-72.23471, 43.80849], [-72.23478, 43.80842], [-72.23483, 43.80834], [-72.23487, 43.80824], [-72.23504, 43.80804], [-72.23518, 43.80792], [-72.23529, 43.80781], [-72.23538, 43.80779], [-72.23545, 43.80778], [-72.23558, 43.80772], [-72.23571, 43.80763], [-72.23578, 43.80752], [-72.2358, 43.80742], [-72.2358, 43.80736], [-72.23577, 43.80723], [-72.23581, 43.80716], [-72.23593, 43.8071], [-72.23598, 43.80712], [-72.23594, 43.80717], [-72.23594, 43.8072], [-72.23602, 43.80722], [-72.23606, 43.80718], [-72.2361, 43.80717], [-72.23617, 43.80713], [-72.23617, 43.80714], [-72.23617, 43.80716], [-72.23616, 43.80719], [-72.23615, 43.80721], [-72.23614, 43.80724], [-72.23612, 43.80726], [-72.23598, 43.80744], [-72.23589, 43.80755], [-72.23577, 43.8077], [-72.23576, 43.80771], [-72.23561, 43.80788], [-72.23561, 43.80789], [-72.23551, 43.80799], [-72.23547, 43.80804], [-72.23545, 43.80805], [-72.23533, 43.80816], [-72.23516, 43.80835], [-72.23514, 43.80836], [-72.23498, 43.80851], [-72.23498, 43.80852], [-72.23482, 43.80866], [-72.23461, 43.80885], [-72.23446, 43.809], [-72.23427, 43.8092], [-72.23415, 43.80934], [-72.23405, 43.80949], [-72.23398, 43.8096], [-72.23394, 43.80971], [-72.23391, 43.80984], [-72.23388, 43.80996], [-72.23385, 43.81009], [-72.23383, 43.8102], [-72.23382, 43.81023], [-72.23377, 43.81037], [-72.23377, 43.81038], [-72.23372, 43.8105], [-72.23371, 43.81051], [-72.23365, 43.81066], [-72.23363, 43.8107], [-72.23353, 43.81085], [-72.23352, 43.81087], [-72.2335, 43.81089], [-72.23337, 43.81102], [-72.23335, 43.81104], [-72.23333, 43.81105], [-72.23326, 43.8111], [-72.23323, 43.81112], [-72.2332, 43.81113], [-72.23317, 43.81115], [-72.23313, 43.81116], [-72.2331, 43.81117], [-72.23306, 43.81117], [-72.23302, 43.81118], [-72.23293, 43.81109]]]}}, {"type": "Feature", "properties": {}, "geometry": {"type": "Polygon", "coordinates": [[[-72.27627, 43.81547], [-72.27636, 43.81553], [-72.27638, 43.81558], [-72.2764, 43.81562], [-72.2764, 43.81563], [-72.2764, 43.81564], [-72.2764, 43.81565], [-72.27643, 43.81569], [-72.27646, 43.81572], [-72.27649, 43.81574], [-72.27651, 43.81577], [-72.27654, 43.8158], [-72.2766, 43.81583], [-72.2766, 43.81588], [-72.2766, 43.81589], [-72.27668, 43.81589], [-72.2767, 43.8159], [-72.27666, 43.81592], [-72.27666, 43.81594], [-72.27666, 43.81595], [-72.27669, 43.81599], [-72.27674, 43.81603], [-72.27676, 43.81604], [-72.27676, 43.81608], [-72.27676, 43.8161], [-72.27681, 43.81613], [-72.27683, 43.81616], [-72.27683, 43.81618], [-72.27683, 43.81619], [-72.27691, 43.81624], [-72.27692, 43.81626], [-72.27697, 43.81631], [-72.27699, 43.81634], [-72.27701, 43.81637], [-72.277, 43.81637], [-72.27697, 43.81637], [-72.27693, 43.81637], [-72.27689, 43.81638], [-72.27686, 43.81637], [-72.27682, 43.81637], [-72.27678, 43.81636], [-72.27675, 43.81635], [-72.27672, 43.81634], [-72.27668, 43.81633], [-72.27666, 43.81631], [-72.27663, 43.81629], [-72.2766, 43.81627], [-72.27658, 43.81625], [-72.27656, 43.81623], [-72.27624, 43.81576], [-72.27622, 43.81574], [-72.27621, 43.81571], [-72.2762, 43.81568], [-72.2762, 43.81566], [-72.27619, 43.81563], [-72.2762, 43.8156], [-72.2762, 43.81558], [-72.27621, 43.81555], [-72.27623, 43.81553], [-72.27624, 43.8155], [-72.27626, 43.81548], [-72.27626, 43.81547], [-72.27627, 43.81547]]]}}, {"type": "Feature", "properties": {}, "geometry": {"type": "Polygon", "coordinates": [[[-72.25222, 43.79243], [-72.25222, 43.7924], [-72.25221, 43.79239], [-72.25215, 43.79238], [-72.25211, 43.79234], [-72.2521, 43.7923], [-72.25206, 43.79226], [-72.25211, 43.79224], [-72.25247, 43.79213], [-72.25265, 43.79204], [-72.25276, 43.79193], [-72.25283, 43.7918], [-72.25286, 43.79181], [-72.2529, 43.79189], [-72.25293, 43.7918], [-72.25288, 43.79176], [-72.25285, 43.79174], [-72.25298, 43.79145], [-72.25302, 43.79135], [-72.25306, 43.79129], [-72.25306, 43.79125], [-72.25318, 43.79133], [-72.25333, 43.79138], [-72.25321, 43.79169], [-72.25318, 43.79176], [-72.25317, 43.79179], [-72.25315, 43.79183], [-72.25311, 43.79192], [-72.2531, 43.79194], [-72.25304, 43.79202], [-72.25303, 43.79205], [-72.25301, 43.79207], [-72.25292, 43.79216], [-72.2529, 43.79218], [-72.25287, 43.7922], [-72.25283, 43.79222], [-72.25266, 43.79231], [-72.25263, 43.79232], [-72.25259, 43.79233], [-72.25236, 43.79241], [-72.25224, 43.79245], [-72.25222, 43.79243]]]}}, {"type": "Feature", "properties": {}, "geometry": {"type": "MultiPolygon", "coordinates": [[[[-72.24354, 43.80045], [-72.24355, 43.80029], [-72.24351, 43.80019], [-72.24345, 43.80009], [-72.2436, 43.79987], [-72.24374, 43.79969], [-72.24377, 43.79965], [-72.24386, 43.79952], [-72.24388, 43.79952], [-72.24396, 43.79943], [-72.24404, 43.79929], [-72.24415, 43.7993], [-72.24424, 43.7993], [-72.24437, 43.79927], [-72.24443, 43.79925], [-72.24349, 43.80053], [-72.24354, 43.80045]]], [[[-72.24349, 43.80053], [-72.24335, 43.80073], [-72.24333, 43.80075], [-72.24331, 43.80078], [-72.2433, 43.80079], [-72.2433, 43.80074], [-72.24338, 43.80066], [-72.24349, 43.80053]]]]}}, {"type": "Feature", "properties": {}, "geometry": {"type": "Polygon", "coordinates": [[[-72.28697, 43.82717], [-72.287, 43.82714], [-72.28706, 43.82708], [-72.28704, 43.82705], [-72.28696, 43.82709], [-72.28691, 43.82704], [-72.28681, 43.82699], [-72.28674, 43.82692], [-72.28673, 43.82684], [-72.28668, 43.82676], [-72.28668, 43.82674], [-72.28671, 43.82669], [-72.28663, 43.82674], [-72.28663, 43.82672], [-72.28668, 43.82667], [-72.28664, 43.82667], [-72.28666, 43.82665], [-72.28668, 43.82665], [-72.2867, 43.82665], [-72.28672, 43.82664], [-72.28668, 43.82663], [-72.28665, 43.82662], [-72.28657, 43.82662], [-72.28652, 43.82653], [-72.28645, 43.82643], [-72.28644, 43.82638], [-72.2864, 43.82636], [-72.28637, 43.8263], [-72.28636, 43.82629], [-72.28636, 43.82628], [-72.28637, 43.82628], [-72.28644, 43.82634], [-72.28651, 43.82639], [-72.28667, 43.82644], [-72.28679, 43.82646], [-72.28682, 43.82646], [-72.287, 43.82675], [-72.287, 43.82676], [-72.28708, 43.8269], [-72.28709, 43.82693], [-72.2871, 43.82695], [-72.2871, 43.82698], [-72.2871, 43.82701], [-72.2871, 43.82703], [-72.28709, 43.82706], [-72.28708, 43.82709], [-72.28707, 43.82711], [-72.28705, 43.82713], [-72.28703, 43.82716], [-72.28701, 43.82718], [-72.287, 43.82719], [-72.28697, 43.82717]]]}}, {"type": "Feature", "properties": {}, "geometry": {"type": "Polygon", "coordinates": [[[-72.29203, 43.82812], [-72.29201, 43.82812], [-72.29194, 43.82806], [-72.29197, 43.82802], [-72.2919, 43.828], [-72.29186, 43.82801], [-72.29183, 43.82798], [-72.29181, 43.82796], [-72.2918, 43.82795], [-72.2918, 43.82794], [-72.29179, 43.82794], [-72.29178, 43.82792], [-72.2918, 43.82785], [-72.29177, 43.82782], [-72.29173, 43.8278], [-72.29173, 43.82779], [-72.29174, 43.82776], [-72.29174, 43.82773], [-72.29176, 43.82771], [-72.29177, 43.82768], [-72.29179, 43.82766], [-72.29181, 43.82764], [-72.29182, 43.82763], [-72.29207, 43.82781], [-72.29208, 43.82782], [-72.29223, 43.82794], [-72.2923, 43.82799], [-72.29233, 43.82802], [-72.29266, 43.82826], [-72.29291, 43.82838], [-72.29292, 43.82839], [-72.29287, 43.82839], [-72.29278, 43.82844], [-72.29274, 43.82844], [-72.29273, 43.82844], [-72.29269, 43.82844], [-72.29261, 43.82839], [-72.29256, 43.82838], [-72.29256, 43.82837], [-72.29251, 43.82834], [-72.29247, 43.82831], [-72.29244, 43.8283], [-72.29241, 43.82828], [-72.29238, 43.8282], [-72.29233, 43.82816], [-72.2923, 43.82811], [-72.29224, 43.82809], [-72.29225, 43.82812], [-72.29221, 43.82816], [-72.29227, 43.82821], [-72.29227, 43.82822], [-72.29227, 43.82824], [-72.29222, 43.82829], [-72.29216, 43.82824], [-72.29215, 43.82823], [-72.29204, 43.82814], [-72.29203, 43.82812]]]}}, {"type": "Feature", "properties": {}, "geometry": {"type": "MultiPolygon", "coordinates": [[[[-72.29222, 43.83101], [-72.29218, 43.83098], [-72.29217, 43.83093], [-72.29211, 43.83093], [-72.29201, 43.83087], [-72.29202, 43.83083], [-72.292, 43.83081], [-72.29198, 43.8308], [-72.29192, 43.83079], [-72.29185, 43.83073], [-72.2918, 43.83068], [-72.29176, 43.83066], [-72.29168, 43.83065], [-72.29166, 43.8306], [-72.29162, 43.83057], [-72.29159, 43.83054], [-72.29156, 43.83054], [-72.29153, 43.83052], [-72.2915, 43.83051], [-72.29129, 43.83035], [-72.29123, 43.83033], [-72.2912, 43.83034], [-72.29117, 43.83031], [-72.29114, 43.83028], [-72.2911, 43.83028], [-72.29107, 43.83024], [-72.29098, 43.83022], [-72.29095, 43.83019], [-72.29093, 43.83016], [-72.29087, 43.83014], [-72.29083, 43.8301], [-72.29082, 43.83003], [-72.29078, 43.83002], [-72.29075, 43.83003], [-72.29067, 43.82999], [-72.29064, 43.82998], [-72.2905, 43.8299], [-72.29044, 43.8299], [-72.29036, 43.82987], [-72.29033, 43.82984], [-72.29031, 43.82983], [-72.29023, 43.82979], [-72.29015, 43.82978], [-72.29011, 43.82976], [-72.29002, 43.82973], [-72.28998, 43.82969], [-72.28993, 43.82969], [-72.2899, 43.82969], [-72.28983, 43.82966], [-72.28981, 43.82964], [-72.28978, 43.82962], [-72.2897, 43.82961], [-72.28964, 43.82958], [-72.28961, 43.82957], [-72.28959, 43.82956], [-72.28955, 43.82955], [-72.28946, 43.82949], [-72.28943, 43.82949], [-72.28941, 43.82951], [-72.28933, 43.82947], [-72.28938, 43.82944], [-72.28936, 43.82941], [-72.28934, 43.8294], [-72.28929, 43.82942], [-72.28925, 43.82935], [-72.28912, 43.82935], [-72.28906, 43.82931], [-72.28909, 43.82924], [-72.28906, 43.82922], [-72.28906, 43.8292], [-72.28904, 43.82919], [-72.28903, 43.82917], [-72.28906, 43.82916], [-72.28909, 43.82915], [-72.28913, 43.82915], [-72.28916, 43.82915], [-72.2892, 43.82915], [-72.28924, 43.82915], [-72.28927, 43.82916], [-72.28931, 43.82916], [-72.28934, 43.82918], [-72.28938, 43.82919], [-72.28941, 43.8292], [-72.2895, 43.82926], [-72.28968, 43.82934], [-72.28988, 43.82942], [-72.29013, 43.8295], [-72.29016, 43.82951], [-72.29043, 43.82961], [-72.29044, 43.82962], [-72.29065, 43.82971], [-72.29068, 43.82972], [-72.29086, 43.82982], [-72.29088, 43.82983], [-72.2912, 43.83002], [-72.29167, 43.83031], [-72.29196, 43.83049], [-72.29197, 43.8305], [-72.2922, 43.83066], [-72.29225, 43.83069], [-72.29228, 43.83071], [-72.2923, 43.83073], [-72.29232, 43.83075], [-72.29234, 43.83078], [-72.29235, 43.8308], [-72.29236, 43.83083], [-72.29237, 43.83085], [-72.29237, 43.83088], [-72.29237, 43.83091], [-72.29237, 43.83093], [-72.29236, 43.83096], [-72.29235, 43.83099], [-72.29234, 43.83101], [-72.29232, 43.83103], [-72.2923, 43.83105], [-72.29222, 43.83101]]], [[[-72.28906, 43.82922], [-72.28906, 43.82923], [-72.28903, 43.82922], [-72.28899, 43.82922], [-72.28896, 43.82919], [-72.28899, 43.82918], [-72.28902, 43.82917], [-72.28903, 43.82917], [-72.28902, 43.8292], [-72.28906, 43.82922]]]]}}, {"type": "Feature", "properties": {}, "geometry": {"type": "Polygon", "coordinates": [[[-72.29698, 43.83054], [-72.29702, 43.83047], [-72.29705, 43.83042], [-72.2971, 43.83044], [-72.29716, 43.83045], [-72.29721, 43.83046], [-72.29726, 43.83047], [-72.29728, 43.83048], [-72.29731, 43.83052], [-72.29739, 43.83054], [-72.29744, 43.83055], [-72.29735, 43.83064], [-72.29726, 43.83074], [-72.29702, 43.83064], [-72.29692, 43.8306], [-72.29698, 43.83054]]]}}, {"type": "Feature", "properties": {}, "geometry": {"type": "Polygon", "coordinates": [[[-72.29477, 43.83156], [-72.29467, 43.83154], [-72.29464, 43.83155], [-72.29473, 43.83158], [-72.29481, 43.83158], [-72.29482, 43.83161], [-72.29482, 43.83163], [-72.29482, 43.83166], [-72.29482, 43.83167], [-72.29386, 43.83161], [-72.29381, 43.83159], [-72.29375, 43.83159], [-72.29372, 43.83161], [-72.2937, 43.83159], [-72.29368, 43.83157], [-72.29361, 43.83159], [-72.2936, 43.83158], [-72.29355, 43.83157], [-72.29351, 43.83155], [-72.29347, 43.83155], [-72.29342, 43.83157], [-72.29334, 43.83151], [-72.29328, 43.83151], [-72.29319, 43.83152], [-72.29315, 43.83146], [-72.29312, 43.83146], [-72.29306, 43.83146], [-72.29301, 43.83145], [-72.29298, 43.83145], [-72.29293, 43.83142], [-72.29284, 43.83139], [-72.2928, 43.83137], [-72.29273, 43.83134], [-72.29271, 43.83126], [-72.29267, 43.83125], [-72.29259, 43.83125], [-72.29255, 43.83122], [-72.29253, 43.83118], [-72.29251, 43.83118], [-72.29249, 43.83121], [-72.29244, 43.83116], [-72.29245, 43.83116], [-72.29248, 43.83114], [-72.29251, 43.83113], [-72.29254, 43.83112], [-72.29258, 43.83111], [-72.29261, 43.8311], [-72.29265, 43.8311], [-72.29269, 43.8311], [-72.29273, 43.8311], [-72.29276, 43.8311], [-72.2928, 43.83111], [-72.29283, 43.83112], [-72.29287, 43.83113], [-72.29327, 43.83129], [-72.29389, 43.83136], [-72.29448, 43.83139], [-72.29451, 43.83139], [-72.29455, 43.8314], [-72.29458, 43.83141], [-72.29462, 43.83142], [-72.29465, 43.83143], [-72.29468, 43.83145], [-72.29471, 43.83147], [-72.29473, 43.83149], [-72.29476, 43.83151], [-72.29478, 43.83153], [-72.29479, 43.83155], [-72.2948, 43.83156], [-72.29477, 43.83156]]]}}, {"type": "Feature", "properties": {}, "geometry": {"type": "Polygon", "coordinates": [[[-72.30009, 43.83265], [-72.3001, 43.83285], [-72.30006, 43.83284], [-72.30002, 43.83284], [-72.3, 43.83283], [-72.29997, 43.83283], [-72.29995, 43.83283], [-72.29992, 43.83283], [-72.29988, 43.83283], [-72.29984, 43.83283], [-72.29982, 43.83277], [-72.29974, 43.83275], [-72.29972, 43.83278], [-72.29961, 43.83278], [-72.29961, 43.83276], [-72.29961, 43.83275], [-72.29961, 43.83274], [-72.29952, 43.83273], [-72.29949, 43.83274], [-72.29946, 43.83273], [-72.2994, 43.83273], [-72.29936, 43.83272], [-72.29933, 43.83271], [-72.29929, 43.8327], [-72.2992, 43.83269], [-72.29923, 43.83271], [-72.29917, 43.8327], [-72.299, 43.83266], [-72.29853, 43.8325], [-72.2979, 43.83229], [-72.29737, 43.83212], [-72.29726, 43.83209], [-72.2966, 43.83193], [-72.29629, 43.83187], [-72.29621, 43.83185], [-72.29611, 43.83184], [-72.29593, 43.8318], [-72.29593, 43.83179], [-72.29594, 43.83177], [-72.29595, 43.83174], [-72.29597, 43.83172], [-72.29599, 43.8317], [-72.29602, 43.83168], [-72.29604, 43.83166], [-72.29607, 43.83164], [-72.2961, 43.83163], [-72.29614, 43.83161], [-72.29617, 43.8316], [-72.29621, 43.8316], [-72.29624, 43.83159], [-72.29628, 43.83159], [-72.29632, 43.83159], [-72.29635, 43.83159], [-72.29639, 43.8316], [-72.29669, 43.83166], [-72.29671, 43.83166], [-72.29738, 43.83182], [-72.2974, 43.83182], [-72.29751, 43.83186], [-72.29752, 43.83186], [-72.29805, 43.83203], [-72.29868, 43.83223], [-72.29869, 43.83224], [-72.29915, 43.83239], [-72.29927, 43.83243], [-72.29929, 43.83243], [-72.29932, 43.83244], [-72.29936, 43.83245], [-72.29939, 43.83246], [-72.29941, 43.83246], [-72.29949, 43.83249], [-72.29968, 43.83254], [-72.3, 43.83259], [-72.30004, 43.8326], [-72.30007, 43.83261], [-72.3001, 43.83262], [-72.30009, 43.83265]]]}}, {"type": "Feature", "properties": {}, "geometry": {"type": "Polygon", "coordinates": [[[-72.21783, 43.81358], [-72.21789, 43.81363], [-72.21795, 43.81363], [-72.21803, 43.81365], [-72.21812, 43.81371], [-72.21816, 43.81376], [-72.21817, 43.81378], [-72.21827, 43.81379], [-72.21832, 43.81383], [-72.21837, 43.81389], [-72.21842, 43.81392], [-72.21845, 43.81392], [-72.2185, 43.81392], [-72.21854, 43.81395], [-72.21861, 43.81402], [-72.21861, 43.81409], [-72.21864, 43.81411], [-72.2187, 43.81414], [-72.21878, 43.81415], [-72.21881, 43.81416], [-72.21888, 43.81417], [-72.21894, 43.81421], [-72.21909, 43.81431], [-72.21919, 43.81435], [-72.21924, 43.81439], [-72.21928, 43.81443], [-72.2194, 43.81448], [-72.21946, 43.81452], [-72.21949, 43.81453], [-72.21953, 43.81454], [-72.2196, 43.81457], [-72.21977, 43.81467], [-72.21982, 43.81471], [-72.21993, 43.81477], [-72.21982, 43.8148], [-72.21977, 43.81482], [-72.21969, 43.81485], [-72.21966, 43.81487], [-72.21961, 43.81484], [-72.21942, 43.81473], [-72.21923, 43.81462], [-72.21922, 43.81461], [-72.21896, 43.81445], [-72.21878, 43.81433], [-72.21877, 43.81433], [-72.2186, 43.81422], [-72.21857, 43.8142], [-72.21854, 43.81417], [-72.21844, 43.81407], [-72.21809, 43.81383], [-72.21808, 43.81383], [-72.21784, 43.81366], [-72.21777, 43.81361], [-72.21783, 43.81358]]]}}, {"type": "Feature", "properties": {}, "geometry": {"type": "Polygon", "coordinates": [[[-72.20389, 43.83985], [-72.20387, 43.8398], [-72.20384, 43.83976], [-72.20382, 43.83972], [-72.20377, 43.83971], [-72.20368, 43.83969], [-72.20362, 43.83965], [-72.20365, 43.83956], [-72.20372, 43.83954], [-72.2038, 43.83965], [-72.20395, 43.83974], [-72.20409, 43.83978], [-72.20408, 43.83981], [-72.20407, 43.83983], [-72.20405, 43.83986], [-72.20403, 43.83988], [-72.20401, 43.8399], [-72.20399, 43.83992], [-72.20397, 43.83993], [-72.20389, 43.83985]]]}}, {"type": "Feature", "properties": {}, "geometry": {"type": "MultiPolygon", "coordinates": [[[[-72.22708, 43.82381], [-72.22705, 43.82392], [-72.22703, 43.82401], [-72.22704, 43.82436], [-72.22707, 43.82465], [-72.22702, 43.82466], [-72.22704, 43.82467], [-72.22707, 43.82471], [-72.22709, 43.82483], [-72.22707, 43.82486], [-72.22712, 43.82493], [-72.2271, 43.82497], [-72.22707, 43.82496], [-72.22703, 43.82496], [-72.227, 43.82495], [-72.22696, 43.82494], [-72.22693, 43.82493], [-72.2269, 43.82492], [-72.22687, 43.8249], [-72.22684, 43.82488], [-72.22682, 43.82486], [-72.22679, 43.82484], [-72.22678, 43.82482], [-72.22676, 43.82479], [-72.22675, 43.82477], [-72.22674, 43.82474], [-72.22674, 43.82471], [-72.2267, 43.82435], [-72.2267, 43.82434], [-72.22669, 43.82404], [-72.22669, 43.82402], [-72.2267, 43.82399], [-72.2267, 43.82396], [-72.22672, 43.82394], [-72.22673, 43.82391], [-72.22675, 43.82389], [-72.22677, 43.82387], [-72.22679, 43.82385], [-72.22682, 43.82383], [-72.22685, 43.82381], [-72.22688, 43.8238], [-72.22692, 43.82379], [-72.22695, 43.82378], [-72.22699, 43.82377], [-72.22702, 43.82376], [-72.22706, 43.82376], [-72.22709, 43.82376], [-72.22708, 43.82381]]], [[[-72.22717, 43.82465], [-72.22716, 43.82442], [-72.22713, 43.82441], [-72.22714, 43.82439], [-72.22717, 43.82438], [-72.22721, 43.82431], [-72.22719, 43.82427], [-72.22719, 43.82424], [-72.22719, 43.82421], [-72.22719, 43.82415], [-72.22718, 43.82413], [-72.22718, 43.82409], [-72.22715, 43.82407], [-72.22713, 43.82404], [-72.22711, 43.82401], [-72.22713, 43.82397], [-72.22718, 43.82399], [-72.22718, 43.82394], [-72.22718, 43.8239], [-72.22718, 43.82387], [-72.22721, 43.82381], [-72.22717, 43.82377], [-72.22721, 43.82378], [-72.22724, 43.82379], [-72.22727, 43.82381], [-72.2273, 43.82382], [-72.22733, 43.82384], [-72.22736, 43.82386], [-72.22738, 43.82388], [-72.2274, 43.8239], [-72.22742, 43.82393], [-72.22743, 43.82395], [-72.22744, 43.82398], [-72.22744, 43.824], [-72.22745, 43.82403], [-72.22746, 43.82432], [-72.22749, 43.82467], [-72.22749, 43.8247], [-72.22749, 43.82473], [-72.22748, 43.82475], [-72.22747, 43.82478], [-72.22746, 43.8248], [-72.22744, 43.82483], [-72.22742, 43.82485], [-72.2274, 43.82487], [-72.22738, 43.82489], [-72.22735, 43.82491], [-72.22732, 43.82492], [-72.22729, 43.82494], [-72.22725, 43.82495], [-72.22723, 43.82496], [-72.22717, 43.82465]]]]}}, {"type": "Feature", "properties": {}, "geometry": {"type": "Polygon", "coordinates": [[[-72.23607, 43.82478], [-72.23609, 43.8248], [-72.2361, 43.82481], [-72.2361, 43.82486], [-72.23614, 43.82491], [-72.23615, 43.82493], [-72.23609, 43.82497], [-72.23603, 43.82498], [-72.23592, 43.825], [-72.23586, 43.82498], [-72.23576, 43.82502], [-72.2357, 43.82499], [-72.23562, 43.82498], [-72.2356, 43.82505], [-72.23563, 43.82507], [-72.23559, 43.82513], [-72.23556, 43.82511], [-72.23551, 43.82512], [-72.23554, 43.82515], [-72.23554, 43.82518], [-72.23548, 43.82524], [-72.23544, 43.82529], [-72.23541, 43.82536], [-72.23539, 43.82538], [-72.23538, 43.82538], [-72.23535, 43.82536], [-72.23532, 43.82535], [-72.23529, 43.82533], [-72.23527, 43.82531], [-72.23525, 43.82528], [-72.23524, 43.82526], [-72.23522, 43.82523], [-72.23521, 43.82521], [-72.23521, 43.82518], [-72.2352, 43.82515], [-72.2352, 43.82513], [-72.23521, 43.8251], [-72.23522, 43.82507], [-72.23523, 43.82505], [-72.23524, 43.82502], [-72.23526, 43.825], [-72.23528, 43.82498], [-72.23531, 43.82496], [-72.23533, 43.82494], [-72.23536, 43.82492], [-72.2355, 43.82485], [-72.23553, 43.82484], [-72.23555, 43.82483], [-72.23571, 43.82478], [-72.23574, 43.82477], [-72.23578, 43.82476], [-72.23581, 43.82475], [-72.23585, 43.82475], [-72.23589, 43.82475], [-72.23592, 43.82475], [-72.23596, 43.82476], [-72.236, 43.82476], [-72.23603, 43.82477], [-72.23606, 43.82478], [-72.23607, 43.82478]]]}}, {"type": "Feature", "properties": {}, "geometry": {"type": "Polygon", "coordinates": [[[-72.22971, 43.83737], [-72.22975, 43.83748], [-72.22981, 43.83756], [-72.2299, 43.83764], [-72.23002, 43.8377], [-72.23005, 43.83771], [-72.23001, 43.83771], [-72.22998, 43.8377], [-72.22994, 43.83769], [-72.22991, 43.83768], [-72.22988, 43.83767], [-72.22984, 43.83766], [-72.22982, 43.83764], [-72.22979, 43.83762], [-72.22977, 43.8376], [-72.22974, 43.83758], [-72.22973, 43.83755], [-72.22971, 43.83753], [-72.2297, 43.8375], [-72.22969, 43.83748], [-72.22969, 43.83745], [-72.22969, 43.83742], [-72.22969, 43.8374], [-72.22972, 43.83726], [-72.22971, 43.83737]]]}}, {"type": "Feature", "properties": {}, "geometry": {"type": "MultiPolygon", "coordinates": [[[[-72.23032, 43.84034], [-72.23031, 43.84034], [-72.23029, 43.84032], [-72.23027, 43.84029], [-72.23025, 43.84027], [-72.23024, 43.84024], [-72.23023, 43.84022], [-72.23022, 43.84019], [-72.23022, 43.84016], [-72.23022, 43.84014], [-72.23021, 43.84014], [-72.23017, 43.84012], [-72.23014, 43.84011], [-72.23012, 43.84009], [-72.23009, 43.84007], [-72.23007, 43.84005], [-72.23005, 43.84003], [-72.2299, 43.83983], [-72.22988, 43.83981], [-72.22987, 43.83978], [-72.22986, 43.83976], [-72.22985, 43.83973], [-72.22985, 43.83971], [-72.22985, 43.83968], [-72.22986, 43.83965], [-72.22987, 43.83963], [-72.22988, 43.8396], [-72.22989, 43.83958], [-72.22991, 43.83955], [-72.22993, 43.83953], [-72.22996, 43.83951], [-72.22998, 43.83949], [-72.23001, 43.83947], [-72.23005, 43.83946], [-72.23007, 43.83945], [-72.23007, 43.83948], [-72.23009, 43.83959], [-72.23008, 43.83961], [-72.23008, 43.83962], [-72.23013, 43.83964], [-72.23027, 43.83983], [-72.23029, 43.83989], [-72.2303, 43.83991], [-72.2303, 43.83993], [-72.23037, 43.84], [-72.2304, 43.84005], [-72.23043, 43.84009], [-72.23041, 43.84011], [-72.23037, 43.84011], [-72.23034, 43.84011], [-72.23029, 43.84014], [-72.23025, 43.84014], [-72.23026, 43.84019], [-72.23025, 43.84023], [-72.2303, 43.84026], [-72.23031, 43.84029], [-72.23031, 43.84031], [-72.23032, 43.84034]]], [[[-72.23032, 43.84034], [-72.23038, 43.84038], [-72.23042, 43.84041], [-72.23041, 43.84042], [-72.23032, 43.84034]]], [[[-72.23063, 43.83966], [-72.23071, 43.83976], [-72.23073, 43.83978], [-72.23067, 43.83978], [-72.23063, 43.83979], [-72.23057, 43.83984], [-72.23054, 43.83984], [-72.23051, 43.83986], [-72.23038, 43.83986], [-72.23036, 43.83983], [-72.23044, 43.83982], [-72.23044, 43.83979], [-72.23046, 43.83976], [-72.23049, 43.83972], [-72.23054, 43.83968], [-72.23063, 43.83966]]], [[[-72.23063, 43.83966], [-72.23059, 43.83963], [-72.23056, 43.83957], [-72.23063, 43.83966]]], [[[-72.23062, 43.84042], [-72.23062, 43.84037], [-72.23058, 43.84033], [-72.23056, 43.84027], [-72.23061, 43.84024], [-72.23065, 43.84025], [-72.23085, 43.84046], [-72.23081, 43.84052], [-72.23086, 43.84056], [-72.23088, 43.84059], [-72.23082, 43.84064], [-72.23084, 43.84068], [-72.23082, 43.84067], [-72.23078, 43.84067], [-72.23075, 43.84066], [-72.23071, 43.84065], [-72.23068, 43.84063], [-72.23065, 43.84062], [-72.23062, 43.8406], [-72.2306, 43.84058], [-72.23065, 43.84056], [-72.23067, 43.84049], [-72.23062, 43.84043], [-72.23062, 43.84042]]], [[[-72.23087, 43.84011], [-72.23072, 43.84023], [-72.2307, 43.84021], [-72.2308, 43.84012], [-72.23084, 43.84007], [-72.23088, 43.83998], [-72.23091, 43.84001], [-72.23091, 43.84002], [-72.2309, 43.84005], [-72.23087, 43.84011]]]]}}, {"type": "Feature", "properties": {}, "geometry": {"type": "MultiPolygon", "coordinates": [[[[-72.23976, 43.86489], [-72.23988, 43.8649], [-72.23988, 43.86511], [-72.23983, 43.86517], [-72.23983, 43.86518], [-72.23983, 43.86519], [-72.23985, 43.86522], [-72.23985, 43.86529], [-72.23978, 43.86537], [-72.2398, 43.86539], [-72.2398, 43.86541], [-72.23971, 43.86547], [-72.23971, 43.86548], [-72.23978, 43.86549], [-72.23979, 43.86551], [-72.23974, 43.86555], [-72.23974, 43.86559], [-72.23977, 43.86561], [-72.23974, 43.86565], [-72.23971, 43.86563], [-72.23969, 43.86562], [-72.23962, 43.8656], [-72.2396, 43.86565], [-72.23957, 43.86565], [-72.23955, 43.86563], [-72.23953, 43.86561], [-72.23951, 43.86558], [-72.2395, 43.86556], [-72.23949, 43.86553], [-72.23949, 43.8655], [-72.23949, 43.86548], [-72.23949, 43.86545], [-72.2395, 43.86539], [-72.23951, 43.86525], [-72.23953, 43.86511], [-72.23954, 43.86493], [-72.23955, 43.86493], [-72.23955, 43.8649], [-72.23963, 43.86497], [-72.23967, 43.86497], [-72.23972, 43.86492], [-72.23976, 43.86489]]], [[[-72.23968, 43.86454], [-72.23971, 43.86449], [-72.23975, 43.86442], [-72.23972, 43.86439], [-72.23971, 43.86437], [-72.23976, 43.86432], [-72.23979, 43.86426], [-72.23983, 43.86422], [-72.23995, 43.86425], [-72.23993, 43.86458], [-72.23989, 43.86483], [-72.23985, 43.86484], [-72.23981, 43.86484], [-72.23979, 43.86479], [-72.23972, 43.86474], [-72.23967, 43.86477], [-72.23963, 43.86478], [-72.23959, 43.86479], [-72.23957, 43.86479], [-72.23957, 43.86475], [-72.23958, 43.86456], [-72.23959, 43.86456], [-72.23963, 43.86458], [-72.23968, 43.8646], [-72.23968, 43.86454]]], [[[-72.23961, 43.86419], [-72.23963, 43.8642], [-72.23961, 43.86423], [-72.23961, 43.86419]]], [[[-72.24301, 43.85882], [-72.24305, 43.85884], [-72.24302, 43.85888], [-72.24286, 43.85902], [-72.24276, 43.85916], [-72.24265, 43.85926], [-72.24244, 43.85955], [-72.24221, 43.85977], [-72.2419, 43.86013], [-72.24173, 43.86029], [-72.2417, 43.86033], [-72.24157, 43.86047], [-72.24149, 43.86061], [-72.24142, 43.8607], [-72.2414, 43.86076], [-72.24139, 43.86074], [-72.2413, 43.86084], [-72.24135, 43.86085], [-72.24136, 43.86086], [-72.24129, 43.86086], [-72.24128, 43.86087], [-72.24126, 43.86088], [-72.24125, 43.86091], [-72.24121, 43.86094], [-72.24118, 43.861], [-72.24109, 43.86112], [-72.24108, 43.86115], [-72.24088, 43.86145], [-72.2408, 43.8616], [-72.24061, 43.86186], [-72.2405, 43.86205], [-72.24033, 43.86222], [-72.24027, 43.86231], [-72.24021, 43.86246], [-72.24014, 43.86282], [-72.24011, 43.86289], [-72.24011, 43.8629], [-72.24009, 43.863], [-72.24002, 43.86328], [-72.23998, 43.86359], [-72.23997, 43.86404], [-72.2399, 43.86405], [-72.23983, 43.86405], [-72.23975, 43.86408], [-72.23973, 43.86413], [-72.23966, 43.86415], [-72.23963, 43.86411], [-72.23962, 43.86411], [-72.23963, 43.86403], [-72.23963, 43.86387], [-72.23963, 43.86386], [-72.23965, 43.8637], [-72.23966, 43.86356], [-72.23966, 43.86344], [-72.23966, 43.86342], [-72.23968, 43.86327], [-72.23968, 43.86313], [-72.23969, 43.8631], [-72.23972, 43.86297], [-72.23973, 43.86286], [-72.23974, 43.86283], [-72.23975, 43.86281], [-72.23979, 43.86269], [-72.23983, 43.86259], [-72.23983, 43.86258], [-72.23988, 43.86248], [-72.23993, 43.86237], [-72.23994, 43.86235], [-72.23999, 43.86225], [-72.24004, 43.86214], [-72.24005, 43.86212], [-72.24006, 43.8621], [-72.24014, 43.86199], [-72.24022, 43.86187], [-72.24035, 43.86167], [-72.24036, 43.86166], [-72.24048, 43.86148], [-72.24049, 43.86148], [-72.24057, 43.86136], [-72.24066, 43.86123], [-72.24075, 43.8611], [-72.24075, 43.86109], [-72.24086, 43.86095], [-72.24086, 43.86094], [-72.24098, 43.86079], [-72.24109, 43.86063], [-72.24118, 43.86049], [-72.2412, 43.86046], [-72.24131, 43.86033], [-72.24145, 43.86016], [-72.24146, 43.86016], [-72.2416, 43.86], [-72.24173, 43.85986], [-72.24187, 43.85969], [-72.24188, 43.85968], [-72.24198, 43.85957], [-72.24206, 43.85948], [-72.24215, 43.85945], [-72.24226, 43.85939], [-72.24236, 43.85929], [-72.2424, 43.85919], [-72.24241, 43.8591], [-72.24247, 43.85903], [-72.24256, 43.85892], [-72.24258, 43.8589], [-72.24267, 43.85881], [-72.24271, 43.85878], [-72.2428, 43.8588], [-72.24291, 43.8588], [-72.24299, 43.85882], [-72.24301, 43.85882]]], [[[-72.2428, 43.85869], [-72.24282, 43.85874], [-72.24278, 43.85872], [-72.24277, 43.85872], [-72.2428, 43.85869]]], [[[-72.2439, 43.85808], [-72.24394, 43.85804], [-72.24394, 43.85801], [-72.24386, 43.858], [-72.24382, 43.85799], [-72.2438, 43.85794], [-72.24378, 43.85792], [-72.24374, 43.85793], [-72.24367, 43.85795], [-72.24365, 43.85801], [-72.24364, 43.85803], [-72.24365, 43.85804], [-72.24366, 43.85805], [-72.24369, 43.85807], [-72.24372, 43.85809], [-72.24371, 43.85814], [-72.24365, 43.8582], [-72.24354, 43.85831], [-72.24341, 43.85842], [-72.24335, 43.85847], [-72.24332, 43.85848], [-72.24327, 43.85852], [-72.24323, 43.85857], [-72.2432, 43.85859], [-72.24313, 43.85864], [-72.24307, 43.85866], [-72.24304, 43.8587], [-72.24299, 43.85874], [-72.24291, 43.85874], [-72.24287, 43.85871], [-72.24285, 43.85869], [-72.24283, 43.85866], [-72.24283, 43.85865], [-72.24287, 43.85862], [-72.24297, 43.85852], [-72.2434, 43.85812], [-72.24342, 43.85811], [-72.24349, 43.85805], [-72.24357, 43.85798], [-72.24359, 43.85796], [-72.24362, 43.85794], [-72.24365, 43.85793], [-72.24369, 43.85792], [-72.24372, 43.85791], [-72.24376, 43.8579], [-72.24379, 43.85789], [-72.24383, 43.85789], [-72.24387, 43.85789], [-72.2439, 43.85789], [-72.24394, 43.8579], [-72.24398, 43.8579], [-72.24401, 43.85791], [-72.24404, 43.85793], [-72.24407, 43.85794], [-72.24409, 43.85795], [-72.24397, 43.85807], [-72.24389, 43.85812], [-72.2439, 43.85808]]]]}}, {"type": "Feature", "properties": {}, "geometry": {"type": "Polygon", "coordinates": [[[-72.23916, 43.86651], [-72.23917, 43.86656], [-72.23919, 43.86657], [-72.23928, 43.86657], [-72.23934, 43.86653], [-72.23948, 43.86655], [-72.23932, 43.86674], [-72.23925, 43.86682], [-72.23915, 43.86694], [-72.23898, 43.86709], [-72.23878, 43.86726], [-72.23863, 43.86736], [-72.2383, 43.86756], [-72.23815, 43.86766], [-72.23803, 43.86767], [-72.23798, 43.86767], [-72.23797, 43.86766], [-72.23796, 43.86763], [-72.23795, 43.8676], [-72.23795, 43.86758], [-72.23795, 43.86755], [-72.23796, 43.86752], [-72.23797, 43.8675], [-72.23798, 43.86747], [-72.23799, 43.86745], [-72.23801, 43.86742], [-72.23803, 43.8674], [-72.23806, 43.86738], [-72.23809, 43.86735], [-72.23811, 43.86734], [-72.23823, 43.86726], [-72.23824, 43.86726], [-72.23836, 43.86718], [-72.23847, 43.8671], [-72.23859, 43.86701], [-72.23871, 43.8669], [-72.23883, 43.8668], [-72.23895, 43.86668], [-72.23902, 43.86661], [-72.23909, 43.86652], [-72.23916, 43.86651]]]}}, {"type": "Feature", "properties": {}, "geometry": {"type": "Polygon", "coordinates": [[[-72.23749, 43.86819], [-72.23751, 43.8683], [-72.23754, 43.86835], [-72.23759, 43.86842], [-72.23732, 43.86856], [-72.237, 43.86871], [-72.23684, 43.8688], [-72.23667, 43.86892], [-72.23659, 43.869], [-72.23654, 43.86909], [-72.23645, 43.86916], [-72.23641, 43.86921], [-72.23637, 43.86926], [-72.23635, 43.86934], [-72.23635, 43.86952], [-72.23638, 43.8696], [-72.23635, 43.86965], [-72.23614, 43.86988], [-72.23609, 43.86994], [-72.23602, 43.87005], [-72.23584, 43.87037], [-72.23577, 43.87049], [-72.23551, 43.87088], [-72.2354, 43.87104], [-72.23529, 43.87118], [-72.23519, 43.87127], [-72.23515, 43.8713], [-72.23504, 43.87135], [-72.23486, 43.87141], [-72.23484, 43.87142], [-72.23476, 43.87137], [-72.2347, 43.87134], [-72.23459, 43.8713], [-72.23446, 43.87128], [-72.23447, 43.87127], [-72.23449, 43.87125], [-72.23452, 43.87123], [-72.23455, 43.87121], [-72.23458, 43.87119], [-72.23461, 43.87118], [-72.23464, 43.87117], [-72.23468, 43.87116], [-72.23476, 43.87114], [-72.23485, 43.87111], [-72.2349, 43.87108], [-72.23497, 43.87103], [-72.23504, 43.87098], [-72.23508, 43.87093], [-72.23516, 43.87083], [-72.23522, 43.87073], [-72.23529, 43.87063], [-72.23536, 43.87051], [-72.23537, 43.87051], [-72.23543, 43.87041], [-72.23549, 43.8703], [-72.23558, 43.87016], [-72.23566, 43.87001], [-72.23574, 43.86984], [-72.23576, 43.86982], [-72.23577, 43.8698], [-72.23586, 43.8697], [-72.23588, 43.86967], [-72.23597, 43.86958], [-72.23602, 43.86953], [-72.23606, 43.8695], [-72.23611, 43.86939], [-72.23614, 43.86932], [-72.23616, 43.86922], [-72.23617, 43.86922], [-72.2362, 43.86908], [-72.2362, 43.86907], [-72.23622, 43.869], [-72.23623, 43.86898], [-72.23624, 43.86896], [-72.2363, 43.86886], [-72.23632, 43.86883], [-72.23634, 43.86881], [-72.23636, 43.86879], [-72.23636, 43.86878], [-72.23637, 43.86877], [-72.23643, 43.86872], [-72.23645, 43.8687], [-72.23653, 43.86864], [-72.23655, 43.86863], [-72.23662, 43.86858], [-72.23665, 43.86856], [-72.23667, 43.86855], [-72.23683, 43.86848], [-72.23685, 43.86846], [-72.23696, 43.86842], [-72.23705, 43.86838], [-72.23713, 43.86834], [-72.23722, 43.86829], [-72.23731, 43.86824], [-72.23734, 43.86822], [-72.23737, 43.86821], [-72.2374, 43.86819], [-72.23744, 43.86819], [-72.23747, 43.86818], [-72.23749, 43.86817], [-72.23749, 43.86819]]]}}, {"type": "Feature", "properties": {}, "geometry": {"type": "MultiPolygon", "coordinates": [[[[-72.22496, 43.87173], [-72.22466, 43.87176], [-72.22445, 43.8718], [-72.22433, 43.87184], [-72.22378, 43.87203], [-72.22377, 43.87204], [-72.22369, 43.87207], [-72.22368, 43.87206], [-72.22367, 43.87203], [-72.22366, 43.87201], [-72.22366, 43.87198], [-72.22365, 43.87195], [-72.22366, 43.87193], [-72.22366, 43.8719], [-72.22367, 43.87187], [-72.22368, 43.87185], [-72.2237, 43.87182], [-72.22372, 43.8718], [-72.22374, 43.87178], [-72.22376, 43.87176], [-72.22379, 43.87174], [-72.22382, 43.87173], [-72.22385, 43.87171], [-72.22389, 43.8717], [-72.2244, 43.87155], [-72.22443, 43.87154], [-72.22446, 43.87153], [-72.22475, 43.87148], [-72.22479, 43.87148], [-72.22482, 43.87148], [-72.22486, 43.87148], [-72.2249, 43.87148], [-72.22493, 43.87149], [-72.22497, 43.87149], [-72.225, 43.8715], [-72.22504, 43.87152], [-72.22507, 43.87153], [-72.22509, 43.87155], [-72.22512, 43.87157], [-72.22514, 43.87159], [-72.22516, 43.87161], [-72.22518, 43.87164], [-72.22519, 43.87166], [-72.2252, 43.87169], [-72.22521, 43.87171], [-72.22496, 43.87173]]], [[[-72.22424, 43.87193], [-72.22443, 43.87187], [-72.22465, 43.87182], [-72.22479, 43.8718], [-72.22496, 43.87178], [-72.22516, 43.87177], [-72.22521, 43.87177], [-72.22521, 43.87179], [-72.2252, 43.87182], [-72.22519, 43.87185], [-72.22518, 43.87187], [-72.22516, 43.87189], [-72.22514, 43.87192], [-72.22511, 43.87194], [-72.22509, 43.87196], [-72.22506, 43.87197], [-72.22503, 43.87199], [-72.22499, 43.872], [-72.22496, 43.87201], [-72.22492, 43.87202], [-72.22466, 43.87206], [-72.22418, 43.87221], [-72.22414, 43.87222], [-72.22411, 43.87222], [-72.22407, 43.87223], [-72.22403, 43.87223], [-72.224, 43.87223], [-72.22396, 43.87222], [-72.22392, 43.87222], [-72.22389, 43.87221], [-72.22386, 43.8722], [-72.22382, 43.87218], [-72.22379, 43.87217], [-72.22377, 43.87215], [-72.22374, 43.87213], [-72.22373, 43.87212], [-72.22424, 43.87193]]]]}}, {"type": "Feature", "properties": {}, "geometry": {"type": "MultiPolygon", "coordinates": [[[[-72.23036, 43.87257], [-72.23029, 43.87264], [-72.23025, 43.87267], [-72.23022, 43.87273], [-72.23013, 43.87274], [-72.23001, 43.87278], [-72.22999, 43.87277], [-72.22998, 43.87274], [-72.22998, 43.87272], [-72.22999, 43.87269], [-72.22999, 43.87266], [-72.23, 43.87264], [-72.23002, 43.87261], [-72.23004, 43.87259], [-72.23006, 43.87257], [-72.23008, 43.87255], [-72.23011, 43.87253], [-72.23014, 43.87251], [-72.23017, 43.87249], [-72.2302, 43.87248], [-72.23023, 43.87247], [-72.23027, 43.87246], [-72.23038, 43.87244], [-72.23039, 43.87244], [-72.2304, 43.87243], [-72.23038, 43.87251], [-72.23036, 43.87257]]], [[[-72.23364, 43.87153], [-72.23345, 43.87155], [-72.23325, 43.87157], [-72.23301, 43.87163], [-72.23281, 43.87168], [-72.23251, 43.87177], [-72.23225, 43.87188], [-72.23185, 43.87207], [-72.2312, 43.87239], [-72.23113, 43.87242], [-72.23092, 43.87251], [-72.23069, 43.87262], [-72.23055, 43.87263], [-72.23045, 43.87257], [-72.23048, 43.87251], [-72.23057, 43.87234], [-72.23071, 43.87227], [-72.23072, 43.87228], [-72.23083, 43.87231], [-72.23085, 43.87232], [-72.23088, 43.87236], [-72.2309, 43.87237], [-72.23099, 43.87233], [-72.2312, 43.87232], [-72.23129, 43.8723], [-72.23139, 43.87227], [-72.23149, 43.87221], [-72.23161, 43.87217], [-72.23172, 43.87212], [-72.23182, 43.87202], [-72.23188, 43.87191], [-72.2319, 43.87172], [-72.2319, 43.87171], [-72.23204, 43.87164], [-72.23207, 43.87162], [-72.23233, 43.87152], [-72.23236, 43.87151], [-72.23265, 43.87141], [-72.23268, 43.87141], [-72.23289, 43.87135], [-72.2329, 43.87135], [-72.23314, 43.8713], [-72.23317, 43.87129], [-72.23337, 43.87127], [-72.23341, 43.87126], [-72.23344, 43.87126], [-72.23348, 43.87126], [-72.23352, 43.87127], [-72.23355, 43.87127], [-72.23359, 43.87128], [-72.23362, 43.87129], [-72.23365, 43.87131], [-72.23368, 43.87132], [-72.23371, 43.87134], [-72.23374, 43.87136], [-72.23376, 43.87138], [-72.23378, 43.8714], [-72.23378, 43.87141], [-72.23373, 43.87144], [-72.23364, 43.87153]]]]}}, {"type": "Feature", "properties": {}, "geometry": {"type": "Polygon", "coordinates": [[[-72.22926, 43.87436], [-72.22935, 43.87439], [-72.22937, 43.87435], [-72.22934, 43.87431], [-72.22932, 43.87429], [-72.22935, 43.87421], [-72.22946, 43.87417], [-72.22949, 43.87412], [-72.22951, 43.87403], [-72.22953, 43.87401], [-72.2296, 43.87399], [-72.22961, 43.87393], [-72.22969, 43.87386], [-72.22962, 43.8738], [-72.22969, 43.87373], [-72.22975, 43.87367], [-72.2299, 43.87366], [-72.22968, 43.87412], [-72.2296, 43.87435], [-72.22953, 43.87443], [-72.22942, 43.8746], [-72.22918, 43.87498], [-72.22911, 43.87508], [-72.22904, 43.87521], [-72.22895, 43.87533], [-72.22879, 43.87541], [-72.22873, 43.87546], [-72.22845, 43.8756], [-72.22813, 43.87582], [-72.2281, 43.87582], [-72.2281, 43.87575], [-72.22816, 43.87572], [-72.2282, 43.8757], [-72.22824, 43.87564], [-72.22832, 43.87557], [-72.22834, 43.87554], [-72.22856, 43.87541], [-72.22857, 43.87539], [-72.22853, 43.87534], [-72.22846, 43.87532], [-72.22844, 43.87532], [-72.2285, 43.87529], [-72.22862, 43.87521], [-72.22865, 43.87519], [-72.22872, 43.87516], [-72.22877, 43.87509], [-72.22884, 43.87497], [-72.22885, 43.87495], [-72.22886, 43.87493], [-72.22892, 43.87485], [-72.2291, 43.87455], [-72.22911, 43.87454], [-72.22921, 43.87441], [-72.22924, 43.87436], [-72.22926, 43.87436]]]}}, {"type": "Feature", "properties": {}, "geometry": {"type": "MultiPolygon", "coordinates": [[[[-72.21624, 43.88302], [-72.21628, 43.88303], [-72.21628, 43.88305], [-72.21628, 43.88306], [-72.21631, 43.88313], [-72.21633, 43.88314], [-72.21628, 43.8832], [-72.21627, 43.8832], [-72.21623, 43.88324], [-72.2162, 43.88326], [-72.21621, 43.88327], [-72.21617, 43.8833], [-72.21613, 43.88336], [-72.21612, 43.88336], [-72.21612, 43.88337], [-72.21606, 43.88344], [-72.21597, 43.88354], [-72.21587, 43.88364], [-72.21575, 43.88377], [-72.21564, 43.88389], [-72.21559, 43.88402], [-72.21557, 43.88405], [-72.21543, 43.88422], [-72.2154, 43.88427], [-72.21533, 43.88437], [-72.21527, 43.88436], [-72.215, 43.88429], [-72.21501, 43.88427], [-72.21501, 43.88426], [-72.21512, 43.8841], [-72.21513, 43.8841], [-72.21521, 43.88398], [-72.21528, 43.8838], [-72.21529, 43.88378], [-72.21531, 43.88375], [-72.21533, 43.88373], [-72.21544, 43.88361], [-72.21555, 43.88348], [-72.21556, 43.88347], [-72.21565, 43.88337], [-72.21574, 43.88328], [-72.21586, 43.88315], [-72.21586, 43.88314], [-72.21588, 43.88312], [-72.21596, 43.88303], [-72.21598, 43.88302], [-72.21606, 43.88294], [-72.21615, 43.88284], [-72.21621, 43.88302], [-72.21624, 43.88302]]], [[[-72.22496, 43.87734], [-72.22485, 43.87737], [-72.22475, 43.87742], [-72.22465, 43.8775], [-72.22459, 43.87759], [-72.22458, 43.87761], [-72.22418, 43.87792], [-72.22392, 43.87813], [-72.22371, 43.87829], [-72.22344, 43.8785], [-72.22337, 43.87858], [-72.2231, 43.87877], [-72.22291, 43.87885], [-72.22253, 43.879], [-72.22244, 43.87904], [-72.2222, 43.87917], [-72.22203, 43.87931], [-72.22169, 43.87954], [-72.22155, 43.87962], [-72.22136, 43.87976], [-72.22124, 43.87986], [-72.2211, 43.88002], [-72.221, 43.8801], [-72.22091, 43.88017], [-72.22082, 43.88025], [-72.22047, 43.88051], [-72.22044, 43.88053], [-72.22041, 43.88054], [-72.22026, 43.88064], [-72.22017, 43.88068], [-72.22007, 43.88075], [-72.22001, 43.88077], [-72.21995, 43.88081], [-72.21976, 43.88088], [-72.21955, 43.88098], [-72.2193, 43.88108], [-72.2192, 43.88113], [-72.21895, 43.88124], [-72.21879, 43.88134], [-72.21873, 43.88138], [-72.21841, 43.88163], [-72.21821, 43.88177], [-72.21818, 43.88175], [-72.21817, 43.88179], [-72.2181, 43.88183], [-72.21789, 43.88196], [-72.2178, 43.88201], [-72.21774, 43.88205], [-72.21768, 43.88204], [-72.21767, 43.88208], [-72.21757, 43.88213], [-72.21738, 43.88225], [-72.21735, 43.88227], [-72.21731, 43.88223], [-72.21734, 43.88216], [-72.21736, 43.88212], [-72.21752, 43.88199], [-72.21757, 43.88191], [-72.21766, 43.88189], [-72.2177, 43.88186], [-72.21767, 43.88181], [-72.21763, 43.88178], [-72.21775, 43.88171], [-72.21802, 43.88154], [-72.21814, 43.88145], [-72.21821, 43.8814], [-72.21852, 43.88117], [-72.21856, 43.88114], [-72.21864, 43.88109], [-72.21873, 43.88104], [-72.21874, 43.88104], [-72.21882, 43.88099], [-72.21885, 43.88098], [-72.21897, 43.88092], [-72.21908, 43.88087], [-72.2191, 43.88086], [-72.21922, 43.88081], [-72.21924, 43.8808], [-72.21935, 43.88076], [-72.21948, 43.88071], [-72.21948, 43.8807], [-72.21963, 43.88064], [-72.21975, 43.88059], [-72.21983, 43.88055], [-72.21992, 43.8805], [-72.21994, 43.88049], [-72.22004, 43.88043], [-72.22019, 43.88034], [-72.22029, 43.88027], [-72.22042, 43.88017], [-72.22056, 43.88006], [-72.22068, 43.87997], [-72.22084, 43.87984], [-72.22093, 43.87975], [-72.22094, 43.87974], [-72.22105, 43.87963], [-72.22107, 43.87961], [-72.22123, 43.87948], [-72.22127, 43.87945], [-72.22146, 43.87934], [-72.22162, 43.87923], [-72.22175, 43.87914], [-72.22188, 43.87903], [-72.22192, 43.87901], [-72.22204, 43.87893], [-72.22206, 43.87892], [-72.22222, 43.87884], [-72.22225, 43.87882], [-72.2224, 43.87876], [-72.22241, 43.87875], [-72.22257, 43.87869], [-72.2227, 43.87863], [-72.2228, 43.87859], [-72.22286, 43.87857], [-72.22294, 43.87851], [-72.2231, 43.87841], [-72.22319, 43.87833], [-72.2232, 43.87831], [-72.22334, 43.8782], [-72.22337, 43.87821], [-72.22341, 43.87824], [-72.22344, 43.87829], [-72.22352, 43.87829], [-72.22355, 43.87827], [-72.22362, 43.87821], [-72.22383, 43.87808], [-72.22386, 43.87801], [-72.22382, 43.87794], [-72.22384, 43.8779], [-72.22386, 43.87789], [-72.22392, 43.87784], [-72.22393, 43.87779], [-72.22395, 43.87775], [-72.22394, 43.87773], [-72.224, 43.87768], [-72.2242, 43.87753], [-72.22428, 43.87745], [-72.2243, 43.87744], [-72.22433, 43.87742], [-72.22436, 43.8774], [-72.22446, 43.87734], [-72.22447, 43.87734], [-72.22459, 43.87728], [-72.22462, 43.87726], [-72.22465, 43.87725], [-72.22469, 43.87724], [-72.22472, 43.87723], [-72.22476, 43.87723], [-72.2248, 43.87723], [-72.22484, 43.87723], [-72.22487, 43.87723], [-72.22491, 43.87724], [-72.22494, 43.87725], [-72.22498, 43.87726], [-72.22501, 43.87727], [-72.22504, 43.87728], [-72.22507, 43.8773], [-72.22507, 43.87731], [-72.22496, 43.87734]]]]}}, {"type": "Feature", "properties": {}, "geometry": {"type": "Polygon", "coordinates": [[[-72.24696, 43.84118], [-72.24696, 43.8412], [-72.24695, 43.8412], [-72.24694, 43.84117], [-72.24696, 43.84118]]]}}, {"type": "Feature", "properties": {}, "geometry": {"type": "MultiPolygon", "coordinates": [[[[-72.24671, 43.85202], [-72.24691, 43.85204], [-72.24686, 43.85227], [-72.24672, 43.8526], [-72.24667, 43.85282], [-72.24657, 43.85307], [-72.2465, 43.85336], [-72.24641, 43.85352], [-72.24638, 43.85374], [-72.24634, 43.8539], [-72.24618, 43.85429], [-72.24604, 43.85455], [-72.24599, 43.85468], [-72.24596, 43.85486], [-72.24593, 43.85541], [-72.2459, 43.85574], [-72.24586, 43.85591], [-72.2457, 43.85625], [-72.2454, 43.85669], [-72.24537, 43.85668], [-72.24534, 43.85666], [-72.24531, 43.85664], [-72.24529, 43.85662], [-72.24527, 43.8566], [-72.24525, 43.85658], [-72.24524, 43.85655], [-72.24523, 43.85653], [-72.24522, 43.8565], [-72.24522, 43.85647], [-72.24522, 43.85645], [-72.24522, 43.85642], [-72.24523, 43.85639], [-72.24524, 43.85637], [-72.24525, 43.85634], [-72.24531, 43.85625], [-72.24536, 43.85617], [-72.2454, 43.85611], [-72.24542, 43.85605], [-72.24544, 43.85602], [-72.24548, 43.85595], [-72.24552, 43.85586], [-72.24554, 43.85577], [-72.24556, 43.8557], [-72.24557, 43.85564], [-72.24557, 43.85563], [-72.24558, 43.85554], [-72.24559, 43.85543], [-72.24559, 43.85542], [-72.2456, 43.85527], [-72.2456, 43.85517], [-72.2456, 43.85508], [-72.2456, 43.85506], [-72.2456, 43.85497], [-72.2456, 43.85496], [-72.24561, 43.85486], [-72.24561, 43.85484], [-72.24563, 43.85476], [-72.24564, 43.85467], [-72.24565, 43.85464], [-72.24568, 43.85455], [-72.24568, 43.85454], [-72.24572, 43.85446], [-72.24573, 43.85444], [-72.24577, 43.85436], [-72.24585, 43.85421], [-72.24586, 43.85419], [-72.24591, 43.85412], [-72.24594, 43.85405], [-72.24594, 43.85404], [-72.24599, 43.85395], [-72.24603, 43.85387], [-72.24603, 43.85386], [-72.24607, 43.85379], [-72.24608, 43.85373], [-72.24608, 43.85363], [-72.24608, 43.85361], [-72.24608, 43.85359], [-72.24611, 43.85346], [-72.24612, 43.85343], [-72.24617, 43.8533], [-72.24622, 43.85317], [-72.24627, 43.85301], [-72.24628, 43.85299], [-72.24633, 43.85284], [-72.24638, 43.8527], [-72.24645, 43.85248], [-72.24652, 43.85225], [-72.24655, 43.85215], [-72.2466, 43.85199], [-72.24671, 43.85202]]], [[[-72.24734, 43.8511], [-72.24728, 43.85121], [-72.24719, 43.85117], [-72.2471, 43.85114], [-72.247, 43.85113], [-72.24703, 43.85111], [-72.24706, 43.8511], [-72.2471, 43.85109], [-72.24713, 43.85108], [-72.24717, 43.85107], [-72.2472, 43.85106], [-72.24724, 43.85106], [-72.24728, 43.85106], [-72.24731, 43.85106], [-72.24735, 43.85106], [-72.24736, 43.85106], [-72.24734, 43.8511]]]]}}, {"type": "Feature", "properties": {}, "geometry": {"type": "MultiPolygon", "coordinates": [[[[-72.27106, 43.82393], [-72.27114, 43.82385], [-72.27121, 43.82374], [-72.27125, 43.8236], [-72.27123, 43.82346], [-72.27116, 43.82334], [-72.27108, 43.82327], [-72.27108, 43.82309], [-72.2712, 43.82308], [-72.27122, 43.82303], [-72.27125, 43.82302], [-72.27129, 43.82301], [-72.27124, 43.82296], [-72.27124, 43.82293], [-72.27124, 43.82291], [-72.27124, 43.82288], [-72.27128, 43.82287], [-72.27131, 43.82286], [-72.27135, 43.82285], [-72.27138, 43.82285], [-72.27139, 43.82285], [-72.27138, 43.82298], [-72.27136, 43.82343], [-72.27136, 43.82344], [-72.27135, 43.82392], [-72.27133, 43.82412], [-72.27132, 43.82412], [-72.27128, 43.82411], [-72.27125, 43.8241], [-72.27121, 43.82409], [-72.27118, 43.82408], [-72.27115, 43.82406], [-72.27113, 43.82404], [-72.2711, 43.82402], [-72.27108, 43.824], [-72.27106, 43.82398], [-72.27105, 43.82395], [-72.27104, 43.82394], [-72.27106, 43.82393]]], [[[-72.27143, 43.82391], [-72.27144, 43.82363], [-72.27145, 43.82301], [-72.27147, 43.82285], [-72.2715, 43.82286], [-72.27153, 43.82286], [-72.27157, 43.82287], [-72.2716, 43.82288], [-72.27163, 43.8229], [-72.27166, 43.82291], [-72.27169, 43.82293], [-72.27171, 43.82295], [-72.27173, 43.82298], [-72.27175, 43.823], [-72.27177, 43.82302], [-72.27178, 43.82305], [-72.27179, 43.82307], [-72.27179, 43.8231], [-72.27179, 43.82313], [-72.27178, 43.82385], [-72.27177, 43.82388], [-72.27177, 43.82391], [-72.27176, 43.82393], [-72.27175, 43.82396], [-72.27173, 43.82398], [-72.27171, 43.82401], [-72.27169, 43.82403], [-72.27166, 43.82405], [-72.27163, 43.82407], [-72.2716, 43.82408], [-72.27157, 43.82409], [-72.27154, 43.82411], [-72.2715, 43.82411], [-72.27147, 43.82412], [-72.27143, 43.82412], [-72.27141, 43.82412], [-72.27143, 43.82391]]]]}}, {"type": "Feature", "properties": {}, "geometry": {"type": "MultiPolygon", "coordinates": [[[[-72.27078, 43.82732], [-72.27073, 43.82793], [-72.27076, 43.8287], [-72.2707, 43.82911], [-72.27067, 43.8291], [-72.27063, 43.82909], [-72.2706, 43.82908], [-72.27056, 43.82907], [-72.27053, 43.82905], [-72.27051, 43.82903], [-72.27048, 43.82901], [-72.27046, 43.82899], [-72.27044, 43.82897], [-72.27042, 43.82894], [-72.27041, 43.82892], [-72.2704, 43.82889], [-72.2704, 43.82887], [-72.27039, 43.82884], [-72.27039, 43.82881], [-72.27041, 43.82868], [-72.27039, 43.82779], [-72.27039, 43.82778], [-72.2704, 43.8274], [-72.2704, 43.82738], [-72.27041, 43.82735], [-72.27041, 43.82732], [-72.27043, 43.8273], [-72.27044, 43.82727], [-72.27046, 43.82725], [-72.27049, 43.82723], [-72.27051, 43.82721], [-72.27054, 43.82719], [-72.27057, 43.82718], [-72.2706, 43.82716], [-72.27063, 43.82715], [-72.27067, 43.82714], [-72.27071, 43.82714], [-72.27074, 43.82713], [-72.27078, 43.82713], [-72.2708, 43.82713], [-72.27078, 43.82732]]], [[[-72.27078, 43.8291], [-72.27084, 43.82871], [-72.27081, 43.82793], [-72.27086, 43.8273], [-72.27088, 43.82714], [-72.27089, 43.82714], [-72.27092, 43.82715], [-72.27096, 43.82716], [-72.27099, 43.82718], [-72.27102, 43.82719], [-72.27105, 43.82721], [-72.27107, 43.82723], [-72.27109, 43.82725], [-72.27111, 43.82728], [-72.27112, 43.82729], [-72.27106, 43.82734], [-72.27108, 43.82738], [-72.27106, 43.82742], [-72.27102, 43.82742], [-72.27097, 43.82742], [-72.27095, 43.82741], [-72.27091, 43.8274], [-72.27089, 43.8275], [-72.27098, 43.8275], [-72.27101, 43.82752], [-72.27109, 43.82755], [-72.27116, 43.82753], [-72.27115, 43.82778], [-72.27117, 43.82869], [-72.27117, 43.82872], [-72.27115, 43.82886], [-72.27114, 43.82889], [-72.27114, 43.82891], [-72.27112, 43.82894], [-72.27111, 43.82896], [-72.27109, 43.82899], [-72.27107, 43.82901], [-72.27104, 43.82903], [-72.27102, 43.82905], [-72.27099, 43.82906], [-72.27095, 43.82908], [-72.27092, 43.82909], [-72.27089, 43.8291], [-72.27085, 43.8291], [-72.27081, 43.82911], [-72.27078, 43.82911], [-72.27078, 43.8291]]]]}}, {"type": "Feature", "properties": {}, "geometry": {"type": "Polygon", "coordinates": [[[-72.24712, 43.83784], [-72.24711, 43.83782], [-72.24713, 43.83781], [-72.24717, 43.83779], [-72.24711, 43.83775], [-72.24712, 43.83773], [-72.24714, 43.8377], [-72.24715, 43.83761], [-72.24713, 43.83752], [-72.24712, 43.83749], [-72.24711, 43.83741], [-72.24709, 43.83738], [-72.24711, 43.83735], [-72.24713, 43.83733], [-72.24706, 43.83727], [-72.24705, 43.83716], [-72.24701, 43.83712], [-72.24703, 43.83708], [-72.24709, 43.83704], [-72.24708, 43.83696], [-72.24705, 43.83693], [-72.24704, 43.83689], [-72.24704, 43.83672], [-72.24701, 43.83664], [-72.24704, 43.83663], [-72.24711, 43.83662], [-72.24711, 43.83658], [-72.2471, 43.83651], [-72.24707, 43.83646], [-72.24713, 43.83642], [-72.24715, 43.83634], [-72.24715, 43.83624], [-72.24715, 43.83619], [-72.24718, 43.83613], [-72.24722, 43.83602], [-72.24722, 43.83597], [-72.24716, 43.83593], [-72.24718, 43.83589], [-72.2472, 43.83578], [-72.24727, 43.8357], [-72.24729, 43.83571], [-72.24732, 43.83573], [-72.24735, 43.83575], [-72.24737, 43.83577], [-72.2474, 43.83579], [-72.24741, 43.83581], [-72.24743, 43.83584], [-72.24744, 43.83586], [-72.24745, 43.83589], [-72.24746, 43.83592], [-72.24746, 43.83594], [-72.24746, 43.83597], [-72.24745, 43.836], [-72.24742, 43.8361], [-72.24739, 43.83623], [-72.24736, 43.83637], [-72.24734, 43.83653], [-72.24733, 43.83677], [-72.24733, 43.83699], [-72.24733, 43.83723], [-72.24734, 43.83739], [-72.24735, 43.83758], [-72.24734, 43.83761], [-72.24734, 43.83764], [-72.24733, 43.83766], [-72.24732, 43.83769], [-72.24731, 43.83771], [-72.24729, 43.83774], [-72.24727, 43.83776], [-72.24724, 43.83778], [-72.24722, 43.8378], [-72.24719, 43.83781], [-72.24716, 43.83783], [-72.24713, 43.83784], [-72.24712, 43.83784]]]}}, {"type": "Feature", "properties": {}, "geometry": {"type": "MultiPolygon", "coordinates": [[[[-72.24777, 43.84129], [-72.24771, 43.84127], [-72.24768, 43.84127], [-72.24765, 43.84126], [-72.24757, 43.84125], [-72.24754, 43.84125], [-72.24749, 43.84124], [-72.24747, 43.84122], [-72.24742, 43.84122], [-72.24737, 43.84116], [-72.24741, 43.84112], [-72.24744, 43.84113], [-72.24749, 43.84116], [-72.24759, 43.84115], [-72.24768, 43.84116], [-72.24771, 43.84114], [-72.24773, 43.84118], [-72.24777, 43.84128], [-72.24777, 43.84129]], [[-72.24747, 43.84122], [-72.24749, 43.84122], [-72.24748, 43.84121], [-72.24747, 43.84122]]], [[[-72.24777, 43.84129], [-72.24779, 43.84132], [-72.24776, 43.84131], [-72.24777, 43.84129]]]]}}, {"type": "Feature", "properties": {}, "geometry": {"type": "MultiPolygon", "coordinates": [[[[-72.28625, 43.82642], [-72.28627, 43.82646], [-72.28628, 43.8265], [-72.28629, 43.82652], [-72.28629, 43.82656], [-72.28632, 43.8266], [-72.28632, 43.82661], [-72.28632, 43.82664], [-72.28624, 43.82671], [-72.28619, 43.82677], [-72.28618, 43.82677], [-72.28611, 43.82665], [-72.2861, 43.82663], [-72.28609, 43.8266], [-72.28608, 43.82657], [-72.28608, 43.82655], [-72.28608, 43.82652], [-72.28608, 43.82649], [-72.28609, 43.82647], [-72.2861, 43.82644], [-72.28612, 43.82642], [-72.28614, 43.82639], [-72.28616, 43.82637], [-72.28618, 43.82635], [-72.2862, 43.82633], [-72.28623, 43.82637], [-72.28625, 43.82642]]], [[[-72.28634, 43.82675], [-72.28642, 43.82676], [-72.28648, 43.82679], [-72.28655, 43.82676], [-72.28656, 43.82679], [-72.28651, 43.82682], [-72.28662, 43.82689], [-72.28664, 43.82693], [-72.28673, 43.82701], [-72.28673, 43.82706], [-72.2867, 43.8271], [-72.28673, 43.82712], [-72.28674, 43.82715], [-72.28684, 43.82716], [-72.28685, 43.82722], [-72.28686, 43.82724], [-72.28686, 43.82726], [-72.28683, 43.82726], [-72.28679, 43.82727], [-72.28675, 43.82727], [-72.28672, 43.82727], [-72.28668, 43.82727], [-72.28664, 43.82727], [-72.28661, 43.82726], [-72.28657, 43.82725], [-72.28654, 43.82724], [-72.28651, 43.82723], [-72.28648, 43.82721], [-72.28645, 43.82719], [-72.28643, 43.82717], [-72.2864, 43.82715], [-72.28639, 43.82713], [-72.28637, 43.8271], [-72.2863, 43.82697], [-72.28622, 43.82683], [-72.28626, 43.82678], [-72.28634, 43.82675]]]]}}, {"type": "Feature", "properties": {}, "geometry": {"type": "Polygon", "coordinates": [[[-72.29028, 43.83017], [-72.29025, 43.83017], [-72.29023, 43.83016], [-72.29017, 43.83014], [-72.29014, 43.83012], [-72.29013, 43.83013], [-72.29006, 43.8301], [-72.28982, 43.83], [-72.28956, 43.82992], [-72.28953, 43.82991], [-72.28931, 43.82982], [-72.28929, 43.82981], [-72.28907, 43.82971], [-72.28904, 43.8297], [-72.28894, 43.82963], [-72.28891, 43.82962], [-72.2889, 43.82955], [-72.28887, 43.82949], [-72.28879, 43.82939], [-72.28879, 43.82938], [-72.2888, 43.82938], [-72.2888, 43.82937], [-72.28882, 43.82937], [-72.28888, 43.82934], [-72.28892, 43.82937], [-72.28893, 43.82937], [-72.28896, 43.82937], [-72.28897, 43.82939], [-72.28899, 43.82942], [-72.28907, 43.82943], [-72.28914, 43.82948], [-72.28918, 43.82949], [-72.28931, 43.82958], [-72.2894, 43.82961], [-72.28945, 43.82965], [-72.2895, 43.82967], [-72.28957, 43.82972], [-72.28961, 43.82973], [-72.2897, 43.82974], [-72.28977, 43.82976], [-72.2898, 43.82981], [-72.28985, 43.82983], [-72.28993, 43.82978], [-72.29005, 43.82983], [-72.29008, 43.82985], [-72.29017, 43.82987], [-72.29046, 43.82999], [-72.29066, 43.8301], [-72.29075, 43.83017], [-72.29079, 43.83018], [-72.29095, 43.83029], [-72.29105, 43.83036], [-72.29112, 43.8304], [-72.29119, 43.83042], [-72.29128, 43.83049], [-72.29131, 43.83052], [-72.29133, 43.83054], [-72.29136, 43.83058], [-72.29138, 43.83062], [-72.29147, 43.83066], [-72.29149, 43.83069], [-72.2915, 43.8307], [-72.2915, 43.83075], [-72.29153, 43.83079], [-72.29159, 43.83081], [-72.29166, 43.83082], [-72.29168, 43.83086], [-72.29172, 43.83091], [-72.29178, 43.83094], [-72.29182, 43.83096], [-72.29186, 43.83098], [-72.29195, 43.83097], [-72.29205, 43.83105], [-72.29212, 43.83107], [-72.29217, 43.83109], [-72.29222, 43.83111], [-72.29219, 43.83113], [-72.29215, 43.83114], [-72.29212, 43.83115], [-72.29208, 43.83116], [-72.29205, 43.83116], [-72.292, 43.83114], [-72.29183, 43.83108], [-72.29172, 43.83108], [-72.29169, 43.83106], [-72.29146, 43.8309], [-72.29118, 43.83073], [-72.29071, 43.83044], [-72.2904, 43.83025], [-72.2903, 43.8302], [-72.29028, 43.83017]]]}}, {"type": "Feature", "properties": {}, "geometry": {"type": "MultiPolygon", "coordinates": [[[[-72.29269, 43.83162], [-72.29259, 43.83156], [-72.2925, 43.83153], [-72.2924, 43.83151], [-72.29235, 43.8315], [-72.29234, 43.83145], [-72.29231, 43.83137], [-72.29236, 43.83136], [-72.29246, 43.83132], [-72.29254, 43.83133], [-72.29256, 43.83137], [-72.2926, 43.83138], [-72.2928, 43.83149], [-72.29295, 43.83155], [-72.29309, 43.8316], [-72.29313, 43.83162], [-72.29318, 43.83163], [-72.29321, 43.83167], [-72.29328, 43.83168], [-72.29334, 43.83164], [-72.29345, 43.83165], [-72.29359, 43.83166], [-72.29363, 43.83167], [-72.2937, 43.83168], [-72.29376, 43.83169], [-72.29387, 43.83169], [-72.29393, 43.83171], [-72.294, 43.83169], [-72.2941, 43.8317], [-72.29473, 43.83174], [-72.29481, 43.83175], [-72.2948, 43.83176], [-72.29478, 43.83179], [-72.29476, 43.83181], [-72.29474, 43.83183], [-72.29472, 43.83185], [-72.29469, 43.83187], [-72.29466, 43.83189], [-72.29463, 43.8319], [-72.2946, 43.83192], [-72.29456, 43.83192], [-72.29452, 43.83193], [-72.29449, 43.83194], [-72.29445, 43.83194], [-72.29441, 43.83194], [-72.29382, 43.8319], [-72.2938, 43.8319], [-72.2931, 43.83183], [-72.29306, 43.83182], [-72.29303, 43.83182], [-72.293, 43.83181], [-72.29297, 43.8318], [-72.2928, 43.83173], [-72.29277, 43.83169], [-72.29269, 43.83162]]], [[[-72.29236, 43.83129], [-72.29231, 43.83131], [-72.29232, 43.83129], [-72.29234, 43.83126], [-72.29235, 43.83124], [-72.29236, 43.83123], [-72.29238, 43.83125], [-72.29236, 43.83129]]]]}}, {"type": "Feature", "properties": {}, "geometry": {"type": "Polygon", "coordinates": [[[-72.29615, 43.83192], [-72.29603, 43.83197], [-72.29614, 43.83198], [-72.29627, 43.83193], [-72.29631, 43.83195], [-72.29661, 43.83201], [-72.29729, 43.83217], [-72.29853, 43.83257], [-72.299, 43.83273], [-72.2995, 43.83286], [-72.29955, 43.83288], [-72.29957, 43.83289], [-72.2996, 43.8329], [-72.29966, 43.8329], [-72.29977, 43.83291], [-72.2998, 43.83293], [-72.29982, 43.83293], [-72.29987, 43.83293], [-72.29994, 43.83293], [-72.30002, 43.83293], [-72.30005, 43.83294], [-72.30014, 43.83295], [-72.30019, 43.83301], [-72.30021, 43.83303], [-72.3002, 43.83304], [-72.30018, 43.83306], [-72.30015, 43.83307], [-72.30012, 43.83309], [-72.30009, 43.8331], [-72.30005, 43.83311], [-72.30002, 43.83312], [-72.29998, 43.83313], [-72.29994, 43.83313], [-72.29991, 43.83313], [-72.29987, 43.83313], [-72.29983, 43.83312], [-72.29949, 43.83307], [-72.29946, 43.83306], [-72.29923, 43.833], [-72.29921, 43.833], [-72.29908, 43.83296], [-72.29907, 43.83296], [-72.29904, 43.83295], [-72.29887, 43.83291], [-72.29884, 43.8329], [-72.29837, 43.83273], [-72.29774, 43.83253], [-72.29721, 43.83236], [-72.29713, 43.83234], [-72.29649, 43.83219], [-72.29619, 43.83213], [-72.29616, 43.83212], [-72.29612, 43.83211], [-72.29609, 43.8321], [-72.29606, 43.83208], [-72.29603, 43.83206], [-72.29601, 43.83204], [-72.29598, 43.83202], [-72.29596, 43.832], [-72.29595, 43.83198], [-72.29593, 43.83195], [-72.29592, 43.83193], [-72.29592, 43.8319], [-72.29591, 43.83187], [-72.29615, 43.83192]]]}}, {"type": "Feature", "properties": {}, "geometry": {"type": "Polygon", "coordinates": [[[-72.31193, 43.83882], [-72.31195, 43.83889], [-72.31195, 43.83891], [-72.312, 43.83896], [-72.31203, 43.83902], [-72.31205, 43.83904], [-72.31206, 43.83906], [-72.31206, 43.83914], [-72.31211, 43.83919], [-72.3121, 43.83922], [-72.3121, 43.83925], [-72.31206, 43.83929], [-72.31202, 43.83929], [-72.31201, 43.83931], [-72.31207, 43.83931], [-72.31214, 43.83931], [-72.31217, 43.83935], [-72.31214, 43.83939], [-72.31217, 43.83944], [-72.31217, 43.83947], [-72.31222, 43.83953], [-72.31222, 43.83957], [-72.31224, 43.8396], [-72.31222, 43.83962], [-72.31222, 43.83964], [-72.31228, 43.83968], [-72.31226, 43.83973], [-72.31226, 43.83978], [-72.31226, 43.8398], [-72.31226, 43.83981], [-72.31226, 43.83982], [-72.31227, 43.83985], [-72.31229, 43.83988], [-72.31228, 43.83998], [-72.31233, 43.84004], [-72.31231, 43.84008], [-72.31231, 43.84016], [-72.31233, 43.84019], [-72.31234, 43.84022], [-72.31236, 43.84024], [-72.31237, 43.84026], [-72.31242, 43.84032], [-72.31243, 43.84035], [-72.31248, 43.84042], [-72.31249, 43.84049], [-72.31251, 43.84051], [-72.31252, 43.84056], [-72.31253, 43.84058], [-72.31253, 43.84062], [-72.31257, 43.84066], [-72.31257, 43.84069], [-72.31257, 43.84071], [-72.31259, 43.84074], [-72.31261, 43.84077], [-72.31259, 43.84081], [-72.31259, 43.84085], [-72.31262, 43.84089], [-72.31262, 43.84098], [-72.31263, 43.84101], [-72.31265, 43.84112], [-72.31265, 43.84114], [-72.31265, 43.84115], [-72.31263, 43.84119], [-72.31263, 43.84129], [-72.3126, 43.84134], [-72.3126, 43.84137], [-72.31263, 43.84139], [-72.31264, 43.84143], [-72.31264, 43.84149], [-72.31266, 43.84151], [-72.3125, 43.84153], [-72.3124, 43.84155], [-72.31231, 43.84112], [-72.31231, 43.84111], [-72.31229, 43.84099], [-72.31228, 43.84088], [-72.31226, 43.84077], [-72.31223, 43.84067], [-72.31219, 43.84056], [-72.31209, 43.84031], [-72.31205, 43.84021], [-72.31204, 43.84019], [-72.31202, 43.84009], [-72.31197, 43.83986], [-72.31197, 43.83985], [-72.31194, 43.83974], [-72.31191, 43.83963], [-72.31187, 43.83952], [-72.3118, 43.8393], [-72.31174, 43.83913], [-72.31173, 43.83911], [-72.31172, 43.83908], [-72.31172, 43.83905], [-72.31172, 43.83902], [-72.31173, 43.839], [-72.31174, 43.83897], [-72.31175, 43.83895], [-72.31177, 43.83892], [-72.31179, 43.8389], [-72.31181, 43.83888], [-72.31184, 43.83886], [-72.31187, 43.83884], [-72.3119, 43.83883], [-72.31193, 43.83881], [-72.31193, 43.83882]]]}}, {"type": "Feature", "properties": {}, "geometry": {"type": "Polygon", "coordinates": [[[-72.25045, 43.84447], [-72.25043, 43.84443], [-72.25044, 43.84441], [-72.2505, 43.84445], [-72.25045, 43.84447]]]}}, {"type": "Feature", "properties": {}, "geometry": {"type": "Polygon", "coordinates": [[[-72.25652, 43.84805], [-72.2565, 43.84827], [-72.2564, 43.84825], [-72.25642, 43.84819], [-72.25644, 43.84813], [-72.25642, 43.84814], [-72.25632, 43.84819], [-72.25622, 43.84818], [-72.25615, 43.84814], [-72.25604, 43.84814], [-72.256, 43.84813], [-72.25594, 43.84813], [-72.25591, 43.84813], [-72.25588, 43.84813], [-72.25583, 43.84812], [-72.25579, 43.84812], [-72.25575, 43.84812], [-72.25569, 43.84812], [-72.25565, 43.84811], [-72.25554, 43.84805], [-72.25546, 43.84802], [-72.2554, 43.848], [-72.25519, 43.84797], [-72.25518, 43.84792], [-72.25549, 43.84789], [-72.25554, 43.84789], [-72.25558, 43.84789], [-72.25562, 43.84789], [-72.25654, 43.84802], [-72.25652, 43.84805]]]}}, {"type": "Feature", "properties": {}, "geometry": {"type": "Polygon", "coordinates": [[[-72.26362, 43.85299], [-72.26361, 43.85296], [-72.26355, 43.85292], [-72.26351, 43.85289], [-72.26346, 43.85288], [-72.26338, 43.85289], [-72.26337, 43.85287], [-72.26342, 43.85285], [-72.26335, 43.8528], [-72.26326, 43.85275], [-72.26326, 43.85268], [-72.2633, 43.85266], [-72.26336, 43.85265], [-72.26337, 43.85254], [-72.26335, 43.85255], [-72.26331, 43.85263], [-72.26325, 43.85266], [-72.26323, 43.85263], [-72.26327, 43.85258], [-72.26325, 43.85257], [-72.26319, 43.85259], [-72.26318, 43.85257], [-72.26316, 43.85254], [-72.2631, 43.85256], [-72.26303, 43.8525], [-72.26298, 43.85247], [-72.26294, 43.85247], [-72.26287, 43.85241], [-72.26286, 43.85238], [-72.26284, 43.85234], [-72.26276, 43.85233], [-72.2627, 43.85228], [-72.26267, 43.85227], [-72.26263, 43.85223], [-72.26257, 43.85218], [-72.26252, 43.85213], [-72.26243, 43.85205], [-72.26234, 43.85197], [-72.26229, 43.85195], [-72.26207, 43.85181], [-72.26196, 43.85173], [-72.26193, 43.85171], [-72.26188, 43.85168], [-72.26181, 43.85165], [-72.26178, 43.85164], [-72.26171, 43.85159], [-72.26166, 43.85156], [-72.26161, 43.85154], [-72.2616, 43.85154], [-72.26158, 43.85153], [-72.26155, 43.85152], [-72.26149, 43.85147], [-72.26144, 43.85146], [-72.26133, 43.85137], [-72.26125, 43.85134], [-72.26122, 43.8513], [-72.26119, 43.85127], [-72.2611, 43.85126], [-72.26107, 43.85126], [-72.26102, 43.85124], [-72.26101, 43.85124], [-72.26097, 43.85122], [-72.26089, 43.85116], [-72.26085, 43.85114], [-72.26078, 43.85111], [-72.26073, 43.85108], [-72.26066, 43.85106], [-72.26058, 43.851], [-72.2605, 43.85099], [-72.2604, 43.85096], [-72.26035, 43.85091], [-72.26024, 43.85084], [-72.26021, 43.85084], [-72.26023, 43.85088], [-72.26018, 43.85087], [-72.25999, 43.85079], [-72.26015, 43.85071], [-72.26024, 43.85062], [-72.26033, 43.85065], [-72.26046, 43.8507], [-72.26047, 43.8507], [-72.26062, 43.85076], [-72.26063, 43.85076], [-72.26081, 43.85084], [-72.26083, 43.85085], [-72.26101, 43.85093], [-72.26101, 43.85094], [-72.26132, 43.85109], [-72.26133, 43.8511], [-72.26186, 43.85138], [-72.26204, 43.85147], [-72.26205, 43.85148], [-72.26222, 43.85158], [-72.26224, 43.85159], [-72.26239, 43.85169], [-72.26241, 43.8517], [-72.26256, 43.85181], [-72.26282, 43.85201], [-72.26284, 43.85202], [-72.26296, 43.85212], [-72.26297, 43.85214], [-72.26308, 43.85224], [-72.26309, 43.85225], [-72.26319, 43.85237], [-72.26331, 43.85246], [-72.26351, 43.85262], [-72.26359, 43.85269], [-72.26361, 43.85271], [-72.26364, 43.85273], [-72.26365, 43.85276], [-72.26367, 43.85278], [-72.26368, 43.85281], [-72.26368, 43.85284], [-72.26369, 43.85286], [-72.26369, 43.85289], [-72.26368, 43.85292], [-72.26367, 43.85294], [-72.26366, 43.85297], [-72.26365, 43.85299], [-72.26364, 43.853], [-72.26362, 43.85299]]]}}, {"type": "Feature", "properties": {}, "geometry": {"type": "MultiPolygon", "coordinates": [[[[-72.26971, 43.85532], [-72.2697, 43.85535], [-72.26968, 43.85538], [-72.26968, 43.85541], [-72.26965, 43.85545], [-72.26961, 43.85549], [-72.26957, 43.85553], [-72.26944, 43.8555], [-72.26929, 43.85546], [-72.26924, 43.85541], [-72.26914, 43.8554], [-72.26908, 43.8554], [-72.26903, 43.85539], [-72.26893, 43.85539], [-72.2689, 43.85538], [-72.26883, 43.85535], [-72.26881, 43.85535], [-72.26878, 43.85535], [-72.26872, 43.85532], [-72.26859, 43.85531], [-72.2685, 43.85524], [-72.2685, 43.85521], [-72.26849, 43.8552], [-72.26837, 43.85527], [-72.26835, 43.85526], [-72.26827, 43.85522], [-72.2682, 43.85521], [-72.26808, 43.85521], [-72.26794, 43.85513], [-72.26781, 43.85508], [-72.26769, 43.85506], [-72.26757, 43.85506], [-72.26746, 43.85507], [-72.2674, 43.85509], [-72.26729, 43.85505], [-72.2672, 43.85502], [-72.26715, 43.855], [-72.26708, 43.85498], [-72.26696, 43.85494], [-72.26692, 43.85493], [-72.26676, 43.85486], [-72.26671, 43.85482], [-72.26665, 43.8548], [-72.26662, 43.85478], [-72.26656, 43.85477], [-72.26649, 43.85473], [-72.26647, 43.85472], [-72.26641, 43.8547], [-72.26637, 43.8547], [-72.26632, 43.85467], [-72.26626, 43.85466], [-72.26616, 43.85461], [-72.26608, 43.85455], [-72.26602, 43.85455], [-72.26594, 43.85452], [-72.26592, 43.8545], [-72.26585, 43.85446], [-72.26578, 43.85442], [-72.26575, 43.85438], [-72.26571, 43.85436], [-72.26569, 43.85429], [-72.26566, 43.85428], [-72.26561, 43.85426], [-72.26554, 43.85429], [-72.26544, 43.85422], [-72.26539, 43.85418], [-72.26535, 43.85417], [-72.26516, 43.85405], [-72.26509, 43.85401], [-72.265, 43.85396], [-72.26491, 43.85391], [-72.26489, 43.85389], [-72.2648, 43.85385], [-72.26444, 43.85363], [-72.26444, 43.85361], [-72.26447, 43.85361], [-72.26456, 43.85363], [-72.26475, 43.85364], [-72.2649, 43.85362], [-72.26494, 43.85361], [-72.26537, 43.85386], [-72.26538, 43.85386], [-72.26556, 43.85397], [-72.26576, 43.85408], [-72.26577, 43.85409], [-72.26596, 43.8542], [-72.26616, 43.85431], [-72.26636, 43.8544], [-72.26671, 43.85456], [-72.26711, 43.85471], [-72.26751, 43.85484], [-72.26763, 43.85488], [-72.26776, 43.85491], [-72.26791, 43.85493], [-72.26792, 43.85493], [-72.26822, 43.85498], [-72.26834, 43.855], [-72.26852, 43.85503], [-72.26855, 43.85503], [-72.26898, 43.85513], [-72.269, 43.85513], [-72.26917, 43.85518], [-72.26937, 43.85522], [-72.26956, 43.85526], [-72.2696, 43.85527], [-72.26971, 43.8553], [-72.26971, 43.85532]]], [[[-72.27147, 43.8573], [-72.27135, 43.85728], [-72.27113, 43.85703], [-72.27082, 43.85663], [-72.27052, 43.8563], [-72.27039, 43.85606], [-72.27027, 43.85593], [-72.27017, 43.85582], [-72.27017, 43.85578], [-72.27007, 43.85571], [-72.27003, 43.85571], [-72.26999, 43.85569], [-72.26992, 43.85566], [-72.2699, 43.85561], [-72.26997, 43.85557], [-72.27003, 43.85558], [-72.27009, 43.8556], [-72.27013, 43.8556], [-72.27018, 43.85565], [-72.27019, 43.85568], [-72.27021, 43.85571], [-72.27027, 43.85573], [-72.27033, 43.85578], [-72.27034, 43.85571], [-72.27031, 43.85569], [-72.27026, 43.85568], [-72.27023, 43.85564], [-72.27021, 43.85559], [-72.2702, 43.85552], [-72.27023, 43.8555], [-72.27025, 43.85551], [-72.27028, 43.85553], [-72.27036, 43.85559], [-72.27039, 43.85562], [-72.27046, 43.85569], [-72.27047, 43.8557], [-72.2706, 43.85584], [-72.2706, 43.85585], [-72.27067, 43.85592], [-72.27068, 43.85594], [-72.2707, 43.85596], [-72.27074, 43.85603], [-72.27079, 43.85612], [-72.27085, 43.85619], [-72.27094, 43.8563], [-72.2711, 43.85648], [-72.27112, 43.8565], [-72.27124, 43.85667], [-72.27134, 43.8568], [-72.27145, 43.85692], [-72.27157, 43.85705], [-72.27158, 43.85707], [-72.2716, 43.8571], [-72.27161, 43.85712], [-72.27162, 43.85715], [-72.27163, 43.85717], [-72.27163, 43.8572], [-72.27163, 43.85723], [-72.27162, 43.85725], [-72.27161, 43.85728], [-72.2716, 43.85731], [-72.27158, 43.85733], [-72.27158, 43.85734], [-72.27147, 43.8573]]]]}}, {"type": "Feature", "properties": {}, "geometry": {"type": "Polygon", "coordinates": [[[-72.27472, 43.86215], [-72.27462, 43.86212], [-72.27451, 43.8621], [-72.27448, 43.86207], [-72.2743, 43.8618], [-72.27421, 43.86161], [-72.27398, 43.86124], [-72.274, 43.86125], [-72.27412, 43.86129], [-72.27418, 43.8613], [-72.27425, 43.86131], [-72.27427, 43.86135], [-72.27426, 43.86143], [-72.27429, 43.86145], [-72.27434, 43.86149], [-72.27434, 43.8615], [-72.27434, 43.86153], [-72.27438, 43.86154], [-72.27441, 43.8615], [-72.27443, 43.86145], [-72.27447, 43.86141], [-72.27452, 43.8615], [-72.27452, 43.86151], [-72.27453, 43.86153], [-72.27454, 43.86154], [-72.27455, 43.86156], [-72.27461, 43.86167], [-72.2747, 43.86181], [-72.27479, 43.86195], [-72.27481, 43.86198], [-72.27482, 43.86201], [-72.27483, 43.86203], [-72.27483, 43.86206], [-72.27483, 43.86209], [-72.27483, 43.86211], [-72.27482, 43.86214], [-72.27481, 43.86216], [-72.2748, 43.86219], [-72.27472, 43.86215]]]}}, {"type": "Feature", "properties": {}, "geometry": {"type": "MultiPolygon", "coordinates": [[[[-72.27532, 43.86338], [-72.27534, 43.86341], [-72.27537, 43.86345], [-72.27532, 43.86343], [-72.2753, 43.86338], [-72.27531, 43.86338], [-72.27532, 43.86338]]], [[[-72.27619, 43.86543], [-72.2761, 43.86548], [-72.27604, 43.86551], [-72.27593, 43.86521], [-72.27582, 43.86496], [-72.27577, 43.8648], [-72.27567, 43.86431], [-72.27546, 43.86384], [-72.27536, 43.86358], [-72.27538, 43.86356], [-72.27539, 43.86352], [-72.27544, 43.86352], [-72.27555, 43.86359], [-72.2757, 43.86363], [-72.27574, 43.86363], [-72.276, 43.86425], [-72.27601, 43.86427], [-72.2763, 43.86536], [-72.2763, 43.86538], [-72.27631, 43.8654], [-72.27619, 43.86543]]]]}}, {"type": "Feature", "properties": {}, "geometry": {"type": "MultiPolygon", "coordinates": [[[[-72.27669, 43.8608], [-72.27678, 43.86076], [-72.27688, 43.86069], [-72.27699, 43.86071], [-72.27708, 43.86074], [-72.277, 43.86081], [-72.27695, 43.86083], [-72.27692, 43.86086], [-72.27686, 43.86087], [-72.27683, 43.86089], [-72.27683, 43.86091], [-72.27683, 43.86092], [-72.27668, 43.86089], [-72.27665, 43.86088], [-72.27663, 43.86087], [-72.27669, 43.8608]]], [[[-72.27717, 43.86068], [-72.27711, 43.86067], [-72.27698, 43.86064], [-72.27702, 43.86062], [-72.27715, 43.86065], [-72.27725, 43.86067], [-72.27728, 43.86065], [-72.27726, 43.86064], [-72.2772, 43.86063], [-72.27718, 43.86062], [-72.27712, 43.86061], [-72.27705, 43.86059], [-72.27699, 43.86059], [-72.27699, 43.86058], [-72.27699, 43.86056], [-72.27703, 43.86043], [-72.27702, 43.86039], [-72.27718, 43.86043], [-72.27722, 43.86044], [-72.27725, 43.86045], [-72.27728, 43.86046], [-72.27731, 43.86048], [-72.27734, 43.8605], [-72.27737, 43.86052], [-72.27739, 43.86054], [-72.27741, 43.86056], [-72.27742, 43.86059], [-72.27743, 43.86061], [-72.27744, 43.86064], [-72.27745, 43.86066], [-72.27745, 43.86069], [-72.27745, 43.86072], [-72.27744, 43.86074], [-72.27744, 43.86075], [-72.27718, 43.86069], [-72.27717, 43.86068]], [[-72.27719, 43.86068], [-72.27718, 43.86067], [-72.27717, 43.86068], [-72.27719, 43.86068]]], [[[-72.27717, 43.86089], [-72.27727, 43.86078], [-72.27741, 43.86081], [-72.2774, 43.86082], [-72.27738, 43.86084], [-72.27736, 43.86086], [-72.27734, 43.86088], [-72.27731, 43.8609], [-72.27728, 43.86092], [-72.27724, 43.86093], [-72.27721, 43.86094], [-72.27718, 43.86095], [-72.27716, 43.86095], [-72.27717, 43.86089]]]]}}, {"type": "Feature", "properties": {}, "geometry": {"type": "Polygon", "coordinates": [[[-72.27872, 43.86864], [-72.27862, 43.86859], [-72.27848, 43.86855], [-72.27829, 43.86854], [-72.27818, 43.86847], [-72.27781, 43.86826], [-72.27773, 43.86823], [-72.27748, 43.86806], [-72.27732, 43.8679], [-72.27712, 43.86762], [-72.27693, 43.86743], [-72.27678, 43.86725], [-72.27666, 43.86706], [-72.27662, 43.86701], [-72.27643, 43.86669], [-72.27636, 43.86653], [-72.27633, 43.86638], [-72.27651, 43.86637], [-72.2767, 43.86634], [-72.2767, 43.86635], [-72.2767, 43.86638], [-72.2767, 43.8664], [-72.27669, 43.86645], [-72.27675, 43.86658], [-72.27684, 43.86674], [-72.27693, 43.8669], [-72.27708, 43.86712], [-72.27723, 43.8673], [-72.27737, 43.86744], [-72.2774, 43.86746], [-72.27752, 43.86763], [-72.27753, 43.86763], [-72.2776, 43.86774], [-72.27767, 43.86781], [-72.27776, 43.86789], [-72.27785, 43.86796], [-72.27798, 43.86804], [-72.27813, 43.86812], [-72.27814, 43.86812], [-72.27832, 43.86822], [-72.27842, 43.86828], [-72.27844, 43.86829], [-72.27855, 43.86836], [-72.27858, 43.86838], [-72.27865, 43.86844], [-72.27867, 43.86846], [-72.2787, 43.86848], [-72.27871, 43.8685], [-72.27873, 43.86853], [-72.27874, 43.86855], [-72.27874, 43.86858], [-72.27875, 43.86861], [-72.27875, 43.86863], [-72.27874, 43.86866], [-72.27872, 43.86864]]]}}, {"type": "Feature", "properties": {}, "geometry": {"type": "MultiPolygon", "coordinates": [[[[-72.28151, 43.87083], [-72.28144, 43.87087], [-72.28143, 43.87089], [-72.28154, 43.87096], [-72.28154, 43.87092], [-72.28159, 43.8709], [-72.28161, 43.87093], [-72.28159, 43.87098], [-72.28163, 43.87101], [-72.28165, 43.87102], [-72.28168, 43.87103], [-72.28168, 43.87107], [-72.28168, 43.87116], [-72.28117, 43.87086], [-72.28082, 43.8706], [-72.28069, 43.87049], [-72.28062, 43.87044], [-72.28021, 43.87013], [-72.2802, 43.87011], [-72.28016, 43.87008], [-72.28013, 43.87005], [-72.27978, 43.86977], [-72.27972, 43.86971], [-72.27966, 43.86965], [-72.27969, 43.8696], [-72.27966, 43.86957], [-72.27954, 43.86956], [-72.27937, 43.86943], [-72.27935, 43.8693], [-72.27927, 43.86917], [-72.2792, 43.86911], [-72.27924, 43.8691], [-72.27927, 43.8691], [-72.27931, 43.8691], [-72.27935, 43.86911], [-72.27938, 43.86911], [-72.27942, 43.86912], [-72.27945, 43.86913], [-72.27949, 43.86914], [-72.27952, 43.86916], [-72.27954, 43.86918], [-72.27957, 43.8692], [-72.28004, 43.86959], [-72.28045, 43.86993], [-72.28088, 43.87026], [-72.28088, 43.87027], [-72.28115, 43.87047], [-72.2814, 43.87066], [-72.28156, 43.87076], [-72.28153, 43.87077], [-72.28151, 43.87083]], [[-72.28143, 43.87089], [-72.28141, 43.87089], [-72.28142, 43.8709], [-72.28143, 43.87089]]], [[[-72.28161, 43.87079], [-72.28164, 43.87081], [-72.28161, 43.87082], [-72.28159, 43.87081], [-72.28161, 43.87079]]], [[[-72.28693, 43.87465], [-72.28694, 43.87467], [-72.28695, 43.87474], [-72.28697, 43.87476], [-72.28695, 43.8748], [-72.28697, 43.87483], [-72.28697, 43.87489], [-72.28689, 43.87488], [-72.28687, 43.87488], [-72.28685, 43.87487], [-72.28682, 43.87485], [-72.2868, 43.87484], [-72.28676, 43.87481], [-72.28662, 43.8747], [-72.28661, 43.87466], [-72.28659, 43.87464], [-72.28658, 43.87457], [-72.28652, 43.87458], [-72.28651, 43.87452], [-72.28647, 43.87448], [-72.28646, 43.87444], [-72.28641, 43.87446], [-72.28639, 43.87444], [-72.28636, 43.87439], [-72.28633, 43.87436], [-72.28616, 43.87415], [-72.28594, 43.87395], [-72.28574, 43.87388], [-72.28572, 43.87381], [-72.28566, 43.87383], [-72.2856, 43.87381], [-72.28559, 43.87381], [-72.28556, 43.87379], [-72.28555, 43.87378], [-72.28543, 43.87378], [-72.28535, 43.87373], [-72.28524, 43.87371], [-72.28516, 43.87367], [-72.28513, 43.87367], [-72.2851, 43.87366], [-72.28506, 43.87365], [-72.28499, 43.87362], [-72.28497, 43.87356], [-72.28494, 43.87353], [-72.28491, 43.87356], [-72.28488, 43.87356], [-72.2848, 43.87348], [-72.28478, 43.87344], [-72.28477, 43.87341], [-72.28471, 43.87337], [-72.28463, 43.8733], [-72.28462, 43.87323], [-72.28458, 43.87322], [-72.28445, 43.87301], [-72.28442, 43.87298], [-72.2844, 43.87295], [-72.2843, 43.87286], [-72.28412, 43.87263], [-72.28409, 43.87259], [-72.28389, 43.8724], [-72.28365, 43.87221], [-72.28342, 43.8721], [-72.28338, 43.87208], [-72.28333, 43.87205], [-72.28325, 43.87205], [-72.28321, 43.87205], [-72.28317, 43.87202], [-72.28315, 43.87201], [-72.28306, 43.87203], [-72.28288, 43.87202], [-72.2828, 43.872], [-72.2827, 43.872], [-72.28266, 43.87198], [-72.2826, 43.87197], [-72.28258, 43.87196], [-72.28253, 43.87194], [-72.28247, 43.87193], [-72.28242, 43.87192], [-72.28237, 43.87189], [-72.28234, 43.87188], [-72.28225, 43.87183], [-72.28222, 43.87179], [-72.28221, 43.87177], [-72.28213, 43.87173], [-72.28211, 43.87166], [-72.28213, 43.87162], [-72.2821, 43.87159], [-72.28209, 43.87154], [-72.2822, 43.87156], [-72.28236, 43.87157], [-72.28241, 43.87156], [-72.28243, 43.87159], [-72.28244, 43.87161], [-72.28245, 43.87161], [-72.28246, 43.87162], [-72.28251, 43.87165], [-72.28263, 43.87172], [-72.28264, 43.87173], [-72.28269, 43.87174], [-72.28272, 43.87175], [-72.28278, 43.87175], [-72.28285, 43.87176], [-72.28319, 43.87179], [-72.28321, 43.87179], [-72.28332, 43.8718], [-72.28335, 43.87181], [-72.28338, 43.87181], [-72.28347, 43.87183], [-72.28351, 43.87185], [-72.28359, 43.87188], [-72.28363, 43.87189], [-72.2837, 43.87192], [-72.28372, 43.87193], [-72.28375, 43.87195], [-72.28388, 43.87202], [-72.2839, 43.87204], [-72.28404, 43.87213], [-72.28406, 43.87215], [-72.28419, 43.87226], [-72.28421, 43.87228], [-72.28434, 43.8724], [-72.28435, 43.87242], [-72.28453, 43.87264], [-72.28458, 43.87269], [-72.28462, 43.87274], [-72.28472, 43.87285], [-72.28474, 43.87287], [-72.28475, 43.87289], [-72.28485, 43.87304], [-72.28492, 43.87316], [-72.28502, 43.87326], [-72.28508, 43.87332], [-72.28513, 43.87337], [-72.28517, 43.8734], [-72.28523, 43.87342], [-72.28533, 43.87346], [-72.28554, 43.87353], [-72.28601, 43.87369], [-72.28605, 43.8737], [-72.28612, 43.87374], [-72.28615, 43.87375], [-72.28617, 43.87377], [-72.2862, 43.87378], [-72.28627, 43.87383], [-72.28629, 43.87386], [-72.28639, 43.87395], [-72.28641, 43.87397], [-72.2865, 43.87407], [-72.28651, 43.87408], [-72.28663, 43.87424], [-72.28672, 43.87436], [-72.28681, 43.87446], [-72.2869, 43.87454], [-72.2869, 43.87456], [-72.28693, 43.8746], [-72.28693, 43.87465]]]]}}, {"type": "Feature", "properties": {}, "geometry": {"type": "Polygon", "coordinates": [[[-72.25623, 43.84848], [-72.25613, 43.84841], [-72.25605, 43.84837], [-72.25598, 43.84835], [-72.25591, 43.84833], [-72.25598, 43.84828], [-72.25599, 43.84829], [-72.25601, 43.84834], [-72.25606, 43.84833], [-72.25608, 43.84831], [-72.25611, 43.84831], [-72.25615, 43.8483], [-72.25623, 43.84832], [-72.25625, 43.84832], [-72.25627, 43.84832], [-72.25638, 43.84832], [-72.25642, 43.84835], [-72.25644, 43.84838], [-72.25649, 43.84838], [-72.25648, 43.84836], [-72.25644, 43.84833], [-72.25652, 43.84834], [-72.25658, 43.84847], [-72.25664, 43.84853], [-72.25672, 43.8486], [-72.25672, 43.84861], [-72.25627, 43.84854], [-72.25623, 43.84848]]]}}, {"type": "Feature", "properties": {}, "geometry": {"type": "MultiPolygon", "coordinates": [[[[-72.25939, 43.85078], [-72.25949, 43.8508], [-72.25962, 43.85082], [-72.25987, 43.85082], [-72.25998, 43.85087], [-72.26039, 43.85104], [-72.26048, 43.85107], [-72.2605, 43.85109], [-72.26051, 43.85112], [-72.26048, 43.85115], [-72.26051, 43.85117], [-72.26055, 43.85117], [-72.26057, 43.85115], [-72.26059, 43.85112], [-72.26068, 43.85117], [-72.26068, 43.8512], [-72.26072, 43.85123], [-72.26078, 43.8512], [-72.26082, 43.85123], [-72.26084, 43.85128], [-72.26092, 43.85126], [-72.26093, 43.85128], [-72.26092, 43.85132], [-72.26096, 43.85133], [-72.26099, 43.85135], [-72.26104, 43.85137], [-72.2611, 43.85139], [-72.26119, 43.85145], [-72.26127, 43.85144], [-72.2613, 43.85147], [-72.26132, 43.85149], [-72.26136, 43.85152], [-72.2614, 43.85157], [-72.26137, 43.85161], [-72.26135, 43.85163], [-72.26132, 43.85167], [-72.26135, 43.8517], [-72.26138, 43.85168], [-72.26145, 43.8516], [-72.26148, 43.8516], [-72.2615, 43.85161], [-72.26156, 43.85161], [-72.2617, 43.85168], [-72.26174, 43.85173], [-72.26173, 43.85176], [-72.26169, 43.85181], [-72.26175, 43.85181], [-72.26185, 43.85177], [-72.26192, 43.85178], [-72.26201, 43.85184], [-72.26198, 43.85185], [-72.26203, 43.8519], [-72.26199, 43.85193], [-72.26191, 43.85199], [-72.26191, 43.85201], [-72.26198, 43.85202], [-72.26209, 43.85195], [-72.26215, 43.852], [-72.26219, 43.85202], [-72.26218, 43.85205], [-72.2622, 43.85207], [-72.26224, 43.85207], [-72.26231, 43.85208], [-72.26236, 43.85211], [-72.26242, 43.85213], [-72.26248, 43.85219], [-72.26248, 43.85221], [-72.26252, 43.85225], [-72.26252, 43.85228], [-72.26256, 43.85231], [-72.26263, 43.85232], [-72.26273, 43.85242], [-72.26271, 43.85244], [-72.26266, 43.85247], [-72.26264, 43.85251], [-72.26263, 43.85253], [-72.26261, 43.85256], [-72.26258, 43.85256], [-72.26252, 43.85255], [-72.26252, 43.85254], [-72.26252, 43.85251], [-72.26252, 43.85245], [-72.26247, 43.85242], [-72.26244, 43.85238], [-72.26243, 43.85234], [-72.2624, 43.8523], [-72.26237, 43.85228], [-72.2623, 43.85226], [-72.26225, 43.85219], [-72.2622, 43.85219], [-72.26216, 43.8522], [-72.26213, 43.8522], [-72.26209, 43.8522], [-72.26207, 43.85216], [-72.26211, 43.85212], [-72.26207, 43.8521], [-72.26204, 43.85215], [-72.26201, 43.85216], [-72.26198, 43.85217], [-72.26187, 43.85209], [-72.26174, 43.852], [-72.26158, 43.85191], [-72.26141, 43.85182], [-72.26089, 43.85154], [-72.26058, 43.85139], [-72.26042, 43.85131], [-72.26026, 43.85124], [-72.26012, 43.85118], [-72.25998, 43.85114], [-72.25997, 43.85113], [-72.25978, 43.85106], [-72.25976, 43.85105], [-72.2596, 43.85098], [-72.25959, 43.85097], [-72.25945, 43.85091], [-72.25942, 43.85089], [-72.25929, 43.85082], [-72.25927, 43.8508], [-72.25924, 43.85078], [-72.25922, 43.85076], [-72.2592, 43.85074], [-72.25918, 43.85072], [-72.25918, 43.8507], [-72.2593, 43.85074], [-72.25939, 43.85078]]], [[[-72.26261, 43.85268], [-72.26264, 43.85271], [-72.26267, 43.85269], [-72.26266, 43.85267], [-72.26262, 43.85264], [-72.26269, 43.85258], [-72.26274, 43.85257], [-72.26281, 43.85255], [-72.26284, 43.85257], [-72.26292, 43.85258], [-72.26307, 43.85272], [-72.26303, 43.85276], [-72.26304, 43.85276], [-72.26309, 43.85278], [-72.26321, 43.85286], [-72.26325, 43.85288], [-72.26324, 43.85289], [-72.26321, 43.85291], [-72.26325, 43.85295], [-72.26334, 43.85297], [-72.26334, 43.85299], [-72.2633, 43.85302], [-72.26326, 43.85302], [-72.26319, 43.85304], [-72.26315, 43.85302], [-72.26315, 43.85293], [-72.26314, 43.85293], [-72.26313, 43.85293], [-72.26307, 43.8529], [-72.26301, 43.85291], [-72.26303, 43.85296], [-72.26282, 43.85282], [-72.26267, 43.85277], [-72.26261, 43.85272], [-72.26258, 43.85269], [-72.26251, 43.85261], [-72.26253, 43.85262], [-72.26261, 43.85268]]]]}}, {"type": "Feature", "properties": {}, "geometry": {"type": "MultiPolygon", "coordinates": [[[[-72.26431, 43.85365], [-72.26435, 43.85368], [-72.2644, 43.8537], [-72.26442, 43.85373], [-72.26452, 43.85379], [-72.26458, 43.85383], [-72.26466, 43.85383], [-72.26475, 43.85389], [-72.26471, 43.85391], [-72.26483, 43.85398], [-72.26491, 43.85402], [-72.26501, 43.85409], [-72.26504, 43.85412], [-72.26509, 43.85415], [-72.26517, 43.85421], [-72.26526, 43.85425], [-72.26533, 43.85429], [-72.26529, 43.85432], [-72.26525, 43.85432], [-72.26523, 43.85435], [-72.26521, 43.85438], [-72.26521, 43.8544], [-72.26521, 43.85441], [-72.26525, 43.85442], [-72.2653, 43.8544], [-72.26535, 43.85442], [-72.26542, 43.85448], [-72.2655, 43.85453], [-72.26549, 43.85459], [-72.26557, 43.85461], [-72.26553, 43.85465], [-72.2655, 43.85464], [-72.26548, 43.85463], [-72.26529, 43.85451], [-72.26523, 43.85448], [-72.26508, 43.85439], [-72.2649, 43.85429], [-72.26438, 43.85398], [-72.26437, 43.85398], [-72.2642, 43.85388], [-72.26417, 43.85386], [-72.26415, 43.85384], [-72.26412, 43.85382], [-72.2641, 43.8538], [-72.26409, 43.85377], [-72.26408, 43.85375], [-72.26407, 43.85372], [-72.26406, 43.85369], [-72.26406, 43.85367], [-72.26406, 43.85364], [-72.26407, 43.85361], [-72.26407, 43.85359], [-72.26409, 43.85356], [-72.2641, 43.85354], [-72.26411, 43.85353], [-72.26422, 43.85359], [-72.26427, 43.85363], [-72.26431, 43.85365]]], [[[-72.2684, 43.85547], [-72.26856, 43.85537], [-72.2686, 43.85537], [-72.26864, 43.85538], [-72.26866, 43.85541], [-72.26871, 43.85541], [-72.26875, 43.85541], [-72.2688, 43.85541], [-72.26883, 43.85542], [-72.26889, 43.85547], [-72.26896, 43.85549], [-72.26906, 43.85556], [-72.26918, 43.85561], [-72.2692, 43.85564], [-72.26924, 43.85559], [-72.26925, 43.85556], [-72.2693, 43.85556], [-72.26934, 43.85556], [-72.26941, 43.8556], [-72.26947, 43.85558], [-72.26952, 43.85559], [-72.26954, 43.85563], [-72.26957, 43.85567], [-72.26957, 43.85568], [-72.2696, 43.85571], [-72.26961, 43.85576], [-72.26965, 43.85577], [-72.26968, 43.85576], [-72.26968, 43.8558], [-72.26972, 43.85585], [-72.26974, 43.85583], [-72.26976, 43.85575], [-72.26982, 43.85573], [-72.26987, 43.85574], [-72.26991, 43.85575], [-72.26996, 43.85576], [-72.27006, 43.85585], [-72.27009, 43.8559], [-72.27012, 43.85591], [-72.27015, 43.85591], [-72.27017, 43.85595], [-72.27019, 43.85596], [-72.27019, 43.856], [-72.27023, 43.85602], [-72.27027, 43.85603], [-72.27033, 43.8561], [-72.2704, 43.85625], [-72.27045, 43.85632], [-72.27043, 43.85633], [-72.27043, 43.85639], [-72.2705, 43.85644], [-72.2705, 43.85652], [-72.27054, 43.85652], [-72.27057, 43.85652], [-72.27062, 43.85654], [-72.27066, 43.85659], [-72.27058, 43.85666], [-72.27048, 43.85665], [-72.27046, 43.85659], [-72.27043, 43.85659], [-72.27038, 43.85658], [-72.27031, 43.85658], [-72.27027, 43.85652], [-72.27022, 43.85651], [-72.27021, 43.85649], [-72.27019, 43.85647], [-72.27012, 43.85638], [-72.2702, 43.85634], [-72.27019, 43.85632], [-72.27018, 43.85632], [-72.27013, 43.8563], [-72.27013, 43.85633], [-72.2701, 43.85635], [-72.27004, 43.85624], [-72.27003, 43.85624], [-72.27001, 43.85619], [-72.26996, 43.85614], [-72.26984, 43.85601], [-72.26979, 43.85596], [-72.26976, 43.85593], [-72.26971, 43.85591], [-72.26964, 43.85588], [-72.26963, 43.85588], [-72.26947, 43.85582], [-72.26934, 43.85578], [-72.26916, 43.85575], [-72.26896, 43.85571], [-72.26893, 43.8557], [-72.26875, 43.85565], [-72.26834, 43.85556], [-72.26828, 43.85555], [-72.26826, 43.85547], [-72.26832, 43.85547], [-72.2684, 43.85547]]], [[[-72.27072, 43.85705], [-72.27074, 43.8571], [-72.27078, 43.85714], [-72.27081, 43.85716], [-72.27081, 43.85721], [-72.2707, 43.85708], [-72.27069, 43.85707], [-72.2706, 43.85695], [-72.27066, 43.85698], [-72.27067, 43.85702], [-72.27072, 43.85705]]], [[[-72.27103, 43.85731], [-72.27103, 43.85732], [-72.27095, 43.85736], [-72.27094, 43.85735], [-72.27085, 43.85726], [-72.27088, 43.85728], [-72.27094, 43.85733], [-72.27103, 43.85731]]]]}}, {"type": "Feature", "properties": {}, "geometry": {"type": "MultiPolygon", "coordinates": [[[[-72.26584, 43.8661], [-72.26586, 43.86612], [-72.26586, 43.86616], [-72.26584, 43.86622], [-72.2658, 43.86622], [-72.26581, 43.86617], [-72.26581, 43.8661], [-72.26584, 43.8661]]], [[[-72.26583, 43.86598], [-72.26581, 43.866], [-72.26581, 43.86596], [-72.26583, 43.86598]]], [[[-72.269, 43.86266], [-72.26903, 43.86264], [-72.26908, 43.86262], [-72.2691, 43.86258], [-72.26911, 43.86255], [-72.26913, 43.8625], [-72.26917, 43.86246], [-72.26917, 43.86241], [-72.26921, 43.8624], [-72.26928, 43.86238], [-72.26931, 43.86233], [-72.26934, 43.86228], [-72.26936, 43.86221], [-72.26938, 43.86217], [-72.26939, 43.86212], [-72.26936, 43.86213], [-72.26934, 43.86216], [-72.26927, 43.8622], [-72.26922, 43.86216], [-72.26922, 43.86214], [-72.26924, 43.86209], [-72.26932, 43.86208], [-72.26936, 43.86203], [-72.26942, 43.86202], [-72.26949, 43.86201], [-72.26948, 43.86197], [-72.2695, 43.86195], [-72.26955, 43.8619], [-72.26958, 43.86183], [-72.26959, 43.86179], [-72.26956, 43.86175], [-72.26957, 43.86168], [-72.26961, 43.86169], [-72.26973, 43.8617], [-72.26965, 43.86191], [-72.26955, 43.86213], [-72.2695, 43.86231], [-72.26939, 43.86258], [-72.2692, 43.863], [-72.2691, 43.86317], [-72.269, 43.8632], [-72.26902, 43.86329], [-72.26879, 43.86348], [-72.26876, 43.86352], [-72.26871, 43.86353], [-72.26868, 43.86356], [-72.26864, 43.86358], [-72.26863, 43.8636], [-72.26858, 43.86364], [-72.26854, 43.86364], [-72.26852, 43.86364], [-72.26847, 43.86366], [-72.26845, 43.86369], [-72.26836, 43.86376], [-72.26835, 43.86379], [-72.26832, 43.86383], [-72.26831, 43.86387], [-72.26819, 43.86397], [-72.26812, 43.86408], [-72.2681, 43.86411], [-72.26803, 43.8641], [-72.26798, 43.86417], [-72.26792, 43.86419], [-72.26787, 43.8642], [-72.26776, 43.86424], [-72.26764, 43.86434], [-72.26755, 43.86446], [-72.26743, 43.8645], [-72.26731, 43.86455], [-72.26712, 43.86468], [-72.26694, 43.86486], [-72.26679, 43.86513], [-72.26669, 43.86524], [-72.26642, 43.86547], [-72.2663, 43.86561], [-72.26624, 43.86567], [-72.26617, 43.86579], [-72.26612, 43.86576], [-72.26615, 43.86568], [-72.26616, 43.86563], [-72.2662, 43.86558], [-72.26609, 43.86557], [-72.26606, 43.86555], [-72.26602, 43.86552], [-72.26599, 43.86553], [-72.26603, 43.86557], [-72.26602, 43.8656], [-72.26597, 43.86565], [-72.26598, 43.86569], [-72.26594, 43.86574], [-72.26591, 43.86577], [-72.2659, 43.86585], [-72.26587, 43.86587], [-72.26582, 43.86585], [-72.26583, 43.86578], [-72.26583, 43.86577], [-72.26586, 43.86569], [-72.26586, 43.86567], [-72.26587, 43.86565], [-72.26589, 43.86562], [-72.26595, 43.86553], [-72.26596, 43.86551], [-72.26598, 43.8655], [-72.26603, 43.86543], [-72.26615, 43.86531], [-72.26617, 43.86528], [-72.26642, 43.86506], [-72.26649, 43.86499], [-72.26654, 43.86491], [-72.26657, 43.86484], [-72.26658, 43.86483], [-72.26663, 43.86475], [-72.26664, 43.86473], [-72.26666, 43.86471], [-72.26677, 43.86459], [-72.26679, 43.86457], [-72.26688, 43.86449], [-72.26691, 43.86447], [-72.267, 43.8644], [-72.26703, 43.86439], [-72.26705, 43.86438], [-72.26712, 43.86434], [-72.26713, 43.86433], [-72.26723, 43.86428], [-72.26727, 43.86427], [-72.26731, 43.86425], [-72.26742, 43.86422], [-72.26751, 43.86419], [-72.26756, 43.86416], [-72.26761, 43.86413], [-72.26767, 43.86408], [-72.26773, 43.86403], [-72.26773, 43.86402], [-72.26779, 43.86397], [-72.26791, 43.86383], [-72.26793, 43.86381], [-72.26806, 43.86369], [-72.26808, 43.86367], [-72.26822, 43.86355], [-72.26824, 43.86354], [-72.26833, 43.86347], [-72.2684, 43.86342], [-72.26848, 43.86336], [-72.26854, 43.8633], [-72.26855, 43.86329], [-72.26861, 43.86324], [-72.26866, 43.8632], [-72.26871, 43.86316], [-72.26876, 43.86311], [-72.26879, 43.86306], [-72.26888, 43.86289], [-72.26899, 43.86266], [-72.269, 43.86266]]]]}}, {"type": "Feature", "properties": {}, "geometry": {"type": "Polygon", "coordinates": [[[-72.26584, 43.87242], [-72.26587, 43.87244], [-72.26589, 43.87245], [-72.26592, 43.87245], [-72.26597, 43.87249], [-72.266, 43.87251], [-72.26608, 43.87251], [-72.26612, 43.87251], [-72.26618, 43.87255], [-72.26618, 43.87259], [-72.2662, 43.87293], [-72.26617, 43.87309], [-72.26616, 43.8731], [-72.2661, 43.87307], [-72.26604, 43.87304], [-72.2659, 43.873], [-72.26584, 43.87299], [-72.26585, 43.87293], [-72.26586, 43.87283], [-72.26585, 43.87268], [-72.26583, 43.87249], [-72.26583, 43.87247], [-72.26583, 43.87242], [-72.26584, 43.87242]]]}}, {"type": "Feature", "properties": {}, "geometry": {"type": "Polygon", "coordinates": [[[-72.26478, 43.87783], [-72.26486, 43.87792], [-72.26486, 43.87796], [-72.26487, 43.87798], [-72.26493, 43.878], [-72.26497, 43.87812], [-72.26493, 43.87815], [-72.26493, 43.87818], [-72.26493, 43.8782], [-72.26501, 43.87825], [-72.26512, 43.87849], [-72.26528, 43.87887], [-72.26527, 43.87914], [-72.26522, 43.87924], [-72.26511, 43.87934], [-72.26499, 43.87948], [-72.26486, 43.87944], [-72.26476, 43.87941], [-72.26464, 43.87942], [-72.26465, 43.8794], [-72.26467, 43.87937], [-72.26468, 43.87935], [-72.2647, 43.87933], [-72.26485, 43.87917], [-72.26485, 43.87916], [-72.26491, 43.8791], [-72.26492, 43.87909], [-72.26492, 43.87908], [-72.26494, 43.87906], [-72.26494, 43.87905], [-72.26494, 43.87902], [-72.26495, 43.87895], [-72.26494, 43.87892], [-72.26491, 43.87882], [-72.26486, 43.87872], [-72.26486, 43.87871], [-72.26475, 43.87846], [-72.26474, 43.87845], [-72.26465, 43.87823], [-72.26464, 43.8782], [-72.26455, 43.87784], [-72.26454, 43.87782], [-72.26478, 43.87783]]]}}, {"type": "Feature", "properties": {}, "geometry": {"type": "MultiPolygon", "coordinates": [[[[-72.26348, 43.88058], [-72.26352, 43.8806], [-72.26351, 43.88063], [-72.26349, 43.88061], [-72.26344, 43.88058], [-72.26329, 43.88069], [-72.26327, 43.8807], [-72.26324, 43.88072], [-72.26338, 43.88057], [-72.26343, 43.88051], [-72.2635, 43.88052], [-72.26353, 43.88054], [-72.26348, 43.88058]]], [[[-72.26383, 43.88032], [-72.2638, 43.88032], [-72.2638, 43.88026], [-72.26378, 43.88023], [-72.26375, 43.88023], [-72.26377, 43.88022], [-72.26381, 43.88021], [-72.26383, 43.8802], [-72.26383, 43.88027], [-72.26383, 43.88032]]], [[[-72.26375, 43.88023], [-72.26377, 43.88028], [-72.26373, 43.88028], [-72.26368, 43.88033], [-72.26363, 43.88038], [-72.26363, 43.8804], [-72.26363, 43.88042], [-72.2636, 43.88048], [-72.26355, 43.88047], [-72.26353, 43.88041], [-72.26352, 43.88041], [-72.26363, 43.8803], [-72.26365, 43.88028], [-72.26368, 43.88026], [-72.26371, 43.88025], [-72.26374, 43.88023], [-72.26375, 43.88023]]]]}}, {"type": "Feature", "properties": {}, "geometry": {"type": "Polygon", "coordinates": [[[-72.23994, 43.86575], [-72.23986, 43.86571], [-72.23988, 43.86566], [-72.23989, 43.86566], [-72.23994, 43.86559], [-72.23997, 43.86557], [-72.24001, 43.86554], [-72.24001, 43.86549], [-72.23999, 43.86548], [-72.23993, 43.86547], [-72.2399, 43.86543], [-72.23991, 43.86539], [-72.23995, 43.86534], [-72.23995, 43.86531], [-72.23999, 43.86529], [-72.24003, 43.86529], [-72.24003, 43.86526], [-72.23997, 43.86525], [-72.23995, 43.86522], [-72.23996, 43.86518], [-72.23999, 43.86513], [-72.23998, 43.86512], [-72.23998, 43.86508], [-72.23998, 43.86507], [-72.24, 43.86502], [-72.23999, 43.86501], [-72.23997, 43.86499], [-72.23998, 43.86472], [-72.24002, 43.86441], [-72.24006, 43.86392], [-72.24007, 43.86349], [-72.2401, 43.86328], [-72.2402, 43.8629], [-72.24028, 43.8625], [-72.2403, 43.86246], [-72.24035, 43.86236], [-72.24041, 43.86224], [-72.24043, 43.86221], [-72.24056, 43.86207], [-72.24057, 43.86204], [-72.2409, 43.86157], [-72.24103, 43.86134], [-72.24118, 43.86111], [-72.2412, 43.86109], [-72.24132, 43.86093], [-72.24138, 43.86084], [-72.24144, 43.86077], [-72.24147, 43.86073], [-72.24157, 43.86061], [-72.24165, 43.86048], [-72.24177, 43.86034], [-72.2418, 43.8603], [-72.24198, 43.86014], [-72.24229, 43.85977], [-72.24252, 43.85955], [-72.24273, 43.85927], [-72.24284, 43.85916], [-72.24294, 43.85903], [-72.24297, 43.859], [-72.2431, 43.85889], [-72.24309, 43.85892], [-72.24305, 43.85896], [-72.24309, 43.85896], [-72.24311, 43.85892], [-72.24319, 43.85887], [-72.24324, 43.85885], [-72.24324, 43.85883], [-72.24322, 43.8588], [-72.24329, 43.85877], [-72.24333, 43.85872], [-72.24339, 43.8587], [-72.2434, 43.85866], [-72.24345, 43.85863], [-72.2435, 43.85861], [-72.24354, 43.85859], [-72.24354, 43.85857], [-72.24352, 43.85855], [-72.24355, 43.8585], [-72.24358, 43.85849], [-72.24363, 43.85847], [-72.2436, 43.85843], [-72.24372, 43.85831], [-72.24407, 43.85805], [-72.24414, 43.85799], [-72.24415, 43.858], [-72.24418, 43.85802], [-72.24419, 43.85804], [-72.24421, 43.85807], [-72.24422, 43.85809], [-72.24423, 43.85812], [-72.24423, 43.85815], [-72.24423, 43.85817], [-72.24423, 43.8582], [-72.24422, 43.85823], [-72.24421, 43.85825], [-72.2442, 43.85828], [-72.24418, 43.8583], [-72.24416, 43.85832], [-72.24414, 43.85834], [-72.24406, 43.85841], [-72.24399, 43.85846], [-72.24358, 43.85885], [-72.24348, 43.85895], [-72.24338, 43.85904], [-72.24328, 43.85914], [-72.2432, 43.85922], [-72.24311, 43.85932], [-72.2431, 43.85933], [-72.243, 43.85944], [-72.24292, 43.85954], [-72.24291, 43.85955], [-72.24281, 43.85967], [-72.2428, 43.85968], [-72.24271, 43.85977], [-72.24261, 43.85988], [-72.24252, 43.85998], [-72.24238, 43.86015], [-72.24237, 43.86016], [-72.24223, 43.86031], [-72.24209, 43.86046], [-72.24195, 43.86062], [-72.24186, 43.86073], [-72.24178, 43.86086], [-72.24177, 43.86087], [-72.24165, 43.86104], [-72.24164, 43.86105], [-72.24153, 43.8612], [-72.24143, 43.86134], [-72.24134, 43.86147], [-72.24125, 43.8616], [-72.24125, 43.86161], [-72.24116, 43.86173], [-72.24103, 43.86191], [-72.2409, 43.86211], [-72.24082, 43.86223], [-72.24075, 43.86233], [-72.2407, 43.86243], [-72.2407, 43.86244], [-72.24065, 43.86254], [-72.2406, 43.86264], [-72.24056, 43.86274], [-72.24052, 43.86284], [-72.24048, 43.86294], [-72.24047, 43.86304], [-72.24047, 43.86306], [-72.24044, 43.86317], [-72.24043, 43.86329], [-72.24043, 43.8633], [-72.24042, 43.86345], [-72.24042, 43.86357], [-72.24041, 43.86372], [-72.24041, 43.86374], [-72.24039, 43.8639], [-72.24038, 43.86405], [-72.24038, 43.86406], [-72.24037, 43.86422], [-72.24036, 43.86438], [-72.24036, 43.86439], [-72.24034, 43.86458], [-72.24032, 43.86478], [-72.24032, 43.86479], [-72.2403, 43.86497], [-72.24029, 43.86515], [-72.24028, 43.86515], [-72.24027, 43.8653], [-72.24025, 43.86543], [-72.24025, 43.86544], [-72.24024, 43.86551], [-72.24024, 43.86553], [-72.24023, 43.86556], [-72.24021, 43.86559], [-72.2402, 43.86561], [-72.24018, 43.86563], [-72.24016, 43.86565], [-72.24013, 43.86567], [-72.2401, 43.86569], [-72.24007, 43.86571], [-72.24004, 43.86572], [-72.24001, 43.86573], [-72.23997, 43.86574], [-72.23995, 43.86575], [-72.23994, 43.86575]]]}}, {"type": "Feature", "properties": {}, "geometry": {"type": "Polygon", "coordinates": [[[-72.23857, 43.86777], [-72.23849, 43.86773], [-72.23843, 43.86771], [-72.23832, 43.86768], [-72.23823, 43.86767], [-72.23868, 43.86739], [-72.23881, 43.86731], [-72.23904, 43.86712], [-72.23922, 43.86694], [-72.23928, 43.86687], [-72.2394, 43.86675], [-72.23955, 43.86656], [-72.23963, 43.86656], [-72.23977, 43.86655], [-72.23992, 43.8665], [-72.23995, 43.86648], [-72.23995, 43.86649], [-72.23994, 43.86651], [-72.23993, 43.86654], [-72.23992, 43.86656], [-72.23985, 43.86666], [-72.23983, 43.86668], [-72.23976, 43.86676], [-72.23968, 43.86688], [-72.23966, 43.8669], [-72.23957, 43.86699], [-72.23956, 43.867], [-72.23943, 43.86713], [-72.23942, 43.86714], [-72.2393, 43.86725], [-72.23929, 43.86725], [-72.23917, 43.86736], [-72.23916, 43.86737], [-72.23903, 43.86747], [-72.23902, 43.86749], [-72.23888, 43.86758], [-72.23886, 43.86759], [-72.23874, 43.86767], [-72.23863, 43.86774], [-72.23861, 43.86776], [-72.23858, 43.86778], [-72.23857, 43.86777]]]}}, {"type": "Feature", "properties": {}, "geometry": {"type": "MultiPolygon", "coordinates": [[[[-72.23496, 43.87161], [-72.23494, 43.87154], [-72.23491, 43.8715], [-72.23488, 43.87146], [-72.23495, 43.87144], [-72.23517, 43.87136], [-72.23525, 43.8713], [-72.23537, 43.87118], [-72.23557, 43.87091], [-72.23588, 43.87043], [-72.23606, 43.87011], [-72.23614, 43.86997], [-72.2362, 43.86989], [-72.23641, 43.86966], [-72.23642, 43.86967], [-72.2365, 43.86974], [-72.23663, 43.86983], [-72.23665, 43.86984], [-72.2366, 43.86989], [-72.23659, 43.86991], [-72.2365, 43.86999], [-72.23644, 43.87006], [-72.23637, 43.8702], [-72.23636, 43.87021], [-72.23628, 43.87036], [-72.23627, 43.87037], [-72.23619, 43.87051], [-72.23613, 43.87062], [-72.23613, 43.87063], [-72.23606, 43.87073], [-72.23599, 43.87085], [-72.23598, 43.87087], [-72.2359, 43.87098], [-72.23583, 43.87108], [-72.23575, 43.8712], [-72.23573, 43.87122], [-72.23566, 43.8713], [-72.23564, 43.87132], [-72.23562, 43.87134], [-72.23552, 43.87141], [-72.2355, 43.87142], [-72.23541, 43.87149], [-72.23539, 43.87151], [-72.23536, 43.87152], [-72.23526, 43.87157], [-72.23523, 43.87159], [-72.2352, 43.8716], [-72.23505, 43.87165], [-72.235, 43.87166], [-72.23497, 43.87166], [-72.23496, 43.87161]]], [[[-72.23728, 43.8689], [-72.23715, 43.86891], [-72.23696, 43.86896], [-72.23684, 43.86899], [-72.23677, 43.86901], [-72.23665, 43.86904], [-72.2367, 43.86897], [-72.23685, 43.86885], [-72.23704, 43.86875], [-72.23737, 43.8686], [-72.23763, 43.86846], [-72.23776, 43.86854], [-72.23788, 43.86858], [-72.23786, 43.8686], [-72.23784, 43.86862], [-72.23781, 43.86864], [-72.23778, 43.86866], [-72.2377, 43.86871], [-72.23759, 43.86877], [-72.23757, 43.86879], [-72.23748, 43.86883], [-72.23737, 43.86888], [-72.23734, 43.8689], [-72.23728, 43.8689]]]]}}, {"type": "Feature", "properties": {}, "geometry": {"type": "Polygon", "coordinates": [[[-72.23084, 43.8728], [-72.23071, 43.87277], [-72.2305, 43.87274], [-72.23052, 43.87272], [-72.2307, 43.87267], [-72.23105, 43.87251], [-72.23117, 43.87246], [-72.23182, 43.87214], [-72.23213, 43.87199], [-72.23218, 43.87197], [-72.23233, 43.87192], [-72.23244, 43.87187], [-72.23259, 43.8718], [-72.23278, 43.87174], [-72.23296, 43.8717], [-72.23316, 43.87166], [-72.23328, 43.87162], [-72.23335, 43.87161], [-72.2335, 43.87159], [-72.2336, 43.87159], [-72.23357, 43.87171], [-72.23358, 43.87179], [-72.23355, 43.8718], [-72.23352, 43.8718], [-72.23334, 43.87183], [-72.23313, 43.87188], [-72.23294, 43.87192], [-72.23268, 43.872], [-72.23245, 43.8721], [-72.23206, 43.87229], [-72.23141, 43.8726], [-72.23134, 43.87263], [-72.23133, 43.87264], [-72.23112, 43.87273], [-72.23095, 43.87281], [-72.23092, 43.87284], [-72.23084, 43.8728]]]}}, {"type": "Feature", "properties": {}, "geometry": {"type": "MultiPolygon", "coordinates": [[[[-72.23674, 43.87493], [-72.23673, 43.87508], [-72.23675, 43.87513], [-72.23677, 43.87518], [-72.23671, 43.87516], [-72.23669, 43.87513], [-72.23664, 43.87509], [-72.23654, 43.87509], [-72.23649, 43.87506], [-72.23641, 43.87504], [-72.23622, 43.87498], [-72.23596, 43.87492], [-72.23587, 43.8749], [-72.23575, 43.87488], [-72.23565, 43.87486], [-72.23562, 43.87484], [-72.23557, 43.87484], [-72.23553, 43.87481], [-72.23546, 43.87482], [-72.23542, 43.87481], [-72.23537, 43.87479], [-72.23534, 43.87479], [-72.23524, 43.87479], [-72.23515, 43.87477], [-72.23529, 43.87466], [-72.23534, 43.8747], [-72.23539, 43.87471], [-72.23544, 43.87472], [-72.23547, 43.87472], [-72.23549, 43.87473], [-72.23555, 43.87476], [-72.23567, 43.87475], [-72.23572, 43.87473], [-72.23582, 43.8747], [-72.23582, 43.87467], [-72.23582, 43.87466], [-72.23583, 43.87463], [-72.23598, 43.87466], [-72.236, 43.87467], [-72.23632, 43.87474], [-72.23635, 43.87475], [-72.23657, 43.87481], [-72.23661, 43.87483], [-72.23676, 43.87488], [-72.23674, 43.87493]]], [[[-72.2388, 43.87646], [-72.23868, 43.87654], [-72.23865, 43.87658], [-72.2386, 43.87663], [-72.23837, 43.87639], [-72.23828, 43.87627], [-72.23819, 43.87619], [-72.23806, 43.87606], [-72.23768, 43.87577], [-72.23753, 43.87562], [-72.23774, 43.87563], [-72.23787, 43.8756], [-72.23793, 43.87558], [-72.23796, 43.8756], [-72.23808, 43.8757], [-72.23827, 43.87585], [-72.2383, 43.87587], [-72.23853, 43.8761], [-72.23855, 43.87611], [-72.23885, 43.87644], [-72.2388, 43.87646]]]]}}, {"type": "Feature", "properties": {}, "geometry": {"type": "MultiPolygon", "coordinates": [[[[-72.2402, 43.87761], [-72.24025, 43.87765], [-72.24026, 43.87767], [-72.24032, 43.87772], [-72.24033, 43.87775], [-72.24044, 43.87781], [-72.24051, 43.87782], [-72.24059, 43.87783], [-72.24059, 43.87791], [-72.24062, 43.87792], [-72.24064, 43.87793], [-72.24067, 43.87792], [-72.24065, 43.87797], [-72.2406, 43.87797], [-72.24047, 43.87794], [-72.24041, 43.87791], [-72.24021, 43.87786], [-72.23991, 43.87774], [-72.23984, 43.87771], [-72.23974, 43.87764], [-72.23966, 43.8776], [-72.2395, 43.87748], [-72.23934, 43.87736], [-72.23949, 43.87735], [-72.23964, 43.87731], [-72.23972, 43.87727], [-72.23976, 43.8773], [-72.23978, 43.87732], [-72.23987, 43.87739], [-72.23997, 43.87745], [-72.24005, 43.8775], [-72.24012, 43.87753], [-72.24021, 43.87757], [-72.24031, 43.8776], [-72.24034, 43.87761], [-72.24026, 43.87762], [-72.2402, 43.87761]], [[-72.2402, 43.87761], [-72.24015, 43.87759], [-72.24011, 43.87762], [-72.24005, 43.87765], [-72.24009, 43.8777], [-72.24018, 43.87772], [-72.24015, 43.87765], [-72.24013, 43.87765], [-72.24011, 43.87765], [-72.24014, 43.87763], [-72.2402, 43.87761]]], [[[-72.24128, 43.87796], [-72.2413, 43.87803], [-72.24106, 43.87804], [-72.24073, 43.878], [-72.24073, 43.87796], [-72.24073, 43.87793], [-72.24075, 43.87789], [-72.24077, 43.87786], [-72.24081, 43.87782], [-72.24076, 43.87778], [-72.24077, 43.87774], [-72.2408, 43.87775], [-72.24087, 43.87776], [-72.241, 43.87777], [-72.24108, 43.87777], [-72.24114, 43.87778], [-72.24122, 43.87778], [-72.24129, 43.87778], [-72.24127, 43.87784], [-72.24128, 43.87796]]]]}}, {"type": "Feature", "properties": {}, "geometry": {"type": "Polygon", "coordinates": [[[-72.2431, 43.87938], [-72.24299, 43.8794], [-72.24288, 43.87942], [-72.24289, 43.87929], [-72.24294, 43.87903], [-72.24305, 43.87903], [-72.24304, 43.87898], [-72.24294, 43.87896], [-72.24293, 43.87878], [-72.24289, 43.8787], [-72.24283, 43.87862], [-72.2426, 43.87844], [-72.24253, 43.87837], [-72.24247, 43.87833], [-72.24241, 43.87828], [-72.24233, 43.87822], [-72.24245, 43.87812], [-72.24249, 43.87806], [-72.24252, 43.878], [-72.24253, 43.87801], [-72.2426, 43.87805], [-72.24263, 43.87807], [-72.24265, 43.87809], [-72.24271, 43.87813], [-72.24278, 43.87819], [-72.24279, 43.87819], [-72.24284, 43.87824], [-72.24287, 43.87827], [-72.24292, 43.8783], [-72.24294, 43.87832], [-72.24301, 43.87838], [-72.24306, 43.87842], [-72.24309, 43.87845], [-72.24313, 43.8785], [-72.24315, 43.87853], [-72.24319, 43.87858], [-72.24321, 43.87861], [-72.24322, 43.87863], [-72.24326, 43.87875], [-72.24327, 43.87877], [-72.24327, 43.8788], [-72.24325, 43.87883], [-72.24328, 43.87887], [-72.24325, 43.8789], [-72.24324, 43.87892], [-72.24328, 43.87897], [-72.24328, 43.87898], [-72.24327, 43.87901], [-72.24326, 43.87905], [-72.24321, 43.8791], [-72.2432, 43.87914], [-72.24324, 43.87922], [-72.24323, 43.87927], [-72.24322, 43.87936], [-72.24322, 43.87938], [-72.24322, 43.87939], [-72.2431, 43.87938]]]}}, {"type": "Feature", "properties": {}, "geometry": {"type": "Polygon", "coordinates": [[[-72.24595, 43.85645], [-72.24565, 43.85654], [-72.24565, 43.85645], [-72.24579, 43.85624], [-72.24593, 43.85593], [-72.24598, 43.85574], [-72.24601, 43.85539], [-72.24603, 43.85491], [-72.24607, 43.85469], [-72.24612, 43.85455], [-72.24626, 43.8543], [-72.24639, 43.85399], [-72.24639, 43.85397], [-72.24644, 43.85387], [-72.24646, 43.85377], [-72.24646, 43.85371], [-72.2465, 43.85352], [-72.24657, 43.85337], [-72.24666, 43.85306], [-72.24675, 43.85283], [-72.24677, 43.85271], [-72.24682, 43.85256], [-72.24683, 43.85252], [-72.24693, 43.85228], [-72.24699, 43.85204], [-72.24714, 43.852], [-72.24727, 43.85195], [-72.2474, 43.85184], [-72.24746, 43.85174], [-72.24748, 43.85166], [-72.24751, 43.85154], [-72.24747, 43.85141], [-72.24743, 43.85134], [-72.24735, 43.85125], [-72.2474, 43.85112], [-72.24742, 43.85108], [-72.24745, 43.85109], [-72.24748, 43.85111], [-72.24751, 43.85113], [-72.24754, 43.85114], [-72.24756, 43.85116], [-72.24759, 43.85119], [-72.2476, 43.85121], [-72.24762, 43.85123], [-72.24763, 43.85126], [-72.24764, 43.85129], [-72.24764, 43.85131], [-72.24764, 43.85134], [-72.24764, 43.85137], [-72.24763, 43.85139], [-72.24762, 43.85142], [-72.24747, 43.85174], [-72.24737, 43.85202], [-72.2473, 43.85226], [-72.24729, 43.85226], [-72.24726, 43.85237], [-72.24718, 43.85261], [-72.24712, 43.85282], [-72.24707, 43.85297], [-72.24707, 43.85298], [-72.24701, 43.85313], [-72.24696, 43.85329], [-72.24696, 43.85331], [-72.2469, 43.85346], [-72.24685, 43.85356], [-72.24684, 43.85365], [-72.24684, 43.85376], [-72.24683, 43.8538], [-72.24681, 43.8539], [-72.2468, 43.85393], [-72.24679, 43.85396], [-72.24674, 43.85405], [-72.24671, 43.85413], [-72.2467, 43.85414], [-72.24666, 43.85423], [-72.24662, 43.85431], [-72.2466, 43.85434], [-72.24655, 43.85442], [-72.24647, 43.85456], [-72.24644, 43.85462], [-72.24641, 43.85469], [-72.24639, 43.85475], [-72.24638, 43.85482], [-72.24637, 43.8549], [-72.24636, 43.85499], [-72.24636, 43.85507], [-72.24636, 43.85516], [-72.24636, 43.85527], [-72.24636, 43.8553], [-72.24634, 43.85546], [-72.24634, 43.85557], [-72.24634, 43.85559], [-72.24632, 43.85569], [-72.24631, 43.85576], [-72.24631, 43.85578], [-72.24629, 43.85587], [-72.24629, 43.85588], [-72.24625, 43.85599], [-72.24625, 43.85601], [-72.2462, 43.85612], [-72.24619, 43.85614], [-72.24615, 43.85622], [-72.24612, 43.85629], [-72.24611, 43.85631], [-72.2461, 43.85633], [-72.24605, 43.8564], [-72.24603, 43.85644], [-72.24595, 43.85645]]]}}, {"type": "Feature", "properties": {}, "geometry": {"type": "Polygon", "coordinates": [[[-72.24507, 43.88375], [-72.24506, 43.88378], [-72.24502, 43.88379], [-72.24492, 43.88383], [-72.24486, 43.88384], [-72.24477, 43.88379], [-72.2447, 43.88375], [-72.24481, 43.88369], [-72.24486, 43.88365], [-72.2449, 43.88362], [-72.24491, 43.88362], [-72.24494, 43.88364], [-72.24496, 43.88366], [-72.24508, 43.88374], [-72.24507, 43.88375]]]}}, {"type": "Feature", "properties": {}, "geometry": {"type": "Polygon", "coordinates": [[[-72.27374, 43.86101], [-72.27378, 43.86107], [-72.27385, 43.86115], [-72.27394, 43.8613], [-72.27413, 43.86161], [-72.27421, 43.86179], [-72.27434, 43.86198], [-72.27435, 43.86202], [-72.27434, 43.86201], [-72.27432, 43.86201], [-72.27431, 43.86201], [-72.27427, 43.86202], [-72.27427, 43.86204], [-72.27411, 43.86206], [-72.27404, 43.86207], [-72.27403, 43.86207], [-72.27401, 43.86205], [-72.27391, 43.8619], [-72.2739, 43.86188], [-72.27384, 43.86175], [-72.27383, 43.86174], [-72.27383, 43.86173], [-72.27382, 43.86171], [-72.27361, 43.86137], [-72.2736, 43.86136], [-72.27358, 43.86131], [-72.27357, 43.86128], [-72.27356, 43.86126], [-72.27356, 43.86123], [-72.27356, 43.8612], [-72.27356, 43.86118], [-72.27357, 43.86115], [-72.27358, 43.86112], [-72.2736, 43.8611], [-72.27362, 43.86108], [-72.27364, 43.86105], [-72.27366, 43.86103], [-72.27369, 43.86101], [-72.27372, 43.861], [-72.27373, 43.86099], [-72.27374, 43.86101]]]}}, {"type": "Feature", "properties": {}, "geometry": {"type": "MultiPolygon", "coordinates": [[[[-72.26643, 43.86656], [-72.26637, 43.86659], [-72.26634, 43.86656], [-72.26632, 43.86649], [-72.26626, 43.86641], [-72.26622, 43.86637], [-72.26622, 43.86634], [-72.26624, 43.86588], [-72.26627, 43.86576], [-72.26633, 43.86566], [-72.26637, 43.86562], [-72.2665, 43.86548], [-72.26678, 43.86524], [-72.26686, 43.86515], [-72.26702, 43.86487], [-72.26719, 43.86469], [-72.26732, 43.86461], [-72.26747, 43.86454], [-72.26748, 43.86455], [-72.26746, 43.86462], [-72.26745, 43.86469], [-72.26742, 43.86479], [-72.26743, 43.86487], [-72.26739, 43.86491], [-72.26731, 43.86499], [-72.26728, 43.86505], [-72.26724, 43.86511], [-72.26718, 43.86522], [-72.26716, 43.86525], [-72.26714, 43.86527], [-72.26704, 43.86538], [-72.26702, 43.8654], [-72.26677, 43.86562], [-72.26666, 43.86574], [-72.26662, 43.86578], [-72.26659, 43.86583], [-72.26658, 43.86587], [-72.26657, 43.86594], [-72.26657, 43.86602], [-72.26656, 43.86617], [-72.26656, 43.86628], [-72.26656, 43.8663], [-72.26655, 43.8664], [-72.26655, 43.86641], [-72.26652, 43.86658], [-72.2665, 43.8665], [-72.26647, 43.86651], [-72.26643, 43.86656]]], [[[-72.26935, 43.86339], [-72.26918, 43.86345], [-72.2692, 43.86347], [-72.26926, 43.86354], [-72.26924, 43.86355], [-72.2692, 43.86359], [-72.26919, 43.8636], [-72.26913, 43.86365], [-72.26907, 43.86371], [-72.26904, 43.86373], [-72.26895, 43.8638], [-72.26887, 43.86386], [-72.2688, 43.86388], [-72.26865, 43.86396], [-72.26857, 43.86404], [-72.26852, 43.86412], [-72.26851, 43.86418], [-72.26846, 43.86424], [-72.26829, 43.86419], [-72.26814, 43.86416], [-72.26829, 43.86397], [-72.26843, 43.86384], [-72.26851, 43.8638], [-72.26856, 43.86374], [-72.26867, 43.86367], [-72.26872, 43.86366], [-72.26873, 43.86362], [-72.26879, 43.86357], [-72.26885, 43.86352], [-72.26889, 43.86349], [-72.26894, 43.86345], [-72.26903, 43.86341], [-72.26907, 43.86341], [-72.26912, 43.86341], [-72.26912, 43.86331], [-72.26916, 43.8633], [-72.26921, 43.86329], [-72.26928, 43.86327], [-72.26932, 43.86328], [-72.26944, 43.86328], [-72.26948, 43.86328], [-72.26944, 43.86334], [-72.26943, 43.86333], [-72.26937, 43.86336], [-72.26935, 43.86339]]], [[[-72.26954, 43.86308], [-72.26949, 43.86311], [-72.26947, 43.86311], [-72.26946, 43.86311], [-72.2694, 43.86312], [-72.26929, 43.86312], [-72.26932, 43.86315], [-72.26937, 43.86319], [-72.26935, 43.86324], [-72.26932, 43.86323], [-72.26931, 43.86321], [-72.26926, 43.86319], [-72.26926, 43.86313], [-72.26928, 43.86309], [-72.26928, 43.863], [-72.26946, 43.86261], [-72.26957, 43.86233], [-72.26963, 43.86214], [-72.26972, 43.86195], [-72.26981, 43.8617], [-72.26993, 43.8617], [-72.26993, 43.86171], [-72.26993, 43.86172], [-72.26993, 43.86174], [-72.26997, 43.86177], [-72.27, 43.86174], [-72.27002, 43.8617], [-72.2701, 43.86169], [-72.2701, 43.86165], [-72.2702, 43.86157], [-72.2702, 43.86159], [-72.27019, 43.86161], [-72.27015, 43.8617], [-72.27012, 43.8618], [-72.27011, 43.86181], [-72.27008, 43.8619], [-72.27005, 43.86198], [-72.27004, 43.86199], [-72.27001, 43.86208], [-72.27, 43.86209], [-72.26997, 43.86216], [-72.26993, 43.86225], [-72.2699, 43.86235], [-72.2699, 43.86236], [-72.26984, 43.86252], [-72.26983, 43.86253], [-72.26976, 43.8627], [-72.26976, 43.86271], [-72.26961, 43.86303], [-72.26958, 43.86303], [-72.26954, 43.86308]]], [[[-72.2694, 43.8634], [-72.26935, 43.86346], [-72.26933, 43.86344], [-72.26938, 43.86341], [-72.2694, 43.8634]]]]}}, {"type": "Feature", "properties": {}, "geometry": {"type": "Polygon", "coordinates": [[[-72.2753, 43.86365], [-72.27537, 43.86381], [-72.27539, 43.86386], [-72.27559, 43.86431], [-72.27568, 43.86477], [-72.27573, 43.86493], [-72.27587, 43.86526], [-72.2759, 43.86537], [-72.27598, 43.86556], [-72.27598, 43.86559], [-72.27591, 43.86565], [-72.27589, 43.86568], [-72.27585, 43.86568], [-72.27582, 43.86567], [-72.27578, 43.86566], [-72.27575, 43.86565], [-72.27571, 43.86564], [-72.27569, 43.86562], [-72.27566, 43.8656], [-72.27563, 43.86558], [-72.27561, 43.86556], [-72.27559, 43.86554], [-72.27558, 43.86551], [-72.27556, 43.86549], [-72.27555, 43.86546], [-72.27526, 43.86439], [-72.27499, 43.86373], [-72.27498, 43.86371], [-72.27497, 43.86368], [-72.27497, 43.86365], [-72.27497, 43.86363], [-72.27498, 43.8636], [-72.27499, 43.86357], [-72.275, 43.86355], [-72.27501, 43.86352], [-72.27503, 43.8635], [-72.27505, 43.86348], [-72.27508, 43.86346], [-72.27511, 43.86344], [-72.27514, 43.86343], [-72.27517, 43.86341], [-72.2752, 43.8634], [-72.2753, 43.86365]]]}}, {"type": "Feature", "properties": {}, "geometry": {"type": "Polygon", "coordinates": [[[-72.2664, 43.87318], [-72.26641, 43.87309], [-72.26641, 43.87307], [-72.26638, 43.87303], [-72.26633, 43.87303], [-72.26628, 43.87302], [-72.26627, 43.8728], [-72.26627, 43.87259], [-72.26636, 43.87262], [-72.26639, 43.87268], [-72.26643, 43.8727], [-72.26646, 43.87266], [-72.26648, 43.87259], [-72.26648, 43.87258], [-72.26646, 43.87254], [-72.26644, 43.87252], [-72.26637, 43.87252], [-72.26632, 43.8725], [-72.26626, 43.87249], [-72.26625, 43.87242], [-72.26633, 43.8724], [-72.26646, 43.87245], [-72.26656, 43.87248], [-72.26659, 43.87248], [-72.26661, 43.87264], [-72.26661, 43.87265], [-72.26662, 43.87282], [-72.26662, 43.87285], [-72.26661, 43.87297], [-72.2666, 43.87298], [-72.26659, 43.87309], [-72.26658, 43.87319], [-72.2664, 43.87318]]]}}, {"type": "Feature", "properties": {}, "geometry": {"type": "Polygon", "coordinates": [[[-72.26527, 43.87966], [-72.26519, 43.87958], [-72.26512, 43.87954], [-72.26505, 43.87951], [-72.2652, 43.87934], [-72.26529, 43.87925], [-72.26534, 43.87916], [-72.26537, 43.87902], [-72.26536, 43.87886], [-72.26522, 43.87853], [-72.26508, 43.87822], [-72.26514, 43.87817], [-72.26512, 43.87817], [-72.26507, 43.87817], [-72.26506, 43.87805], [-72.26499, 43.87795], [-72.26499, 43.87791], [-72.26523, 43.87794], [-72.26535, 43.87793], [-72.26539, 43.87809], [-72.26547, 43.8783], [-72.26558, 43.87854], [-72.26564, 43.87866], [-72.26565, 43.87869], [-72.26569, 43.87882], [-72.2657, 43.87886], [-72.2657, 43.87893], [-72.2657, 43.87896], [-72.2657, 43.87904], [-72.2657, 43.8791], [-72.26569, 43.87913], [-72.26568, 43.87916], [-72.26566, 43.87922], [-72.26566, 43.87924], [-72.26564, 43.87926], [-72.26563, 43.87929], [-72.26561, 43.87932], [-72.2656, 43.87934], [-72.26558, 43.87937], [-72.26556, 43.87939], [-72.26548, 43.87947], [-72.26533, 43.87963], [-72.26531, 43.87965], [-72.26528, 43.87967], [-72.26527, 43.87966]]]}}, {"type": "Feature", "properties": {}, "geometry": {"type": "MultiPolygon", "coordinates": [[[[-72.2761, 43.86632], [-72.27623, 43.86636], [-72.27628, 43.86653], [-72.27635, 43.8667], [-72.27652, 43.86698], [-72.27661, 43.86712], [-72.27671, 43.86726], [-72.27685, 43.86744], [-72.27705, 43.86763], [-72.27724, 43.8679], [-72.27741, 43.86807], [-72.27776, 43.86831], [-72.27773, 43.86835], [-72.27766, 43.86832], [-72.27763, 43.86832], [-72.27757, 43.86832], [-72.27751, 43.86835], [-72.27747, 43.86835], [-72.2774, 43.8684], [-72.27735, 43.86837], [-72.27732, 43.86835], [-72.2772, 43.86826], [-72.27717, 43.86824], [-72.27716, 43.86823], [-72.27716, 43.8682], [-72.2771, 43.86817], [-72.2771, 43.86816], [-72.27709, 43.86813], [-72.27706, 43.86809], [-72.277, 43.86807], [-72.27696, 43.86804], [-72.27695, 43.86802], [-72.27694, 43.86802], [-72.27694, 43.86801], [-72.27686, 43.86789], [-72.27674, 43.86775], [-72.2766, 43.86761], [-72.27659, 43.86759], [-72.27643, 43.86739], [-72.27641, 43.86737], [-72.27625, 43.86714], [-72.27623, 43.86712], [-72.27614, 43.86696], [-72.27614, 43.86695], [-72.27604, 43.86678], [-72.27603, 43.86675], [-72.27594, 43.86656], [-72.27594, 43.86654], [-72.27593, 43.86653], [-72.27593, 43.8665], [-72.27593, 43.86647], [-72.27593, 43.86644], [-72.27595, 43.86634], [-72.27595, 43.86631], [-72.27596, 43.86628], [-72.27598, 43.86626], [-72.27598, 43.86625], [-72.276, 43.86626], [-72.2761, 43.86632]]], [[[-72.27759, 43.8685], [-72.27761, 43.8685], [-72.27758, 43.86846], [-72.27758, 43.86844], [-72.27765, 43.86843], [-72.27767, 43.8685], [-72.27774, 43.86851], [-72.27776, 43.86857], [-72.27781, 43.86861], [-72.27785, 43.86865], [-72.27768, 43.86856], [-72.27752, 43.86848], [-72.2775, 43.86846], [-72.27752, 43.86847], [-72.27759, 43.8685]]]]}}, {"type": "Feature", "properties": {}, "geometry": {"type": "Polygon", "coordinates": [[[-72.28021, 43.87055], [-72.2802, 43.8705], [-72.28016, 43.87045], [-72.28013, 43.87043], [-72.2801, 43.8704], [-72.28006, 43.87037], [-72.28, 43.87036], [-72.27996, 43.87034], [-72.27993, 43.87029], [-72.27991, 43.87027], [-72.27988, 43.8703], [-72.27954, 43.87001], [-72.27953, 43.86998], [-72.27951, 43.86999], [-72.27947, 43.86995], [-72.27946, 43.86994], [-72.27951, 43.86993], [-72.27952, 43.86992], [-72.27952, 43.86987], [-72.2794, 43.86989], [-72.27931, 43.86982], [-72.27936, 43.86977], [-72.27941, 43.86972], [-72.27942, 43.86966], [-72.27944, 43.86964], [-72.27951, 43.86963], [-72.27962, 43.8697], [-72.27969, 43.86977], [-72.28004, 43.87005], [-72.28007, 43.87008], [-72.28012, 43.87011], [-72.28013, 43.87013], [-72.28054, 43.87044], [-72.28065, 43.87054], [-72.28071, 43.87058], [-72.28096, 43.87077], [-72.28127, 43.87099], [-72.28163, 43.87119], [-72.28173, 43.87125], [-72.28184, 43.87139], [-72.28192, 43.87147], [-72.28197, 43.87157], [-72.282, 43.87167], [-72.28204, 43.87171], [-72.28209, 43.87177], [-72.28214, 43.87182], [-72.28218, 43.87185], [-72.2822, 43.87186], [-72.2822, 43.87189], [-72.28221, 43.87192], [-72.28228, 43.87195], [-72.28241, 43.87202], [-72.28247, 43.87204], [-72.28251, 43.87205], [-72.28255, 43.87205], [-72.28259, 43.87206], [-72.28266, 43.87206], [-72.28276, 43.87206], [-72.28286, 43.8721], [-72.28289, 43.87213], [-72.28294, 43.87215], [-72.28301, 43.87212], [-72.28307, 43.8721], [-72.28318, 43.8721], [-72.28321, 43.87212], [-72.28321, 43.87214], [-72.28322, 43.87216], [-72.2833, 43.87215], [-72.28335, 43.87215], [-72.28341, 43.87215], [-72.28354, 43.87222], [-72.28374, 43.87234], [-72.28399, 43.87257], [-72.28403, 43.87263], [-72.2842, 43.87284], [-72.28428, 43.87292], [-72.2843, 43.87296], [-72.2843, 43.87299], [-72.28435, 43.87304], [-72.2844, 43.87314], [-72.28447, 43.8732], [-72.28448, 43.87325], [-72.28451, 43.87328], [-72.28452, 43.87332], [-72.28452, 43.87334], [-72.28452, 43.87335], [-72.28452, 43.87337], [-72.28441, 43.87347], [-72.28441, 43.87354], [-72.28439, 43.87356], [-72.28428, 43.87344], [-72.28426, 43.87342], [-72.28425, 43.87341], [-72.28423, 43.87338], [-72.28425, 43.87335], [-72.28428, 43.87324], [-72.28426, 43.87312], [-72.28421, 43.87303], [-72.28411, 43.87293], [-72.28402, 43.87284], [-72.28396, 43.87281], [-72.28386, 43.87276], [-72.28371, 43.87272], [-72.28361, 43.87262], [-72.2835, 43.87252], [-72.28338, 43.87244], [-72.28328, 43.87238], [-72.28325, 43.87237], [-72.2832, 43.87235], [-72.28316, 43.87234], [-72.2831, 43.87233], [-72.28277, 43.87231], [-72.28268, 43.8723], [-72.28264, 43.87229], [-72.28255, 43.87228], [-72.28251, 43.87227], [-72.28244, 43.87226], [-72.28242, 43.87225], [-72.28234, 43.87223], [-72.2823, 43.87222], [-72.28224, 43.87219], [-72.28221, 43.87218], [-72.28218, 43.87216], [-72.28203, 43.87208], [-72.28198, 43.87204], [-72.28195, 43.87203], [-72.28191, 43.872], [-72.28187, 43.87197], [-72.28183, 43.87193], [-72.28181, 43.87191], [-72.28179, 43.87189], [-72.28175, 43.87184], [-72.28175, 43.87183], [-72.2817, 43.87176], [-72.28169, 43.87174], [-72.28165, 43.87166], [-72.28164, 43.87163], [-72.28163, 43.87161], [-72.28163, 43.8716], [-72.28162, 43.87158], [-72.28159, 43.87154], [-72.28157, 43.87151], [-72.28155, 43.87149], [-72.28153, 43.87147], [-72.28149, 43.87143], [-72.28147, 43.87141], [-72.28144, 43.8714], [-72.28124, 43.87128], [-72.28118, 43.87124], [-72.28117, 43.87124], [-72.2809, 43.87107], [-72.28087, 43.87106], [-72.2806, 43.87086], [-72.28059, 43.87085], [-72.28032, 43.87064], [-72.28022, 43.87056], [-72.28021, 43.87055]]]}}, {"type": "Feature", "properties": {}, "geometry": {"type": "Polygon", "coordinates": [[[-72.26356, 43.88124], [-72.26336, 43.88116], [-72.26351, 43.88103], [-72.26355, 43.88103], [-72.26362, 43.88106], [-72.26364, 43.88105], [-72.2637, 43.88102], [-72.26378, 43.88102], [-72.26381, 43.88095], [-72.26375, 43.88094], [-72.26369, 43.88098], [-72.26366, 43.88098], [-72.2636, 43.881], [-72.26356, 43.88093], [-72.26358, 43.88091], [-72.26373, 43.88076], [-72.26386, 43.88058], [-72.26396, 43.88068], [-72.26407, 43.88075], [-72.26411, 43.88076], [-72.26404, 43.88085], [-72.26402, 43.88088], [-72.26385, 43.88105], [-72.26376, 43.88117], [-72.26374, 43.88119], [-72.26365, 43.8813], [-72.26356, 43.88124]]]}}, {"type": "Feature", "properties": {}, "geometry": {"type": "Polygon", "coordinates": [[[-72.22776, 43.87647], [-72.22762, 43.87645], [-72.22766, 43.87638], [-72.22764, 43.87636], [-72.22756, 43.87642], [-72.22752, 43.87642], [-72.22752, 43.87638], [-72.22752, 43.87631], [-72.22782, 43.8761], [-72.22815, 43.87588], [-72.22818, 43.87586], [-72.22833, 43.87576], [-72.22843, 43.87571], [-72.22843, 43.87569], [-72.22843, 43.87567], [-72.22873, 43.87552], [-72.22888, 43.87542], [-72.22901, 43.87535], [-72.22912, 43.87522], [-72.22919, 43.87507], [-72.22927, 43.87498], [-72.22945, 43.87468], [-72.22955, 43.87454], [-72.22962, 43.87443], [-72.22968, 43.87435], [-72.22976, 43.87413], [-72.22985, 43.87395], [-72.22987, 43.87392], [-72.22989, 43.87389], [-72.2299, 43.87386], [-72.22992, 43.87379], [-72.22997, 43.87372], [-72.22999, 43.8737], [-72.23, 43.87367], [-72.2301, 43.87367], [-72.23009, 43.87372], [-72.23005, 43.87378], [-72.23005, 43.87382], [-72.23007, 43.87387], [-72.23002, 43.87391], [-72.23, 43.87401], [-72.22998, 43.87404], [-72.22995, 43.87407], [-72.22993, 43.87412], [-72.2299, 43.87416], [-72.22992, 43.87421], [-72.22997, 43.87422], [-72.23008, 43.87421], [-72.2301, 43.87423], [-72.23005, 43.8744], [-72.23004, 43.87443], [-72.23003, 43.87444], [-72.23002, 43.87445], [-72.22991, 43.87451], [-72.22983, 43.87459], [-72.22979, 43.87466], [-72.22972, 43.87489], [-72.22961, 43.87508], [-72.22959, 43.87511], [-72.22954, 43.87518], [-72.22947, 43.8753], [-72.22946, 43.87532], [-72.22944, 43.87534], [-72.22933, 43.87548], [-72.22931, 43.8755], [-72.22929, 43.87552], [-72.22927, 43.87554], [-72.22924, 43.87556], [-72.22912, 43.87562], [-72.22899, 43.87571], [-72.22894, 43.87574], [-72.22877, 43.87582], [-72.22876, 43.87584], [-72.22874, 43.87586], [-72.22871, 43.87588], [-72.22869, 43.8759], [-72.22866, 43.87592], [-72.22857, 43.87596], [-72.22844, 43.87605], [-72.22841, 43.87607], [-72.22839, 43.87608], [-72.22838, 43.87608], [-72.22808, 43.87629], [-72.22781, 43.87648], [-72.22776, 43.87647]]]}}, {"type": "Feature", "properties": {}, "geometry": {"type": "Polygon", "coordinates": [[[-72.21547, 43.88443], [-72.21539, 43.8844], [-72.21541, 43.88439], [-72.2155, 43.88424], [-72.21569, 43.88401], [-72.21587, 43.88379], [-72.21614, 43.88351], [-72.21635, 43.88329], [-72.2164, 43.88319], [-72.21642, 43.88311], [-72.21643, 43.88311], [-72.21644, 43.88309], [-72.21648, 43.88309], [-72.21651, 43.88306], [-72.2165, 43.88301], [-72.21661, 43.88292], [-72.21663, 43.88286], [-72.2167, 43.88278], [-72.21677, 43.88272], [-72.21679, 43.88269], [-72.21683, 43.88264], [-72.21694, 43.88259], [-72.21699, 43.88258], [-72.21706, 43.88259], [-72.21709, 43.88259], [-72.21714, 43.88259], [-72.21714, 43.88256], [-72.21712, 43.88252], [-72.21719, 43.88248], [-72.21727, 43.88246], [-72.21731, 43.88245], [-72.21743, 43.88245], [-72.21752, 43.88244], [-72.21752, 43.88241], [-72.21748, 43.88237], [-72.21749, 43.88234], [-72.21756, 43.88231], [-72.21759, 43.88227], [-72.21769, 43.88222], [-72.21772, 43.88221], [-72.21779, 43.88218], [-72.21784, 43.88218], [-72.21788, 43.88216], [-72.21794, 43.88207], [-72.21799, 43.88204], [-72.21805, 43.882], [-72.21814, 43.88195], [-72.21821, 43.88192], [-72.21822, 43.8819], [-72.2182, 43.88186], [-72.21829, 43.88181], [-72.2186, 43.88157], [-72.21881, 43.88141], [-72.21892, 43.88144], [-72.21898, 43.8814], [-72.21886, 43.88136], [-72.21888, 43.88134], [-72.21908, 43.88124], [-72.21919, 43.88119], [-72.21931, 43.88113], [-72.21958, 43.88103], [-72.2198, 43.88093], [-72.21996, 43.88086], [-72.22002, 43.88083], [-72.22009, 43.8808], [-72.22019, 43.88074], [-72.22026, 43.8807], [-72.22042, 43.8806], [-72.22045, 43.88059], [-72.22049, 43.88056], [-72.22088, 43.88026], [-72.22099, 43.88018], [-72.22109, 43.8801], [-72.22119, 43.88002], [-72.2213, 43.87989], [-72.22142, 43.87978], [-72.22154, 43.87969], [-72.22167, 43.87961], [-72.2217, 43.8796], [-72.22204, 43.87936], [-72.22221, 43.87923], [-72.22246, 43.87909], [-72.22257, 43.87904], [-72.22294, 43.87889], [-72.2231, 43.87883], [-72.22341, 43.87862], [-72.22351, 43.87852], [-72.22368, 43.87839], [-72.22373, 43.87834], [-72.22388, 43.87823], [-72.22389, 43.87821], [-72.22397, 43.87816], [-72.22398, 43.87814], [-72.22404, 43.8781], [-72.22419, 43.87798], [-72.22456, 43.8777], [-72.22457, 43.87791], [-72.2246, 43.87798], [-72.22461, 43.878], [-72.22455, 43.87805], [-72.22435, 43.87821], [-72.22409, 43.87842], [-72.22378, 43.87867], [-72.22367, 43.87877], [-72.22365, 43.87878], [-72.22363, 43.8788], [-72.22345, 43.87892], [-72.22334, 43.87899], [-72.22331, 43.87901], [-72.22329, 43.87902], [-72.2232, 43.87906], [-72.22319, 43.87906], [-72.22308, 43.87911], [-72.22307, 43.87911], [-72.22294, 43.87917], [-72.22279, 43.87923], [-72.22265, 43.87929], [-72.22252, 43.87936], [-72.22243, 43.87941], [-72.2223, 43.87952], [-72.22228, 43.87954], [-72.22214, 43.87963], [-72.22198, 43.87974], [-72.22196, 43.87975], [-72.22178, 43.87986], [-72.22165, 43.87997], [-72.22155, 43.88006], [-72.22145, 43.88017], [-72.22142, 43.88019], [-72.22124, 43.88034], [-72.22123, 43.88035], [-72.2211, 43.88044], [-72.22097, 43.88054], [-72.22084, 43.88065], [-72.22082, 43.88066], [-72.22071, 43.88073], [-72.2207, 43.88074], [-72.22053, 43.88085], [-72.2205, 43.88087], [-72.2204, 43.88093], [-72.22031, 43.88098], [-72.22028, 43.88099], [-72.22017, 43.88105], [-72.22014, 43.88106], [-72.22001, 43.88112], [-72.21987, 43.88118], [-72.21973, 43.88124], [-72.2197, 43.88125], [-72.21959, 43.88129], [-72.21949, 43.88133], [-72.21939, 43.88138], [-72.21938, 43.88139], [-72.21926, 43.88144], [-72.2192, 43.88147], [-72.21911, 43.88152], [-72.21905, 43.88156], [-72.21876, 43.88178], [-72.21869, 43.88183], [-72.21856, 43.88194], [-72.21852, 43.88196], [-72.21822, 43.88213], [-72.21803, 43.88224], [-72.21803, 43.88225], [-72.21781, 43.88237], [-72.21758, 43.88251], [-72.21757, 43.88252], [-72.21745, 43.88258], [-72.21745, 43.88259], [-72.21731, 43.88266], [-72.21721, 43.88272], [-72.21708, 43.88281], [-72.21704, 43.88286], [-72.21698, 43.88292], [-72.21693, 43.88299], [-72.21692, 43.88299], [-72.21681, 43.88311], [-72.21669, 43.88325], [-72.21667, 43.88327], [-72.21658, 43.88335], [-72.21651, 43.88343], [-72.21649, 43.88344], [-72.21638, 43.88357], [-72.21629, 43.88367], [-72.21628, 43.88368], [-72.21618, 43.88379], [-72.21607, 43.88391], [-72.21599, 43.88399], [-72.21593, 43.88416], [-72.21592, 43.88418], [-72.2159, 43.88421], [-72.2158, 43.88435], [-72.2157, 43.88449], [-72.21547, 43.88443]]]}}, {"type": "Feature", "properties": {}, "geometry": {"type": "Polygon", "coordinates": [[[-72.23487, 43.8749], [-72.23497, 43.87487], [-72.23503, 43.87485], [-72.23518, 43.8749], [-72.23527, 43.8749], [-72.23534, 43.87492], [-72.23553, 43.87493], [-72.23557, 43.87495], [-72.23562, 43.87497], [-72.23564, 43.87499], [-72.23574, 43.87499], [-72.23583, 43.87502], [-72.23591, 43.87502], [-72.23598, 43.87506], [-72.23613, 43.87506], [-72.23619, 43.87508], [-72.23624, 43.87511], [-72.23633, 43.87512], [-72.23638, 43.87515], [-72.23647, 43.87516], [-72.23651, 43.87518], [-72.23656, 43.87519], [-72.23662, 43.87523], [-72.23669, 43.87522], [-72.23691, 43.87532], [-72.23694, 43.87535], [-72.23699, 43.87537], [-72.23704, 43.8754], [-72.23712, 43.87547], [-72.23724, 43.87554], [-72.23738, 43.8756], [-72.23745, 43.87564], [-72.23761, 43.87579], [-72.23796, 43.87606], [-72.2381, 43.87621], [-72.23819, 43.87629], [-72.23856, 43.8767], [-72.23854, 43.87676], [-72.23851, 43.87687], [-72.23836, 43.87688], [-72.23835, 43.87688], [-72.23833, 43.87686], [-72.23831, 43.87684], [-72.23829, 43.87682], [-72.23792, 43.87642], [-72.2377, 43.87621], [-72.23752, 43.87607], [-72.23739, 43.87596], [-72.23737, 43.87595], [-72.23727, 43.87585], [-72.23721, 43.87581], [-72.2372, 43.8758], [-72.23699, 43.87565], [-72.23682, 43.87556], [-72.23669, 43.87549], [-72.23662, 43.87546], [-72.23644, 43.87538], [-72.23626, 43.87532], [-72.23608, 43.87526], [-72.23578, 43.87519], [-72.23546, 43.87513], [-72.23525, 43.87509], [-72.23524, 43.87509], [-72.2351, 43.87507], [-72.23496, 43.87504], [-72.23492, 43.87503], [-72.23489, 43.87502], [-72.23485, 43.87501], [-72.23482, 43.87499], [-72.23479, 43.87497], [-72.23477, 43.87495], [-72.23475, 43.87493], [-72.23472, 43.87491], [-72.23487, 43.8749]]]}}, {"type": "Feature", "properties": {}, "geometry": {"type": "Polygon", "coordinates": [[[-72.23907, 43.87732], [-72.23917, 43.87734], [-72.23923, 43.87735], [-72.23948, 43.87753], [-72.23963, 43.87765], [-72.23972, 43.8777], [-72.23983, 43.87777], [-72.24022, 43.87792], [-72.24036, 43.87796], [-72.24038, 43.87798], [-72.24032, 43.87803], [-72.24029, 43.87807], [-72.24039, 43.8781], [-72.24046, 43.87807], [-72.24048, 43.87806], [-72.24059, 43.87806], [-72.24065, 43.87804], [-72.24078, 43.87807], [-72.24099, 43.87809], [-72.24135, 43.8781], [-72.24143, 43.87816], [-72.24149, 43.8782], [-72.24161, 43.87825], [-72.2416, 43.87826], [-72.24157, 43.87827], [-72.24154, 43.87829], [-72.24151, 43.8783], [-72.24147, 43.87831], [-72.24144, 43.87832], [-72.2414, 43.87832], [-72.24136, 43.87832], [-72.24124, 43.87833], [-72.24122, 43.87833], [-72.24112, 43.87833], [-72.24111, 43.87833], [-72.24103, 43.87832], [-72.241, 43.87832], [-72.24091, 43.87831], [-72.24078, 43.8783], [-72.24075, 43.8783], [-72.24063, 43.87828], [-72.2406, 43.87828], [-72.24057, 43.87827], [-72.24048, 43.87825], [-72.24035, 43.87821], [-72.24031, 43.8782], [-72.24019, 43.87816], [-72.24011, 43.87814], [-72.24008, 43.87813], [-72.23998, 43.8781], [-72.23997, 43.87809], [-72.23985, 43.87805], [-72.23984, 43.87805], [-72.23974, 43.878], [-72.23964, 43.87796], [-72.23962, 43.87795], [-72.23959, 43.87794], [-72.23948, 43.87787], [-72.23946, 43.87786], [-72.23935, 43.87779], [-72.23933, 43.87777], [-72.23923, 43.8777], [-72.23911, 43.87761], [-72.23907, 43.87732]]]}}, {"type": "Feature", "properties": {}, "geometry": {"type": "Polygon", "coordinates": [[[-72.24198, 43.87831], [-72.24213, 43.8783], [-72.24227, 43.87825], [-72.24232, 43.87827], [-72.2424, 43.87833], [-72.24246, 43.87838], [-72.2425, 43.87843], [-72.24273, 43.8786], [-72.24281, 43.8787], [-72.24285, 43.8788], [-72.24287, 43.87891], [-72.24285, 43.87901], [-72.24285, 43.87906], [-72.24284, 43.87907], [-72.24282, 43.8792], [-72.2428, 43.87945], [-72.2427, 43.87951], [-72.24263, 43.87957], [-72.24261, 43.8796], [-72.24258, 43.87958], [-72.24255, 43.87957], [-72.24253, 43.87954], [-72.24251, 43.87952], [-72.2425, 43.8795], [-72.24248, 43.87947], [-72.24247, 43.87945], [-72.24247, 43.87942], [-72.24246, 43.87939], [-72.24246, 43.87936], [-72.24246, 43.87933], [-72.24248, 43.87922], [-72.24249, 43.87915], [-72.24249, 43.87914], [-72.2425, 43.87905], [-72.24252, 43.87896], [-72.24252, 43.8789], [-72.24252, 43.87886], [-72.24249, 43.8788], [-72.24248, 43.87878], [-72.24246, 43.87876], [-72.24243, 43.87873], [-72.24242, 43.87873], [-72.24237, 43.87868], [-72.24233, 43.87865], [-72.24231, 43.87864], [-72.24227, 43.8786], [-72.24225, 43.87859], [-72.2422, 43.87855], [-72.24215, 43.8785], [-72.24212, 43.87847], [-72.24207, 43.87845], [-72.24198, 43.8784], [-72.24196, 43.87838], [-72.24193, 43.87837], [-72.24191, 43.87834], [-72.24189, 43.87832], [-72.24187, 43.8783], [-72.24198, 43.87831]]]}}, {"type": "Feature", "properties": {}, "geometry": {"type": "Polygon", "coordinates": [[[-72.31955, 43.83332], [-72.31955, 43.83326], [-72.31946, 43.83319], [-72.31943, 43.83316], [-72.31939, 43.83316], [-72.31933, 43.83306], [-72.31939, 43.83307], [-72.31942, 43.83314], [-72.31948, 43.83312], [-72.31953, 43.83315], [-72.3196, 43.83315], [-72.31972, 43.83319], [-72.31991, 43.83323], [-72.31999, 43.83326], [-72.31992, 43.8334], [-72.31991, 43.83345], [-72.31983, 43.83344], [-72.31979, 43.83344], [-72.31968, 43.83341], [-72.31962, 43.8334], [-72.3196, 43.83339], [-72.31949, 43.83336], [-72.31955, 43.83332]]]}}, {"type": "Feature", "properties": {}, "geometry": {"type": "MultiPolygon", "coordinates": [[[[-72.31246, 43.83914], [-72.31243, 43.83908], [-72.31234, 43.83906], [-72.3123, 43.83903], [-72.31224, 43.83894], [-72.31221, 43.83892], [-72.31218, 43.83889], [-72.31212, 43.83883], [-72.3121, 43.8388], [-72.3121, 43.83878], [-72.31211, 43.83878], [-72.31215, 43.83879], [-72.31218, 43.83879], [-72.31222, 43.8388], [-72.31225, 43.83881], [-72.31229, 43.83882], [-72.31232, 43.83883], [-72.31235, 43.83885], [-72.31238, 43.83887], [-72.3124, 43.83889], [-72.31242, 43.83891], [-72.31244, 43.83893], [-72.31245, 43.83896], [-72.31247, 43.83898], [-72.31253, 43.83915], [-72.31251, 43.83914], [-72.31246, 43.83914]]], [[[-72.31282, 43.84154], [-72.31276, 43.84123], [-72.31275, 43.84107], [-72.31275, 43.84102], [-72.31273, 43.84095], [-72.31273, 43.84088], [-72.31275, 43.84078], [-72.3127, 43.8407], [-72.31267, 43.84067], [-72.31265, 43.84061], [-72.31262, 43.84054], [-72.3126, 43.84048], [-72.31257, 43.84042], [-72.31254, 43.84037], [-72.31253, 43.84029], [-72.31249, 43.84023], [-72.31248, 43.84019], [-72.31246, 43.84015], [-72.31244, 43.84007], [-72.31243, 43.84003], [-72.31237, 43.83977], [-72.31237, 43.83967], [-72.31236, 43.83963], [-72.31233, 43.83959], [-72.31231, 43.8395], [-72.3123, 43.83947], [-72.3123, 43.83941], [-72.3123, 43.83935], [-72.3123, 43.83934], [-72.31228, 43.83929], [-72.31225, 43.83923], [-72.31224, 43.83916], [-72.31221, 43.83913], [-72.31223, 43.83908], [-72.31227, 43.83908], [-72.31231, 43.8391], [-72.31237, 43.83915], [-72.31241, 43.83916], [-72.31243, 43.83921], [-72.31245, 43.83923], [-72.31247, 43.83927], [-72.31252, 43.83928], [-72.31252, 43.83942], [-72.31256, 43.83959], [-72.31264, 43.8397], [-72.31271, 43.83975], [-72.31271, 43.83977], [-72.31277, 43.84], [-72.31279, 43.84008], [-72.31282, 43.84016], [-72.31292, 43.84041], [-72.31296, 43.84052], [-72.31297, 43.84054], [-72.313, 43.84066], [-72.31301, 43.84069], [-72.31303, 43.84081], [-72.31303, 43.84082], [-72.31305, 43.84094], [-72.31306, 43.84105], [-72.31316, 43.84153], [-72.31316, 43.84156], [-72.31316, 43.84159], [-72.31316, 43.84161], [-72.31315, 43.84164], [-72.31314, 43.84167], [-72.31313, 43.84169], [-72.31311, 43.84171], [-72.3131, 43.84172], [-72.31306, 43.84167], [-72.31294, 43.84159], [-72.31282, 43.84154]]], [[[-72.31254, 43.8392], [-72.31255, 43.83923], [-72.31253, 43.83926], [-72.31253, 43.83922], [-72.31254, 43.8392]]]]}}]}